編號,屋齡,建物移轉面積平方公尺,主要用途,主要建材,建築完成日期,總層數,建物分層
RPTPMLTLLHMFFCA58CA,17,76.80,住家用,鋼筋混凝土造,87年5月6日,九層,五層
RPTPMLTLLHMFFCA58CA,17,13.91,共有部分,鋼筋混凝土造,87年5月6日,十層,
RPTPMLTLLHMFFCA58CA,17,26.57,共有部分,鋼筋混凝土造,87年5月6日,十層,
RPSPMLTLLHMFFCA48CA,17,82.98,住家用,鋼筋混凝土造,87年5月6日,八層,五層
RPSPMLTLLHMFFCA48CA,17,15.05,共有部分,鋼筋混凝土造,87年5月6日,十層,
RPSPMLTLLHMFFCA48CA,17,28.74,共有部分,鋼筋混凝土造,87年5月6日,十層,
RPPNMLLLLHMFFFA47CA,,18.57,見使用執照,鋼筋混凝土造,,十三層,停車場 見使用執照
RPPNMLLLLHMFFFA47CA,28,1.13,共有部分,鋼筋混凝土造,77年5月11日,十三層,
RPROMLRKLHMFFFA28CA,27,155.83,住家用,鋼筋混凝土造,78年2月21日,二十五層,十八層
RPROMLRKLHMFFFA28CA,27,33.69,共有部分,鋼筋混凝土造,78年2月21日,二十五層,
RPROMLRKLHMFFFA28CA,27,32.13,見使用執照,鋼筋混凝土造,78年2月21日,二十五層,地下三層
RPROMLRKLHMFFFA28CA,27,.96,共有部分,鋼筋混凝土造,78年2月21日,二十五層,
RPXQMLPLJILFFCA48CA,,40.40,住家用,鋼筋混凝土造,105年2月26日,六層,四層
RPXQMLPLJILFFCA48CA,,7.32,見其他登記事項,鋼筋混凝土造,105年2月26日,六層,
RPXQMLPLJILFFCA48CA,,29.11,見其他登記事項,鋼筋混凝土造,105年2月26日,六層,
RPRRMLPLJILFFCA97CA,,61.13,住家用,鋼筋混凝土造,105年2月26日,六層,五層
RPRRMLPLJILFFCA97CA,,7.32,見其他登記事項,鋼筋混凝土造,105年2月26日,六層,
RPRRMLPLJILFFCA97CA,,44.08,見其他登記事項,鋼筋混凝土造,105年2月26日,六層,
RPVQMLPLJILFFCA28CA,,40.40,住家用,鋼筋混凝土造,105年2月26日,六層,四層
RPVQMLPLJILFFCA28CA,,7.32,見其他登記事項,鋼筋混凝土造,105年2月26日,六層,
RPVQMLPLJILFFCA28CA,,29.11,見其他登記事項,鋼筋混凝土造,105年2月26日,六層,
RPQNMLNJJHMFFEA27CA,,381.75,住家用,見其他登記事項,105年9月20日,三十八層,二十九層
RPQNMLNJJHMFFEA27CA,,78.97,見其他登記事項,見其他登記事項,105年9月20日,三十八層,
RPQNMLNJJHMFFEA27CA,,85.80,見其他登記事項,見其他登記事項,105年9月20日,三十八層,
RPQNMLNJJHMFFEA27CA,,8.02,見其他登記事項,見其他登記事項,105年9月20日,三十八層,
RPQNMLNJJHMFFEA27CA,,14.94,見其他登記事項,見其他登記事項,105年9月20日,三十八層,
RPQNMLNJJHMFFEA27CA,,129.18,見其他登記事項,見其他登記事項,105年9月20日,三十八層,
RPTNMLNJJHMFFEA57CA,,383.42,住家用,見其他登記事項,105年9月20日,三十八層,二十九層
RPTNMLNJJHMFFEA57CA,,78.97,見其他登記事項,見其他登記事項,105年9月20日,三十八層,
RPTNMLNJJHMFFEA57CA,,86.41,見其他登記事項,見其他登記事項,105年9月20日,三十八層,
RPTNMLNJJHMFFEA57CA,,8.02,見其他登記事項,見其他登記事項,105年9月20日,三十八層,
RPTNMLNJJHMFFEA57CA,,14.94,見其他登記事項,見其他登記事項,105年9月20日,三十八層,
RPTNMLNJJHMFFEA57CA,,129.18,見其他登記事項,見其他登記事項,105年9月20日,三十八層,
RPSNMLLLLHMFFCA47CA,4,398.13,住家用,鋼骨鋼筋混凝土造,102年1月2日,十六層,十五層
RPSNMLLLLHMFFCA47CA,4,12.80,見其他登記事項,鋼骨鋼筋混凝土造,102年1月2日,十六層,
RPSNMLLLLHMFFCA47CA,4,79.70,見其他登記事項,鋼骨鋼筋混凝土造,102年1月2日,十六層,
RPSNMLLLLHMFFCA47CA,4,120.17,見其他登記事項,鋼骨鋼筋混凝土造,102年1月2日,十六層,
RPSNMLLLLHMFFCA47CA,4,35.95,見其他登記事項,鋼骨鋼筋混凝土造,102年1月2日,十六層,
RPSNMLLLLHMFFCA47CA,4,228.71,見其他登記事項,鋼骨鋼筋混凝土造,102年1月2日,十六層,
RPXOMLQJJHMFFEA38CA,,655.60,住家用,見其他登記事項,105年9月20日,三十八層,三十七層 三十八層
RPXOMLQJJHMFFEA38CA,,129.53,見其他登記事項,見其他登記事項,105年9月20日,三十八層,
RPXOMLQJJHMFFEA38CA,,142.79,見其他登記事項,見其他登記事項,105年9月20日,三十八層,
RPXOMLQJJHMFFEA38CA,,14.56,見其他登記事項,見其他登記事項,105年9月20日,三十八層,
RPXOMLQJJHMFFEA38CA,,27.21,見其他登記事項,見其他登記事項,105年9月20日,三十八層,
RPXOMLQJJHMFFEA38CA,,169.57,見其他登記事項,見其他登記事項,105年9月20日,三十八層,
RPSNMLRKLHMFFFA28CA,7,177.97,住家用,鋼骨鋼筋混凝土造,98年9月10日,十三層,十二層
RPSNMLRKLHMFFFA28CA,7,66.49,共有部分,鋼骨鋼筋混凝土造,98年9月10日,十三層,
RPSNMLRKLHMFFFA28CA,7,14.19,共有部分,鋼骨鋼筋混凝土造,98年9月10日,十三層,
RPSNMLRKLHMFFFA28CA,7,109.80,停車空間,鋼骨鋼筋混凝土造,98年9月10日,十三層,地下二層
RPSNMLRKLHMFFFA28CA,7,32.78,共有部分,鋼骨鋼筋混凝土造,98年9月10日,十三層,
RPPNMLLMKILFFFA57DA,35,51.26,見使用執照,鋼筋混凝土造,70年12月31日,十二層,五層
RPPNMLLMKILFFFA57DA,35,18.34,共有部分,鋼筋混凝土造,70年12月31日,十二層,
RPVNMLKKJHMFFFA77DA,38,95.93,住家用,鋼筋混凝土造,67年10月17日,五層,五層
RPQNMLLLLHMFFFA67DA,34,152.52,住家用,鋼筋混凝土造,71年9月30日,七層,五層
RPQNMLLLLHMFFFA67DA,34,17.17,共有部分,鋼筋混凝土造,71年9月30日,七層,
RPUPMLQJLHMFFCA18CA,1,299.56,住家用,鋼筋混凝土造,104年12月25日,十一層,十層
RPUPMLQJLHMFFCA18CA,1,163.72,見其他登記事項,鋼筋混凝土造,104年12月25日,十一層,
RPUPMLQJLHMFFCA18CA,1,45.88,見其他登記事項,鋼筋混凝土造,104年12月25日,十一層,
RPPOMLRLLHMFFDA97CA,4,14.43,見其他登記事項,見其他登記事項,101年9月3日,十五層,一層
RPPOMLRLLHMFFDA97CA,4,4.71,見其他登記事項,見其他登記事項,101年9月3日,十五層,
RPPOMLRLLHMFFDA97CA,4,7.53,見其他登記事項,見其他登記事項,101年9月3日,十五層,一層
RPPOMLRLLHMFFDA97CA,4,2.47,見其他登記事項,見其他登記事項,101年9月3日,十五層,
RPPOMLRLLHMFFDA97CA,4,31.66,見其他登記事項,見其他登記事項,101年9月3日,十五層,
RPPOMLRLLHMFFDA97CA,4,581.77,住家用,見其他登記事項,101年9月3日,十五層,三層
RPPOMLRLLHMFFDA97CA,4,189.19,見其他登記事項,見其他登記事項,101年9月3日,十五層,
RPPOMLRLLHMFFDA97CA,4,261.93,見其他登記事項,見其他登記事項,101年9月3日,十五層,
RPPOMLRLLHMFFDA97CA,4,94.13,見其他登記事項,見其他登記事項,101年9月3日,十五層,
RPPOMLRLLHMFFDA97CA,4,581.77,住家用,見其他登記事項,101年9月3日,十五層,三層
RPPOMLRLLHMFFDA97CA,4,189.19,見其他登記事項,見其他登記事項,101年9月3日,十五層,
RPPOMLRLLHMFFDA97CA,4,261.93,見其他登記事項,見其他登記事項,101年9月3日,十五層,
RPPOMLRLLHMFFDA97CA,4,94.13,見其他登記事項,見其他登記事項,101年9月3日,十五層,
RPVNMLRKLHMFFFA58CA,32,11.62,住家用,鋼筋混凝土造,74年1月25日,五層,一層
RPVNMLRKLHMFFFA58CA,32,9.07,共有部分,鋼筋混凝土造,74年1月25日,五層,
RPTNMLLLLHMFFBA57DA,38,9.41,商業用,鋼筋混凝土造,68年2月6日,九層,五層
RPTNMLLLLHMFFBA57DA,38,1.69,共有部分,鋼筋混凝土造,68年2月6日,九層,
RPTNMLLLLHMFFBA57DA,38,.66,共有部分,鋼筋混凝土造,68年2月6日,九層,
RPUNMLNLLHMFFDA97CA,43,77.52,住家用,鋼筋混凝土造,63年1月22日,四層,三層 陽台
RPRPMLKLLHMFFDA57CA,33,39.49,見使用執照,鋼筋混凝土造,73年2月17日,十四層,地下一層
RPRPMLKLLHMFFDA57CA,33,1.67,共有部分,鋼筋混凝土造,73年2月17日,十四層,
RPXNMLLLLHMFFDA08CA,6,.17,見其他登記事項,鋼骨鋼筋混凝土造,99年8月31日,十五層,一層
RPXNMLLLLHMFFDA08CA,6,.03,見其他登記事項,鋼骨鋼筋混凝土造,99年8月31日,十五層,
RPXNMLLLLHMFFDA08CA,6,4.57,見其他登記事項,鋼骨鋼筋混凝土造,99年8月31日,十五層,
RPPOMLMLLHMFFCA37CA,23,33.58,見使用執照,鋼筋混凝土造,82年7月29日,十層,地下二層
RPPOMLMLLHMFFCA37CA,23,4.76,共有部分,鋼筋混凝土造,82年7月29日,十層,
RPPOMLMLLHMFFCA37CA,23,51.29,住家用,鋼筋混凝土造,82年7月29日,八層,八層
RPPOMLMLLHMFFCA37CA,23,17.20,共有部分,鋼筋混凝土造,82年7月29日,十層,
RPUOMLLLLHMFFAA57CA,,65.59,,鋼筋混凝土造,,四層,一層 平台
RPQNMLNLLHMFFEA67CA,1,32.74,見其他登記事項,鋼筋混凝土造,104年8月28日,十九層,九層
RPQNMLNLLHMFFEA67CA,1,36.91,見其他登記事項,鋼筋混凝土造,104年8月28日,十九層,
RPQNMLNLLHMFFEA67CA,1,16.55,見其他登記事項,鋼筋混凝土造,104年8月28日,十九層,
RPPNMLSKKHMFFFA97CA,,188.17,住家用,見其他登記事項,105年1月11日,二十三層,十六層
RPPNMLSKKHMFFFA97CA,,.74,見其他登記事項,見其他登記事項,105年1月11日,二十三層,
RPPNMLSKKHMFFFA97CA,,132.77,見其他登記事項,見其他登記事項,105年1月11日,二十三層,
RPQNMLSKKHMFFFA08CA,42,57.69,住家用,鋼筋混凝土造,63年9月4日,四層,一層
RPTNMLSKKHMFFFA38CA,4,.15,見其他登記事項,鋼筋混凝土造,101年11月13日,十三層,一層
RPTNMLSKKHMFFFA38CA,4,.02,見其他登記事項,鋼筋混凝土造,101年11月13日,十三層,
RPTNMLSKKHMFFFA38CA,4,.05,見其他登記事項,鋼筋混凝土造,101年11月13日,十三層,
RPTNMLSKKHMFFFA38CA,4,126.57,見其他登記事項,鋼筋混凝土造,101年11月13日,十三層,
RPTNMLSKKHMFFFA38CA,4,283.26,住家用,鋼筋混凝土造,101年11月13日,十三層,十二層
RPTNMLSKKHMFFFA38CA,4,49.75,見其他登記事項,鋼筋混凝土造,101年11月13日,十三層,
RPTNMLSKKHMFFFA38CA,4,88.40,見其他登記事項,鋼筋混凝土造,101年11月13日,十三層,
RPPOMLPKKHMFFFA77CA,,135.08,住家用,鋼筋混凝土造,,七層,五層 陽台
RPPNMLQKKHMFFFA77CA,,88.95,住家用,鋼筋混凝土造,,四層,三層
RPRNMLTKKHMFFAA87DA,24,.31,共有部分,鋼筋混凝土造,82年7月2日,五層,
RPRNMLTKKHMFFAA87DA,24,29.76,見使用執照,鋼筋混凝土造,82年7月2日,五層,地下二層
RPORMLRKKHMFFCA97DA,8,107.37,住家用,鋼筋混凝土造,97年11月19日,十三層,八層
RPORMLRKKHMFFCA97DA,8,45.13,共有部分,鋼筋混凝土造,97年11月19日,十三層,
RPORMLRKKHMFFCA97DA,8,27.93,停車空間,鋼筋混凝土造,97年11月19日,十三層,地下三層
RPORMLRKKHMFFCA97DA,8,47.93,共有部分,鋼筋混凝土造,97年11月19日,十三層,
RPSNMLLLKHMFFBA37DA,15,.35,見使用執照,鋼筋混凝土造,90年8月16日,十四層,一層
RPSNMLLLKHMFFBA37DA,15,8.53,共有部分,鋼筋混凝土造,90年8月16日,十四層,
RPSNMLLLKHMFFBA37DA,15,1.65,共有部分,鋼筋混凝土造,90年8月16日,十四層,
RPXNMLMJLHMFFBA87DA,13,134.14,住家用,鋼筋混凝土造,92年11月7日,十四層,五層
RPXNMLMJLHMFFBA87DA,13,36.29,共有部分,鋼筋混凝土造,92年11月7日,十四層,
RPXNMLMJLHMFFBA87DA,13,6.03,共有部分,鋼筋混凝土造,92年11月7日,十四層,
RPXNMLMJLHMFFBA87DA,13,57.67,共有部分,鋼筋混凝土造,92年11月7日,十四層,
RPPNMLSJLHMFFAA57DA,49,52.46,住家用,加強磚造,56年11月27日,二層,一層 二層
RPRNMLKLKHMFFCA27DA,8,29.25,商業用,鋼筋混凝土造,98年6月22日,十四層,八層
RPRNMLKLKHMFFCA27DA,8,5.89,共有部分,鋼筋混凝土造,98年6月22日,十四層,
RPRNMLKLKHMFFCA27DA,8,2.90,共有部分,鋼筋混凝土造,98年6月22日,十四層,
RPRNMLKLKHMFFCA27DA,8,7.47,共有部分,鋼筋混凝土造,98年6月22日,十四層,
RPRNMLKLKHMFFCA27DA,8,5.30,共有部分,鋼筋混凝土造,98年6月22日,十四層,
RPTOMLKLKHMFFCA57DA,33,98.04,住家用,鋼筋混凝土造,72年9月2日,五層,四層
RPSQMLNLKHMFFCA97DA,6,202.44,住家用,見其他登記事項,100年6月16日,十四層,十一層
RPSQMLNLKHMFFCA97DA,6,33.99,見其他登記事項,見其他登記事項,100年6月16日,十四層,
RPSQMLNLKHMFFCA97DA,6,4.57,見其他登記事項,見其他登記事項,100年6月16日,十四層,
RPSQMLNLKHMFFCA97DA,6,50.69,見其他登記事項,見其他登記事項,100年6月16日,十四層,
RPSQMLNLKHMFFCA97DA,6,27.94,見其他登記事項,鋼筋混凝土造,100年6月16日,十四層,
RPSQMLNLKHMFFCA97DA,6,62.14,見其他登記事項,見其他登記事項,100年6月16日,十四層,
RPWNMLRKKHMFFEA48CA,14,158.48,住家用,鋼筋混凝土造,92年1月30日,九層,二層
RPWNMLRKKHMFFEA48CA,14,88.00,共有部分,鋼筋混凝土造,92年1月30日,九層,
RPWNMLRKKHMFFEA48CA,14,13.48,共有部分,鋼筋混凝土造,92年1月30日,九層,
RPWNMLRKKHMFFEA48CA,14,40.83,共有部分,鋼筋混凝土造,92年1月30日,九層,
RPSNMLQKKHMFFEA97CA,40,86.37,住家用,鋼筋混凝土造,65年9月21日,四層,四層 陽台
RPOPMLQKKHMFFEA77CA,10,331.80,住家用,鋼筋混凝土造,96年6月25日,五層,三層
RPOPMLQKKHMFFEA77CA,10,102.34,共有部分,鋼筋混凝土造,96年6月25日,五層,
RPOPMLQKKHMFFEA77CA,10,37.95,共有部分,鋼筋混凝土造,96年6月25日,五層,
RPOPMLQKKHMFFEA77CA,10,24.89,共有部分,鋼筋混凝土造,96年6月25日,五層,
RPOPMLQKKHMFFEA77CA,10,99.01,共有部分,鋼筋混凝土造,96年6月25日,五層,
RPPNMLOLKHMFFDA47CA,21,41.34,見使用執照,鋼筋混凝土造,84年11月29日,十八層,地下三層
RPPNMLOLKHMFFDA47CA,21,9.90,共有部分,鋼筋混凝土造,84年11月29日,十八層,
RPPNMLOLKHMFFDA47CA,21,2.94,共有部分,鋼筋混凝土造,84年11月29日,十八層,
RPPNMLOLKHMFFDA47CA,21,.34,共有部分,鋼筋混凝土造,84年11月29日,十八層,
RPPNMLOLKHMFFDA47CA,21,122.27,住家用,鋼筋混凝土造,84年11月29日,十八層,十八層 電梯樓梯間
RPVNMLNJLHMFFDA87CA,,93.26,見其他登記事項,鋼筋混凝土造,,七層,二層
RPVNMLNJLHMFFDA87CA,,13.87,共有部分,鋼筋混凝土造,,七層,
RPPNMLKLKHMFFEA17CA,48,30.48,住家用,加強磚造,58年6月16日,四層,二層
RPSNMLKLKHMFFEA47CA,38,125.87,住家用,鋼筋混凝土造,67年10月17日,五層,一層
RPSNMLKLKHMFFEA47CA,38,125.87,住家用,鋼筋混凝土造,67年10月17日,五層,四層
RPSNMLKLKHMFFEA47CA,38,30.91,見使用執照,鋼筋混凝土造,67年10月17日,五層,地下層
RPROMLLLKHMFFEA57CA,14,182.25,住家用,鋼骨鋼筋混凝土造,91年8月21日,十四層,四層
RPROMLLLKHMFFEA57CA,14,29.48,共有部分,鋼骨鋼筋混凝土造,91年8月21日,十四層,
RPROMLLLKHMFFEA57CA,14,10.03,共有部分,鋼骨鋼筋混凝土造,91年8月21日,十四層,
RPROMLLLKHMFFEA57CA,14,80.62,共有部分,鋼骨鋼筋混凝土造,91年8月21日,十四層,
RPVOMLNLKHMFFEA18CA,32,39.21,住家用,鋼筋混凝土造,73年9月26日,五層,二層
RPVOMLNLKHMFFEA18CA,32,.70,共有部分,鋼筋混凝土造,73年9月26日,五層,
RPVOMLNLKHMFFEA18CA,32,.44,共有部分,鋼筋混凝土造,73年9月26日,五層,
RPUOMLQJLHMFFEA28CA,39,135.07,住家用,鋼筋混凝土造,66年8月4日,七層,五層
RPRNMLRKKHMFFBA67CA,47,75.78,住家用,加強磚造,59年1月30日,四層,四層
RPTNMLRKKHMFFBA87CA,10,50.44,住家用,鋼筋混凝土造,95年8月15日,九層,八層
RPTNMLRKKHMFFBA87CA,10,11.08,共有部分,鋼筋混凝土造,95年8月15日,九層,
RPTNMLRKKHMFFBA87CA,10,22.72,共有部分,鋼筋混凝土造,95年8月15日,九層,
RPTNMLRKKHMFFBA87CA,10,20.20,共有部分,鋼筋混凝土造,95年8月15日,九層,
RPTNMLRKKHMFFBA87CA,10,5.82,共有部分,鋼筋混凝土造,95年8月15日,九層,
RPTNMLRKKHMFFBA87CA,10,3.51,共有部分,鋼筋混凝土造,95年8月15日,九層,
RPRNMLMLKHMFFBA27CA,,58.46,住家用,鋼筋混凝土造,,十層,九層
RPRNMLMLKHMFFBA27CA,,17.34,共有部分,鋼筋混凝土造,,十層,
RPPPMLPKKHMFFAA37CA,16,23.42,住家用,鋼筋混凝土造,89年6月26日,十層,九層
RPPPMLPKKHMFFAA37CA,16,4.47,共有部分,鋼筋混凝土造,89年6月26日,十層,
RPPPMLPKKHMFFAA37CA,16,.46,共有部分,鋼筋混凝土造,89年6月26日,十層,
RPPNMLQKKHMFFAA27CA,2,115.80,住家用,鋼筋混凝土造,104年3月18日,八層,七層
RPPNMLQKKHMFFAA27CA,2,57.56,見其他登記事項,鋼筋混凝土造,104年3月18日,八層,
RPPNMLQKKHMFFAA27CA,2,89.67,見其他登記事項,鋼筋混凝土造,104年3月18日,八層,
RPQNMLQKKHMFFAA37CA,9,38.65,住家用,鋼筋混凝土造,96年10月23日,五層,三層
RPQNMLQKKHMFFAA37CA,9,11.01,共有部分,鋼筋混凝土造,96年10月23日,五層,
RPQNMLQKKHMFFAA37CA,9,21.85,共有部分,鋼筋混凝土造,96年10月23日,五層,
RPWNMLQKKHMFFAA97CA,9,149.61,住家用,鋼骨鋼筋混凝土造,96年10月31日,二十一層,十三層
RPWNMLQKKHMFFAA97CA,9,24.35,共有部分,鋼骨鋼筋混凝土造,96年10月31日,二十一層,
RPWNMLQKKHMFFAA97CA,9,11.08,共有部分,鋼骨鋼筋混凝土造,96年10月31日,二十一層,
RPWNMLQKKHMFFAA97CA,9,22.52,共有部分,鋼骨鋼筋混凝土造,96年10月31日,二十一層,
RPWNMLQKKHMFFAA97CA,9,39.36,共有部分,鋼骨鋼筋混凝土造,96年10月31日,二十一層,
RPPOMLQKKHMFFAA37CA,18,70.20,商業用,鋼筋混凝土造,87年10月6日,十三層,六層
RPPOMLQKKHMFFAA37CA,18,40.93,共有部分,鋼筋混凝土造,87年10月6日,十三層,
RPPOMLQKKHMFFAA37CA,18,12.36,共有部分,鋼筋混凝土造,87年10月6日,十三層,
RPPOMLQKKHMFFAA37CA,18,5.88,共有部分,鋼筋混凝土造,87年10月6日,十三層,
RPSPMLQKKHMFFAA77CA,2,2.45,見其他登記事項,鋼筋混凝土造,103年6月9日,二十六層,二層
RPSPMLQKKHMFFAA77CA,2,1.00,見其他登記事項,鋼筋混凝土造,103年6月9日,二十六層,
RPSPMLQKKHMFFAA77CA,2,128.61,住家用,鋼筋混凝土造,103年6月9日,二十六層,九層
RPSPMLQKKHMFFAA77CA,2,52.74,見其他登記事項,鋼筋混凝土造,103年6月9日,二十六層,
RPSPMLQKKHMFFAA77CA,2,43.81,見其他登記事項,鋼筋混凝土造,103年6月9日,二十六層,
RPWNMLNJLHMFFAA67CA,30,3.26,見使用執照,鋼筋混凝土造,75年10月24日,九層,防空避難室
RPWNMLNJLHMFFAA67CA,30,10.59,共有部分,鋼筋混凝土造,75年10月24日,九層,
RPWNMLNJLHMFFAA67CA,30,135.97,商業用,鋼筋混凝土造,75年10月24日,九層,六層
RPOOMLKLLHMFFAA86CA,3,102.34,住家用,鋼筋混凝土造,103年5月13日,十一層,六層
RPOOMLKLLHMFFAA86CA,3,36.12,見其他登記事項,鋼筋混凝土造,103年5月13日,十一層,
RPOOMLKLLHMFFAA86CA,3,20.17,見其他登記事項,鋼筋混凝土造,103年5月13日,十一層,
RPOOMLKLLHMFFAA86CA,3,21.44,見其他登記事項,鋼筋混凝土造,103年5月13日,十一層,
RPTOMLSKKHMFFDA28CA,5,75.97,住家用,鋼筋混凝土造,101年3月14日,十一層,五層
RPTOMLSKKHMFFDA28CA,5,22.69,見其他登記事項,鋼筋混凝土造,101年3月14日,十一層,
RPSPMLPKKHMFFDA97CA,28,105.07,見其他登記事項,鋼筋混凝土造,78年5月9日,七層,四層
RPSPMLPKKHMFFDA97CA,28,36.88,共有部分,鋼筋混凝土造,78年5月9日,七層,
RPRNMLQKKHMFFDA77CA,29,113.05,住家用,鋼筋混凝土造,76年12月17日,七層,四層
RPRNMLQKKHMFFDA77CA,29,5.46,共有部分,鋼筋混凝土造,76年12月17日,七層,
RPXOMLQKKHMFFDA48CA,44,34.16,住家用,鋼筋混凝土造,61年8月15日,四層,四層 陽台
RPSNMLTKKHMFFDA18CA,24,76.48,商業用,鋼骨混凝土造,82年5月24日,三十層,二十八層
RPSNMLTKKHMFFDA18CA,24,21.60,共有部分,鋼骨混凝土造,82年5月24日,三十層,
RPSNMLTKKHMFFDA18CA,24,79.76,商業用,鋼骨混凝土造,82年5月24日,三十層,二十八層
RPSNMLTKKHMFFDA18CA,24,22.74,共有部分,鋼骨混凝土造,82年5月24日,三十層,
RPSNMLTKKHMFFDA18CA,24,40.33,見使用執照,見使用執照,82年5月24日,三十層,地下二層 地下三層 地下四層
RPSNMLTKKHMFFDA18CA,24,.02,共有部分,鋼骨混凝土造,82年5月24日,三十層,
RPSNMLNJLHMFFCA47CA,36,29.88,住家用,鋼筋混凝土造,70年1月22日,十四層,八層
RPSNMLNJLHMFFCA47CA,36,12.76,共有部分,鋼筋混凝土造,70年1月22日,十四層,
RPWPMLRJLHMFFCA48CA,3,142.62,見其他登記事項,鋼筋混凝土造,102年11月12日,十四層,三層
RPWPMLRJLHMFFCA48CA,3,36.23,見其他登記事項,鋼筋混凝土造,102年11月12日,十四層,
RPWPMLRJLHMFFCA48CA,3,21.26,見其他登記事項,鋼筋混凝土造,102年11月12日,十四層,
RPWPMLRJLHMFFCA48CA,3,.09,見其他登記事項,鋼筋混凝土造,102年11月12日,十四層,一層
RPWPMLRJLHMFFCA48CA,3,33.49,見其他登記事項,鋼筋混凝土造,102年11月12日,十四層,
RPOQMLSJLHMFFCA87CA,1,192.84,住家用,鋼筋混凝土造,105年5月24日,十六層,四層
RPOQMLSJLHMFFCA87CA,1,164.60,見其他登記事項,鋼筋混凝土造,105年5月24日,十六層,
RPVQMLSJLHMFFCA58CA,1,198.34,住家用,鋼筋混凝土造,104年10月15日,十一層,五層
RPVQMLSJLHMFFCA58CA,1,133.24,見其他登記事項,鋼筋混凝土造,104年10月15日,十一層,
RPVQMLSJLHMFFCA58CA,1,.62,見其他登記事項,鋼筋混凝土造,104年10月15日,十一層,一層
RPVQMLSJLHMFFCA58CA,1,.28,見其他登記事項,鋼筋混凝土造,104年10月15日,十一層,
RPVQMLSJLHMFFCA58CA,1,22.10,停車空間,鋼筋混凝土造,104年10月15日,十一層,地下一層 地下二層 地下三層
RPVQMLSJLHMFFCA58CA,1,14.94,見其他登記事項,鋼筋混凝土造,104年10月15日,十一層,
RPQQMLQKKHMFFCA87CA,29,125.97,住家用,鋼筋混凝土造,76年10月19日,五層,二層
RPQQMLQKKHMFFCA87CA,29,12.71,共有部分,鋼筋混凝土造,76年10月19日,五層,
RPOOMLKLKHMFFCA96CA,30,8.22,共有部分,鋼筋混凝土造,75年11月20日,五層,
RPOOMLKLKHMFFCA96CA,30,107.82,住家用,鋼筋混凝土造,75年11月20日,五層,三層
RPOOMLKLKHMFFCA96CA,30,7.73,見使用執照,鋼筋混凝土造,75年11月20日,五層,地下層
RPOOMLKLKHMFFCA96CA,30,2.90,見使用執照,鋼筋混凝土造,75年11月20日,五層,地下層
RPVOMLPKKHMFFCA08CA,8,31.59,住家用,鋼筋混凝土造,97年8月13日,十二層,三層
RPVOMLPKKHMFFCA08CA,8,17.36,共有部分,鋼筋混凝土造,97年8月13日,十二層,
RPVOMLPKKHMFFCA08CA,8,.28,共有部分,鋼筋混凝土造,97年8月13日,十二層,
RPVOMLPKKHMFFCA08CA,8,.37,共有部分,鋼筋混凝土造,97年8月13日,十二層,
RPPNMLQKKHMFFCA47CA,12,88.44,住家用,鋼筋混凝土造,93年12月22日,十四層,八層
RPPNMLQKKHMFFCA47CA,12,2.52,共有部分,鋼筋混凝土造,93年12月22日,十四層,
RPPNMLQKKHMFFCA47CA,12,17.42,共有部分,鋼筋混凝土造,93年12月22日,十四層,
RPPNMLQKKHMFFCA47CA,12,7.98,共有部分,鋼筋混凝土造,93年12月22日,十四層,
RPPNMLQKKHMFFCA47CA,12,37.69,共有部分,鋼筋混凝土造,93年12月22日,十四層,
RPUNMLQKKHMFFCA97CA,38,81.27,住家用,鋼筋混凝土造,68年5月15日,十二層,二層
RPUNMLQKKHMFFCA97CA,38,81.27,住家用,鋼筋混凝土造,68年5月15日,十二層,三層
RPUNMLQKKHMFFCA97CA,38,7.29,共有部分,鋼筋混凝土造,68年5月15日,十二層,
RPUNMLQKKHMFFCA97CA,38,7.29,共有部分,鋼筋混凝土造,68年5月15日,十二層,
RPPPMLRKKHMFFCA77CA,18,89.49,住家用,鋼筋混凝土造,87年9月25日,十四層,十二層
RPPPMLRKKHMFFCA77CA,18,17.01,共有部分,鋼筋混凝土造,87年9月25日,十四層,
RPPPMLRKKHMFFCA77CA,18,12.73,共有部分,鋼筋混凝土造,87年9月25日,十四層,
RPPPMLRKKHMFFCA77CA,18,38.00,共有部分,鋼筋混凝土造,87年9月25日,十四層,
RPVOMLMJLHMFFCA77CA,7,91.06,住家用,鋼筋混凝土造,98年12月25日,七層,一層
RPVOMLMJLHMFFCA77CA,7,94.78,見其他登記事項,鋼筋混凝土造,98年12月25日,七層,
RPSOMLMJLHMFFCA47CA,40,18.59,住家用,鋼筋混凝土造,66年6月25日,七層,六層
RPSOMLMJLHMFFCA47CA,40,3.86,共有部分,鋼筋混凝土造,66年6月25日,七層,
RPVPMLMJLHMFFCA87CA,1,186.56,見其他登記事項,鋼筋混凝土造,104年8月28日,八層,三層
RPVPMLMJLHMFFCA87CA,1,277.91,見其他登記事項,鋼筋混凝土造,104年8月28日,八層,
RPOPMLKLKHMFFDA27DA,32,136.55,住家用,鋼筋混凝土造,73年7月23日,十二層,七層
RPOPMLKLKHMFFDA27DA,32,24.99,共有部分,鋼筋混凝土造,73年7月23日,十二層,
RPOPMLKLKHMFFDA27DA,32,14.87,見使用執照,鋼筋混凝土造,73年7月23日,十二層,地下層
RPOPMLKLKHMFFDA27DA,32,.06,共有部分,鋼筋混凝土造,73年7月23日,十二層,
RPWOMLSKKHMFFDA68DA,25,82.38,見其他登記事項,鋼筋混凝土造,81年4月13日,七層,七層
RPWOMLSKKHMFFDA68DA,25,31.51,共有部分,鋼筋混凝土造,81年4月13日,七層,
RPROMLLLKHMFFDA57DA,19,97.52,見其他登記事項,鋼筋混凝土造,86年7月28日,十三層,五層
RPROMLLLKHMFFDA57DA,19,58.25,共有部分,鋼筋混凝土造,86年7月28日,十三層,
RPPNMLTKKHMFFFA18DA,29,125.04,住家用,鋼筋混凝土造,76年11月5日,十六層,三層
RPPNMLTKKHMFFFA18DA,29,17.93,共有部分,鋼筋混凝土造,76年11月5日,十六層,
RPPNMLTKKHMFFFA18DA,29,18.02,共有部分,鋼筋混凝土造,76年11月5日,十六層,
RPPNMLTKKHMFFFA18DA,29,39.57,見使用執照,鋼筋混凝土造,76年11月5日,十六層,地下三層
RPPNMLTKKHMFFFA18DA,29,.35,共有部分,鋼筋混凝土造,76年11月5日,十六層,
RPVOMLKLKHMFFFA08DA,28,114.27,住家用,鋼筋混凝土造,78年2月21日,二十五層,十三層
RPVOMLKLKHMFFFA08DA,28,23.99,共有部分,鋼筋混凝土造,78年2月21日,二十五層,
RPSTMLTJLHMFFEA98DA,3,55.39,住家用,鋼筋混凝土造,103年1月15日,七層,六層
RPSTMLTJLHMFFEA98DA,3,10.67,見其他登記事項,鋼筋混凝土造,103年1月15日,七層,
RPSTMLTJLHMFFEA98DA,3,58.93,見其他登記事項,鋼筋混凝土造,103年1月15日,七層,
RPPPMLQKKHMFFEA97DA,15,35.80,停車空間,鋼筋混凝土造,90年11月23日,十二層,地下三層
RPPPMLQKKHMFFEA97DA,15,.97,共有部分,鋼筋混凝土造,90年11月23日,十二層,
RPPNMLTKKHMFFEA08DA,30,81.32,住家用,鋼筋混凝土造,76年3月27日,五層,三層
RPPNMLTKKHMFFEA08DA,30,17.82,共有部分,鋼筋混凝土造,76年3月27日,五層,
RPVNMLKLKHMFFEA87DA,44,78.65,住家用,鋼筋混凝土造,61年7月13日,四層,四層
RPXNMLMLKHMFFEA28DA,8,27.50,住家用,鋼筋混凝土造,97年12月26日,十四層,十一層
RPXNMLMLKHMFFEA28DA,8,7.13,共有部分,鋼筋混凝土造,97年12月26日,十四層,
RPXNMLMLKHMFFEA28DA,8,7.34,共有部分,鋼筋混凝土造,97年12月26日,十四層,
RPVNMLMLKHMFFCA77CA,4,14.97,見其他登記事項,鋼筋混凝土造,101年10月11日,十一層,
RPVNMLMLKHMFFCA77CA,4,27.25,住家用,鋼筋混凝土造,101年10月11日,十一層,十層
RPVNMLMLKHMFFCA77CA,4,.39,見其他登記事項,鋼筋混凝土造,101年10月11日,十一層,
RPTOMLMLKHMFFCA67CA,2,276.47,住家用,見其他登記事項,103年10月29日,二十層,八層
RPTOMLMLKHMFFCA67CA,2,237.78,見其他登記事項,見其他登記事項,103年10月29日,二十層,
RPPQMLQKKHMFFCA77CA,24,53.86,住家用,鋼筋混凝土造,82年2月13日,五層,二層
RPPQMLQKKHMFFCA77CA,24,4.91,共有部分,鋼筋混凝土造,82年2月13日,五層,
RPSNMLKLKHMFFCA27CA,19,83.27,住家用,鋼筋混凝土造,87年5月6日,八層,二層
RPSNMLKLKHMFFCA27CA,19,15.05,共有部分,鋼筋混凝土造,87年5月6日,十層,
RPSNMLKLKHMFFCA27CA,19,28.74,共有部分,鋼筋混凝土造,87年5月6日,十層,
RPRQMLQKKHMFFCA97CA,30,111.75,住家用,鋼筋混凝土造,75年11月25日,十八層,十四層
RPRQMLQKKHMFFCA97CA,30,22.09,共有部分,鋼筋混凝土造,75年11月25日,十八層,
RPRQMLQKKHMFFCA97CA,30,8.56,見使用執照,鋼筋混凝土造,75年11月25日,十八層,地下二層
RPPNMLRKKHMFFCA57CA,20,43.33,住家用,鋼筋混凝土造,86年1月16日,八層,四層
RPPNMLRKKHMFFCA57CA,20,6.51,共有部分,鋼筋混凝土造,86年1月16日,八層,
RPPNMLRKKHMFFCA57CA,20,4.54,共有部分,鋼筋混凝土造,86年1月16日,八層,
RPPNMLRKKHMFFCA57CA,20,3.17,共有部分,鋼筋混凝土造,86年1月16日,八層,
RPPNMLKKLHMFFCA96CA,2,277.57,見其他登記事項,見其他登記事項,104年3月10日,十一層,五層
RPPNMLKKLHMFFCA96CA,2,114.24,見其他登記事項,見其他登記事項,104年3月10日,十一層,
RPPNMLKKLHMFFCA96CA,2,17.49,見其他登記事項,見其他登記事項,104年3月10日,十一層,
RPPNMLKKLHMFFCA96CA,2,81.66,見其他登記事項,見其他登記事項,104年3月10日,十一層,
RPTPMLKKLHMFFCA57CA,28,167.51,商業用,鋼筋混凝土造,77年7月16日,十五層,一層
RPTPMLKKLHMFFCA57CA,28,19.33,共有部分,鋼筋混凝土造,77年7月16日,十五層,
RPTPMLKKLHMFFCA57CA,28,14.87,住家用,鋼筋混凝土造,77年7月16日,十五層,二層
RPRQMLQJLHMFFCA97CA,20,27.26,住家用,鋼筋混凝土造,85年10月17日,七層,六層
RPRQMLQJLHMFFCA97CA,20,7.72,共有部分,鋼筋混凝土造,85年10月17日,七層,
RPRQMLQJLHMFFCA97CA,20,14.30,共有部分,鋼筋混凝土造,85年10月17日,七層,
RPRQMLSJLHMFFCA18CA,,17.64,,加強磚造,,二層,一層 二層
RPSQMLSJLHMFFCA28CA,,17.64,,加強磚造,,二層,一層 二層
RPTQMLSJLHMFFCA38CA,,17.64,,加強磚造,,二層,一層 二層
RPVOMLNJLHMFFCA87CA,8,35.91,住家用,鋼筋混凝土造,97年8月13日,十二層,十二層
RPVOMLNJLHMFFCA87CA,8,19.74,共有部分,鋼筋混凝土造,97年8月13日,十二層,
RPVOMLNJLHMFFCA87CA,8,.32,共有部分,鋼筋混凝土造,97年8月13日,十二層,
RPVOMLNJLHMFFCA87CA,8,.42,共有部分,鋼筋混凝土造,97年8月13日,十二層,
RPTNMLKLKHMFFDA47CA,46,72.17,住家用,加強磚造,59年8月26日,三層,三層
RPXNMLKLKHMFFDA87CA,25,105.43,住家用,鋼筋混凝土造,81年1月6日,七層,三層
RPXNMLKLKHMFFDA87CA,25,6.26,共有部分,鋼筋混凝土造,81年1月6日,七層,
RPTOMLKLKHMFFDA57CA,,22.93,住家用,鋼筋混凝土造,,四層,三層 陽台
RPQPMLOKLHMFFCA67CA,25,60.58,住家用,鋼筋混凝土造,81年1月30日,五層,二層
RPQPMLOKLHMFFCA67CA,25,11.94,共有部分,鋼筋混凝土造,81年1月30日,五層,
RPQPMLOKLHMFFCA67CA,25,29.19,住家用,鋼筋混凝土造,81年1月30日,五層,二層
RPQPMLOKLHMFFCA67CA,25,5.91,共有部分,鋼筋混凝土造,81年1月30日,五層,
RPSOMLSKKHMFFDA18CA,44,105.54,住家用,鋼筋混凝土造,61年10月6日,四層,四層
RPSOMLRKKHMFFDA08CA,36,20.36,共有部分,鋼筋混凝土造,70年1月21日,七層,
RPSOMLRKKHMFFDA08CA,36,127.73,住家用,鋼筋混凝土造,70年1月21日,七層,三層
RPQOMLKLLHMFFAA07CA,,55.31,見其他登記事項,鋼筋混凝土造,105年10月21日,十一層,四層
RPQOMLKLLHMFFAA07CA,,37.17,見其他登記事項,鋼筋混凝土造,105年10月21日,十一層,
RPQOMLKLLHMFFAA07CA,,12.81,見其他登記事項,鋼筋混凝土造,105年10月21日,十一層,
RPROMLQJLHMFFAA57CA,,30.23,商業用,鋼筋混凝土造,,五層,一層 二層 騎樓
RPTOMLMJLHMFFAA37CA,1,131.93,見其他登記事項,鋼骨鋼筋混凝土造,105年1月26日,十九層,五層
RPTOMLMJLHMFFAA37CA,1,26.33,見其他登記事項,鋼骨鋼筋混凝土造,105年1月26日,十九層,
RPTOMLMJLHMFFAA37CA,1,17.60,見其他登記事項,鋼骨鋼筋混凝土造,105年1月26日,十九層,
RPTOMLMJLHMFFAA37CA,1,34.43,見其他登記事項,鋼骨鋼筋混凝土造,105年1月26日,十九層,
RPWNMLSJLHMFFAA18CA,44,91.05,住家用,加強磚造,61年8月31日,四層,二層 陽台
RPXNMLSJLHMFFAA28CA,,226.19,住商用,鋼筋混凝土造,,四層,一層 二層 三層 四層
RPRNMLNKLHMFFAA27CA,23,18.67,見使用執照,鋼筋混凝土造,82年12月21日,八層,五層
RPRNMLNKLHMFFAA27CA,23,4.77,共有部分,鋼筋混凝土造,82年12月21日,八層,
RPRNMLNKLHMFFAA27CA,23,6.21,見使用執照,鋼筋混凝土造,82年12月21日,八層,
RPUPMLQKKHMFFAA97CA,24,319.55,住家用,鋼筋混凝土造,81年7月10日,四層,一層 二層 三層 四層
RPUPMLQKKHMFFAA97CA,24,22.66,共有部分,鋼筋混凝土造,81年7月10日,五層,
RPSNMLRKKHMFFAA67CA,45,101.02,住家用,鋼筋混凝土造,61年1月20日,四層,四層 陽台
RPSNMLLJLHMFFAA07CA,33,104.83,商業用,鋼筋混凝土造,73年6月2日,五層,一層
RPTNMLMLKHMFFBA47CA,11,55.21,共有部分,鋼骨鋼筋混凝土造,94年8月25日,十九層,
RPTNMLMLKHMFFBA47CA,11,167.90,住家用,鋼骨鋼筋混凝土造,94年8月25日,十九層,十八層
RPTNMLMLKHMFFBA47CA,11,19.05,共有部分,鋼骨鋼筋混凝土造,94年8月25日,十九層,
RPTNMLMLKHMFFBA47CA,11,42.86,停車空間,鋼骨鋼筋混凝土造,94年8月25日,十九層,地下四層
RPTNMLMLKHMFFBA47CA,11,9.05,共有部分,鋼骨鋼筋混凝土造,94年8月25日,十九層,
RPTNMLMLKHMFFBA47CA,11,4.86,共有部分,鋼骨鋼筋混凝土造,94年8月25日,十九層,
RPTNMLMLKHMFFBA47CA,11,66.62,共有部分,鋼骨鋼筋混凝土造,94年8月25日,十九層,
RPPOMLMLKHMFFBA17CA,,61.20,住家用,加強磚造,,三層,一層 騎樓
RPVOMLMLKHMFFBA77CA,41,21.10,商業用,鋼筋混凝土造,64年7月30日,十一層,十層
RPVOMLMLKHMFFBA77CA,41,5.60,共有部分,鋼筋混凝土造,64年7月30日,十一層,
RPVOMLMLKHMFFBA77CA,41,2.23,共有部分,鋼筋混凝土造,64年7月30日,十一層,
RPTOMLNLKHMFFBA67CA,,92.56,,加強磚造,,二層,一層 二層
RPOOMLRKKHMFFBA47CA,36,21.01,住家用,鋼筋混凝土造,69年12月23日,十一層,十一層
RPOOMLRKKHMFFBA47CA,36,12.24,共有部分,鋼筋混凝土造,69年12月23日,十一層,
RPPNMLSKKHMFFBA57CA,2,139.64,住家用,鋼骨鋼筋混凝土造,103年11月7日,二十三層,七層
RPPNMLSKKHMFFBA57CA,2,.07,見其他登記事項,鋼骨鋼筋混凝土造,103年11月7日,二十三層,一層
RPPNMLSKKHMFFBA57CA,2,.00,見其他登記事項,鋼骨鋼筋混凝土造,103年11月7日,二十三層,
RPPNMLSKKHMFFBA57CA,2,72.71,見其他登記事項,鋼骨鋼筋混凝土造,103年11月7日,二十三層,
RPPNMLSKKHMFFBA57CA,2,43.06,見其他登記事項,鋼骨鋼筋混凝土造,103年11月7日,二十三層,
RPPNMLSKKHMFFBA57CA,2,21.09,見其他登記事項,鋼骨鋼筋混凝土造,103年11月7日,二十三層,
RPQNMLMLKHMFFBA17CA,47,70.78,住家用,加強磚造,59年2月4日,四層,一層
RPRNMLNJLHMFFBA27CA,,.12,商業用,鋼筋混凝土造,,十二層,一層
RPRNMLNJLHMFFBA27CA,,30.33,住家用,鋼筋混凝土造,,十二層,十二層
RPRNMLNJLHMFFBA27CA,,.05,商業用,鋼筋混凝土造,,十二層,一層
RPRNMLNJLHMFFBA27CA,,.05,商業用,鋼筋混凝土造,,十二層,一層
RPRNMLNJLHMFFBA27CA,,.12,商業用,鋼筋混凝土造,,十二層,一層
RPRNMLNJLHMFFBA27CA,,.05,商業用,鋼筋混凝土造,,十二層,一層
RPRNMLNJLHMFFBA27CA,,.05,商業用,鋼筋混凝土造,,十二層,一層
RPRNMLNJLHMFFBA27CA,37,.04,商業用,鋼筋混凝土造,69年2月5日,十二層,一層
RPRNMLNJLHMFFBA27CA,37,.05,商業用,鋼筋混凝土造,69年2月5日,十二層,一層
RPRNMLNJLHMFFBA27CA,37,.05,商業用,鋼筋混凝土造,69年2月5日,十二層,一層
RPRNMLNJLHMFFBA27CA,37,.05,商業用,鋼筋混凝土造,69年2月5日,十二層,一層
RPRNMLNJLHMFFBA27CA,,.05,商業用,鋼筋混凝土造,,十二層,一層
RPRNMLNJLHMFFBA27CA,,.12,商業用,鋼筋混凝土造,,十二層,一層
RPRNMLNJLHMFFBA27CA,37,.04,商業用,鋼筋混凝土造,69年2月5日,十二層,一層
RPRNMLNJLHMFFBA27CA,37,.12,商業用,鋼筋混凝土造,69年2月5日,十二層,一層
RPRNMLNJLHMFFBA27CA,37,.04,商業用,鋼筋混凝土造,69年2月5日,十二層,一層
RPRNMLNJLHMFFBA27CA,37,.04,商業用,鋼筋混凝土造,69年2月5日,十二層,一層
RPRNMLNJLHMFFBA27CA,37,.04,商業用,鋼筋混凝土造,69年2月5日,十二層,一層
RPRNMLNJLHMFFBA27CA,,.13,商業用,鋼筋混凝土造,,十二層,一層
RPRNMLNJLHMFFBA27CA,37,.04,住商用,鋼筋混凝土造,69年2月5日,十二層,一層
RPRNMLNJLHMFFBA27CA,,.13,商業用,鋼筋混凝土造,,十二層,一層
RPRNMLNJLHMFFBA27CA,37,.04,商業用,鋼筋混凝土造,69年2月5日,十二層,一層
RPRNMLNJLHMFFBA27CA,37,.13,商業用,鋼筋混凝土造,69年2月5日,十二層,一層
RPRNMLNJLHMFFBA27CA,37,.04,商業用,鋼筋混凝土造,69年2月5日,十二層,一層
RPRNMLNJLHMFFBA27CA,37,.04,商業用,鋼筋混凝土造,69年2月5日,十二層,一層
RPRNMLNJLHMFFBA27CA,37,.13,商業用,鋼筋混凝土造,69年2月5日,十二層,一層
RPRNMLNJLHMFFBA27CA,,.04,商業用,鋼筋混凝土造,,十二層,一層
RPRNMLNJLHMFFBA27CA,,.03,商業用,鋼筋混凝土造,,十二層,一層
RPRNMLNJLHMFFBA27CA,37,.12,商業用,鋼筋混凝土造,69年2月5日,十二層,一層
RPRNMLNJLHMFFBA27CA,37,.12,商業用,鋼筋混凝土造,69年2月5日,十二層,一層
RPPNMLQJLHMFFBA37CA,30,123.60,商業用,鋼筋混凝土造,75年8月4日,七層,一層
RPPNMLQJLHMFFBA37CA,30,10.51,共有部分,鋼筋混凝土造,75年8月4日,七層,
RPUNMLNKLHMFFBA67CA,44,100.20,住家用,鋼筋混凝土造,61年7月17日,四層,三層
RPQNMLLJLHMFFEA27CA,36,167.57,住家用,鋼筋混凝土造,70年1月29日,七層,七層
RPQNMLLJLHMFFEA27CA,36,53.76,共有部分,鋼筋混凝土造,70年1月29日,七層,
RPXNMLMJLHMFFEA08CA,33,126.17,住家用,鋼筋混凝土造,73年1月12日,五層,三層
RPTNMLSKKHMFFEA28CA,3,36.13,住家用,鋼筋混凝土造,103年6月18日,七層,四層
RPTNMLSKKHMFFEA28CA,3,20.77,見其他登記事項,鋼筋混凝土造,103年6月18日,七層,
RPTNMLSKKHMFFEA28CA,3,14.81,見其他登記事項,鋼筋混凝土造,103年6月18日,七層,
RPPPMLSKKHMFFEA08CA,34,100.36,住家用,鋼筋混凝土造,71年7月19日,五層,四層
RPPPMLSKKHMFFEA08CA,34,11.20,共有部分,鋼筋混凝土造,71年7月19日,五層,
RPVNMLKKLHMFFDA67CA,,45.95,見其他登記事項,鋼筋混凝土造,105年3月1日,六層,二層
RPVNMLKKLHMFFDA67CA,,56.07,見其他登記事項,鋼筋混凝土造,105年3月1日,六層,
RPXNMLKKLHMFFDA87CA,,48.12,見其他登記事項,鋼筋混凝土造,105年3月1日,六層,二層
RPXNMLKKLHMFFDA87CA,,22.18,見其他登記事項,鋼筋混凝土造,105年3月1日,六層,
RPQOMLKKLHMFFDA27CA,,60.95,見其他登記事項,鋼筋混凝土造,105年3月1日,六層,三層
RPQOMLKKLHMFFDA27CA,,62.98,見其他登記事項,鋼筋混凝土造,105年3月1日,六層,
RPSOMLKKLHMFFDA47CA,,45.95,見其他登記事項,鋼筋混凝土造,105年3月1日,六層,三層
RPSOMLKKLHMFFDA47CA,,56.07,見其他登記事項,鋼筋混凝土造,105年3月1日,六層,
RPUOMLKKLHMFFDA67CA,,58.66,見其他登記事項,鋼筋混凝土造,105年3月1日,六層,三層
RPUOMLKKLHMFFDA67CA,,27.05,見其他登記事項,鋼筋混凝土造,105年3月1日,六層,
RPWOMLKKLHMFFDA87CA,,60.95,見其他登記事項,鋼筋混凝土造,105年3月1日,六層,四層
RPWOMLKKLHMFFDA87CA,,28.10,見其他登記事項,鋼筋混凝土造,105年3月1日,六層,
RPOPMLKKLHMFFDA17CA,,48.12,見其他登記事項,鋼筋混凝土造,105年3月1日,六層,四層
RPOPMLKKLHMFFDA17CA,,22.18,見其他登記事項,鋼筋混凝土造,105年3月1日,六層,
RPQPMLKKLHMFFDA37CA,,42.07,見其他登記事項,鋼筋混凝土造,105年3月1日,六層,五層
RPQPMLKKLHMFFDA37CA,,19.41,見其他登記事項,鋼筋混凝土造,105年3月1日,六層,
RPQNMLLJLHMFFDA17CA,19,70.65,住家用,鋼筋混凝土造,86年9月26日,十二層,十一層
RPQNMLLJLHMFFDA17CA,19,14.74,共有部分,鋼筋混凝土造,86年9月26日,十二層,
RPQNMLLJLHMFFDA17CA,19,37.37,共有部分,鋼筋混凝土造,86年9月26日,十二層,
RPVNMLMJLHMFFDA77CA,19,78.01,見其他登記事項,鋼筋混凝土造,87年5月21日,十九層,十層
RPVNMLMJLHMFFDA77CA,19,50.04,共有部分,鋼筋混凝土造,87年5月21日,十九層,
RPROMLNLKHMFFDA67CA,31,135.97,住家用,鋼筋混凝土造,74年8月17日,七層,二層
RPROMLNLKHMFFDA67CA,31,7.99,共有部分,鋼筋混凝土造,74年8月17日,七層,
RPUPMLNLKHMFFDA08CA,10,130.53,住家用,鋼筋混凝土造,95年12月18日,十四層,十三層
RPUPMLNLKHMFFDA08CA,10,90.68,共有部分,鋼筋混凝土造,95年12月18日,十四層,
RPSPMLOLKHMFFDA97CA,15,2.48,停車空間,鋼筋混凝土造,91年2月8日,十八層,地下二層
RPSPMLOLKHMFFDA97CA,15,.08,共有部分,鋼筋混凝土造,91年2月8日,十八層,
RPSPMLOLKHMFFDA97CA,16,69.65,見其他登記事項,鋼筋混凝土造,90年3月20日,十三層,八層
RPSPMLOLKHMFFDA97CA,16,49.25,共有部分,鋼筋混凝土造,90年3月20日,十三層,
RPPNMLRKKHMFFEA77CA,40,133.60,住家用,鋼筋混凝土造,66年2月16日,四層,四層
RPQNMLRKKHMFFEA87CA,40,89.25,住家用,鋼筋混凝土造,65年12月14日,四層,四層 陽台
RPTNMLRKKHMFFEA18CA,33,131.77,住家用,鋼筋混凝土造,72年8月13日,七層,六層
RPTNMLRKKHMFFEA18CA,33,6.36,共有部分,鋼筋混凝土造,72年8月13日,七層,
RPUNMLRKKHMFFEA28CA,29,89.87,住家用,鋼筋混凝土造,77年7月11日,十五層,九層
RPUNMLRKKHMFFEA28CA,29,17.73,共有部分,鋼筋混凝土造,77年7月11日,十五層,
RPUNMLRKKHMFFEA28CA,29,5.37,見使用執照,鋼筋混凝土造,77年7月11日,十五層,地下層
RPUNMLRKKHMFFEA28CA,29,1.09,共有部分,鋼筋混凝土造,77年7月11日,十五層,
RPUNMLRKKHMFFEA28CA,29,5.33,見使用執照,鋼筋混凝土造,77年7月11日,十五層,地下層
RPUNMLRKKHMFFEA28CA,29,1.09,共有部分,鋼筋混凝土造,77年7月11日,十五層,
RPVOMLQKKHMFFEA38CA,,44.22,住家用,鋼筋混凝土造,105年11月29日,七層,五層
RPVOMLQKKHMFFEA38CA,,26.86,見其他登記事項,鋼筋混凝土造,105年11月29日,七層,
RPXOMLQKKHMFFEA58CA,30,38.07,見使用執照,鋼筋混凝土造,75年10月17日,十二層,地下二層
RPXOMLQKKHMFFEA58CA,30,10.56,共有部分,鋼筋混凝土造,75年10月17日,十二層,
RPXOMLQKKHMFFEA58CA,30,17.35,共有部分,鋼筋混凝土造,75年10月17日,十二層,
RPXOMLQKKHMFFEA58CA,30,135.34,商業用,鋼筋混凝土造,75年10月17日,十二層,九層
RPQPMLRKKHMFFEA08CA,49,85.65,住家用,加強磚造,57年1月20日,四層,四層 露台
RPPQMLRKKHMFFEA08CA,45,65.87,住家用,鋼筋混凝土造,60年11月15日,六層,五層
RPSNMLPKLHMFFDA87CA,15,86.58,見其他登記事項,鋼筋混凝土造,90年9月7日,十三層,三層
RPSNMLPKLHMFFDA87CA,15,34.59,共有部分,鋼筋混凝土造,90年9月7日,十三層,
RPSNMLPKLHMFFDA87CA,15,13.94,共有部分,鋼筋混凝土造,90年9月7日,十三層,
RPQOMLSJLHMFFDA97CA,14,28.59,見其他登記事項,鋼筋混凝土造,91年9月25日,十四層,九層
RPQOMLSJLHMFFDA97CA,14,5.65,共有部分,鋼筋混凝土造,91年9月25日,十四層,
RPQOMLSJLHMFFDA97CA,14,6.94,共有部分,鋼筋混凝土造,91年9月25日,十四層,
RPXOMLNKLHMFFDA28CA,3,199.91,住家用,鋼骨鋼筋混凝土造,102年11月15日,十四層,十三層
RPXOMLNKLHMFFDA28CA,3,210.05,見其他登記事項,鋼骨鋼筋混凝土造,102年11月15日,十四層,
RPWOMLRKKHMFFCA48DA,4,181.79,住家用,見其他登記事項,101年11月21日,二十六層,十五層
RPWOMLRKKHMFFCA48DA,4,83.94,見其他登記事項,見其他登記事項,101年11月21日,二十六層,
RPWOMLRKKHMFFCA48DA,4,13.83,見其他登記事項,見其他登記事項,101年11月21日,二十六層,
RPWOMLRKKHMFFCA48DA,4,92.23,見其他登記事項,見其他登記事項,101年11月21日,二十六層,
RPQOMLMLKHMFFCA47DA,9,127.36,住家用,鋼骨鋼筋混凝土造,96年6月27日,十五層,十層
RPQOMLMLKHMFFCA47DA,9,28.00,共有部分,鋼骨鋼筋混凝土造,96年6月27日,十五層,
RPQOMLMLKHMFFCA47DA,9,28.38,共有部分,鋼骨鋼筋混凝土造,96年6月27日,十五層,
RPQOMLMLKHMFFCA47DA,9,1.24,共有部分,鋼骨鋼筋混凝土造,96年6月27日,十五層,
RPQOMLMLKHMFFCA47DA,9,14.99,共有部分,鋼骨鋼筋混凝土造,96年6月27日,十五層,
RPQOMLMLKHMFFCA47DA,9,27.59,共有部分,鋼骨鋼筋混凝土造,96年6月27日,十五層,
RPROMLLLKHMFFCA47DA,,13.01,商業用,鋼筋混凝土造,,十四層,二層
RPROMLLLKHMFFCA47DA,,8.06,共有部分,鋼筋混凝土造,,十四層,
RPROMLLLKHMFFCA47DA,39,.37,共有部分,鋼筋混凝土造,67年1月21日,十四層,
SPROMLLLKHMFFCA57DA,,13.11,商業用,鋼筋混凝土造,,十四層,二層
SPROMLLLKHMFFCA57DA,39,.37,共有部分,鋼筋混凝土造,67年1月21日,十四層,
SPROMLLLKHMFFCA57DA,,8.06,共有部分,鋼筋混凝土造,,十四層,
RPWOMLNLKHMFFAA97DA,,131.93,見其他登記事項,鋼骨鋼筋混凝土造,105年1月26日,十九層,十四層
RPWOMLNLKHMFFAA97DA,,26.33,見其他登記事項,鋼骨鋼筋混凝土造,105年1月26日,十九層,
RPWOMLNLKHMFFAA97DA,,17.60,見其他登記事項,鋼骨鋼筋混凝土造,105年1月26日,十九層,
RPWOMLNLKHMFFAA97DA,,34.43,見其他登記事項,鋼骨鋼筋混凝土造,105年1月26日,十九層,
RPQNMLNJLHMFFBA27DA,10,66.73,住家用,鋼筋混凝土造,95年8月15日,九層,三層
RPQNMLNJLHMFFBA27DA,10,42.52,共有部分,鋼筋混凝土造,95年8月15日,九層,
RPQNMLNJLHMFFBA27DA,10,6.29,共有部分,鋼筋混凝土造,95年8月15日,九層,
RPQNMLNJLHMFFBA27DA,10,10.10,共有部分,鋼筋混凝土造,95年8月15日,九層,
RPPOMLNJLHMFFBA27DA,10,37.62,住家用,鋼筋混凝土造,95年8月15日,九層,三層
RPPOMLNJLHMFFBA27DA,10,23.46,共有部分,鋼筋混凝土造,95年8月15日,九層,
RPOQMLNJLHMFFBA37DA,17,63.95,商業用,鋼筋混凝土造,88年12月24日,十一層,六層
RPOQMLNJLHMFFBA37DA,17,12.04,共有部分,鋼筋混凝土造,88年12月24日,十一層,
RPOQMLNJLHMFFBA37DA,17,11.48,共有部分,鋼筋混凝土造,88年12月24日,十一層,
RPOQMLNJLHMFFBA37DA,17,16.53,共有部分,鋼筋混凝土造,88年12月24日,十一層,
RPUNMLRKKHMFFAA97DA,,66.70,,鋼筋混凝土造,,四層,三層
RPVNMLLJLHMFFFA87CA,27,36.73,停車空間,鋼筋混凝土造,78年8月10日,二十五層,地下二層
RPVNMLLJLHMFFFA87CA,27,2.79,共有部分,鋼筋混凝土造,78年8月10日,二十五層,
RPVNMLLJLHMFFFA87CA,27,3.35,共有部分,鋼筋混凝土造,78年8月10日,二十五層,
RPWNMLQKKHMFFFA48CA,35,15.33,商業用,鋼筋混凝土造,70年12月31日,十二層,一層
RPWNMLQKKHMFFFA48CA,35,13.32,共有部分,鋼筋混凝土造,70年12月31日,十二層,
RPOOMLMJLHMFFFA37CA,27,33.67,停車空間,鋼筋混凝土造,78年8月10日,二十五層,地下二層
RPOOMLMJLHMFFFA37CA,27,2.56,共有部分,鋼筋混凝土造,78年8月10日,二十五層,
RPOOMLMJLHMFFFA37CA,27,3.07,共有部分,鋼筋混凝土造,78年8月10日,二十五層,
SPOOMLMJLHMFFFA47CA,27,36.73,停車空間,鋼筋混凝土造,78年8月10日,二十五層,地下二層
SPOOMLMJLHMFFFA47CA,27,2.79,共有部分,鋼筋混凝土造,78年8月10日,二十五層,
SPOOMLMJLHMFFFA47CA,27,3.35,共有部分,鋼筋混凝土造,78年8月10日,二十五層,
TPOOMLMJLHMFFFA57CA,27,33.67,停車空間,鋼筋混凝土造,78年8月10日,二十五層,地下二層
TPOOMLMJLHMFFFA57CA,27,2.56,共有部分,鋼筋混凝土造,78年8月10日,二十五層,
TPOOMLMJLHMFFFA57CA,27,3.07,共有部分,鋼筋混凝土造,78年8月10日,二十五層,
UPOOMLMJLHMFFFA67CA,27,36.73,停車空間,鋼筋混凝土造,78年8月10日,二十五層,地下二層
UPOOMLMJLHMFFFA67CA,27,2.79,共有部分,鋼筋混凝土造,78年8月10日,二十五層,
UPOOMLMJLHMFFFA67CA,27,3.35,共有部分,鋼筋混凝土造,78年8月10日,二十五層,
VPOOMLMJLHMFFFA77CA,27,36.73,停車空間,鋼筋混凝土造,78年8月10日,二十五層,地下二層
VPOOMLMJLHMFFFA77CA,27,2.79,共有部分,鋼筋混凝土造,78年8月10日,二十五層,
VPOOMLMJLHMFFFA77CA,27,3.35,共有部分,鋼筋混凝土造,78年8月10日,二十五層,
WPOOMLMJLHMFFFA87CA,27,33.67,停車空間,鋼筋混凝土造,78年8月10日,二十五層,地下二層
WPOOMLMJLHMFFFA87CA,27,2.56,共有部分,鋼筋混凝土造,78年8月10日,二十五層,
WPOOMLMJLHMFFFA87CA,27,3.07,共有部分,鋼筋混凝土造,78年8月10日,二十五層,
XPOOMLMJLHMFFFA97CA,27,33.67,停車空間,鋼筋混凝土造,78年8月10日,二十五層,地下二層
XPOOMLMJLHMFFFA97CA,27,2.56,共有部分,鋼筋混凝土造,78年8月10日,二十五層,
XPOOMLMJLHMFFFA97CA,27,3.07,共有部分,鋼筋混凝土造,78年8月10日,二十五層,
YPOOMLMJLHMFFFA08CA,27,36.73,停車空間,鋼筋混凝土造,78年8月10日,二十五層,地下二層
YPOOMLMJLHMFFFA08CA,27,2.79,共有部分,鋼筋混凝土造,78年8月10日,二十五層,
YPOOMLMJLHMFFFA08CA,27,3.35,共有部分,鋼筋混凝土造,78年8月10日,二十五層,
ZPOOMLMJLHMFFFA18CA,27,33.67,停車空間,鋼筋混凝土造,78年8月10日,二十五層,地下二層
ZPOOMLMJLHMFFFA18CA,27,2.56,共有部分,鋼筋混凝土造,78年8月10日,二十五層,
ZPOOMLMJLHMFFFA18CA,27,3.07,共有部分,鋼筋混凝土造,78年8月10日,二十五層,
QQOOMLMJLHMFFFA37CA,27,30.61,停車空間,鋼筋混凝土造,78年8月10日,二十五層,地下二層
QQOOMLMJLHMFFFA37CA,27,2.33,共有部分,鋼筋混凝土造,78年8月10日,二十五層,
QQOOMLMJLHMFFFA37CA,27,2.79,共有部分,鋼筋混凝土造,78年8月10日,二十五層,
RQOOMLMJLHMFFFA47CA,27,30.61,停車空間,鋼筋混凝土造,78年8月10日,二十五層,地下二層
RQOOMLMJLHMFFFA47CA,27,2.33,共有部分,鋼筋混凝土造,78年8月10日,二十五層,
RQOOMLMJLHMFFFA47CA,27,2.79,共有部分,鋼筋混凝土造,78年8月10日,二十五層,
RPWNMLSKKHMFFFA68CA,,2.50,共有部分,鋼筋混凝土造,,十四層,
RPWNMLSKKHMFFFA68CA,,44.87,商業用,鋼筋混凝土造,,十四層,五層
RPWNMLSKKHMFFFA68CA,,7.21,共有部分,鋼筋混凝土造,,十四層,
RPRNMLKLKHMFFFA47CA,,176.99,住家用,鋼筋混凝土造,,七層,四層
RPRNMLKLKHMFFFA47CA,,4.17,共有部分,鋼筋混凝土造,,七層,
RPTQMLTJLHMFFEA68CA,,127.73,住家用,鋼筋混凝土造,105年7月12日,九層,四層
RPTQMLTJLHMFFEA68CA,,24.05,見其他登記事項,鋼筋混凝土造,105年7月12日,九層,
RPTQMLTJLHMFFEA68CA,,34.30,見其他登記事項,鋼筋混凝土造,105年7月12日,九層,
RPTQMLTJLHMFFEA68CA,,88.50,見其他登記事項,鋼筋混凝土造,105年7月12日,九層,
RPPNMLQJLHMFFFA77CA,,41.57,住家用,鋼筋混凝土造,,十六層,五層 陽台
RPPNMLQJLHMFFFA77CA,,12.90,共有部分,鋼筋混凝土造,,十六層,
RPSNMLKLKHMFFAA17DA,14,51.47,住家用,鋼筋混凝土造,91年9月12日,九層,六層
RPSNMLKLKHMFFAA17DA,14,12.25,共有部分,鋼筋混凝土造,91年9月12日,九層,
RPSNMLKLKHMFFAA17DA,14,6.30,共有部分,鋼筋混凝土造,91年9月12日,九層,
RPQOMLTJLHMFFFA28CA,48,101.03,住家用,加強磚造,57年8月30日,四層,二層
RPPNMLKKLHMFFFA27CA,,43.86,住家用,鋼筋混凝土造,,四層,二層
RPOOMLOKLHMFFFA67CA,30,102.60,住家用,加強磚造,75年10月23日,三層,一層 二層 三層
RPRNMLOLKHMFFAA47DA,,102.78,住家用,鋼筋混凝土造,,五層,三層
RPPNMLPLKHMFFAA37DA,,96.94,住家用,鋼筋混凝土造,,四層,四層 陽台
RPPNMLNKLHMFFAA17DA,36,138.39,住家用,鋼筋混凝土造,69年8月19日,五層,四層
RPVNMLOKLHMFFAA87DA,49,76.94,住家用,加強磚造,56年11月30日,四層,四層
RPOPMLLLKHMFFCA27DA,21,36.55,見使用執照,鋼筋混凝土造,85年6月28日,十六層,地下四層
RPOPMLLLKHMFFCA27DA,21,.14,共有部分,鋼筋混凝土造,85年6月28日,十六層,
RPUOMLKLKHMFFCA67DA,30,258.95,住家用,鋼筋混凝土造,75年7月2日,四層,一層 二層 三層 四層
RPTNMLTKKHMFFCA28DA,31,77.26,見其他登記事項,鋼筋混凝土造,75年6月9日,十五層,十一層
RPTNMLTKKHMFFCA28DA,31,15.54,共有部分,鋼筋混凝土造,75年6月9日,十五層,
RPTNMLTKKHMFFCA28DA,31,5.65,見其他登記事項,鋼筋混凝土造,75年6月9日,十五層,地下一層 地下二層
RPRNMLLJLHMFFCA27DA,24,871.59,見使用執照,鋼筋混凝土造,81年12月17日,九層,一層 地下一層
RPRNMLLJLHMFFCA27DA,24,282.04,共有部分,鋼筋混凝土造,81年12月17日,九層,
RPRNMLLJLHMFFCA27DA,24,250.74,商業用,鋼筋混凝土造,81年12月17日,九層,地下一層
RPRNMLLJLHMFFCA27DA,24,86.59,共有部分,鋼筋混凝土造,81年12月17日,九層,
RPRNMLSKKHMFFEA08CA,33,15.47,共有部分,鋼筋混凝土造,72年10月11日,十二層,
RPRNMLSKKHMFFEA08CA,33,101.65,住家用,鋼筋混凝土造,72年10月11日,十二層,十一層
RPRNMLSKKHMFFEA08CA,33,12.09,住家用,鋼筋混凝土造,72年10月11日,十二層,
RPUPMLRKKHMFFEA48CA,35,41.57,住家用,鋼筋混凝土造,70年12月31日,八層,二層
RPUPMLRKKHMFFEA48CA,35,13.32,共有部分,鋼筋混凝土造,70年12月31日,八層,
RPXPMLRKKHMFFEA78CA,52,65.16,住家用,加強磚造,54年3月31日,,一層
RPPNMLPLKHMFFDA57CA,,77.00,住家用,加強磚造,,四層,一層 騎樓
RPPPMLKLKHMFFEA37CA,44,38.67,住家用,鋼筋混凝土造,62年4月24日,四層,二層
RPQOMLLLKHMFFEA47CA,15,76.05,住家用,鋼筋混凝土造,91年3月22日,十四層,十二層
RPQOMLLLKHMFFEA47CA,15,15.70,共有部分,鋼筋混凝土造,91年3月22日,十四層,
RPQOMLLLKHMFFEA47CA,15,3.48,共有部分,鋼筋混凝土造,91年3月22日,十四層,
RPQOMLLLKHMFFEA47CA,15,15.38,共有部分,鋼筋混凝土造,91年3月22日,十四層,
RPWNMLSKKHMFFEA58CA,35,116.47,住家用,鋼筋混凝土造,70年9月30日,五層,二層
RPTNMLKLKHMFFEA57CA,40,70.40,住家用,鋼筋混凝土造,66年4月25日,四層,三層
RPVOMLQJLHMFFEA38CA,,148.34,住家用,鋼筋混凝土造,105年4月15日,九層,四層
RPVOMLQJLHMFFEA38CA,,36.85,見其他登記事項,鋼筋混凝土造,105年4月15日,九層,
RPVOMLQJLHMFFEA38CA,,34.69,見其他登記事項,鋼筋混凝土造,105年4月15日,九層,
RPVOMLQJLHMFFEA38CA,,82.88,見其他登記事項,鋼筋混凝土造,105年4月15日,九層,
RPVOMLKKLHMFFBA57CA,1,.54,見其他登記事項,鋼筋混凝土造,104年10月2日,十二層,一層
RPVOMLKKLHMFFBA57CA,1,.16,見其他登記事項,鋼筋混凝土造,104年10月2日,十二層,
RPVOMLKKLHMFFBA57CA,1,119.03,見其他登記事項,鋼筋混凝土造,104年10月2日,十二層,
SPVOMLKKLHMFFBA67CA,1,68.39,住家用,鋼筋混凝土造,104年10月2日,十二層,二層
SPVOMLKKLHMFFBA67CA,1,19.66,見其他登記事項,鋼筋混凝土造,104年10月2日,十二層,
SPVOMLKKLHMFFBA67CA,1,14.47,見其他登記事項,鋼筋混凝土造,104年10月2日,十二層,
RPPQMLNJLHMFFBA37CA,41,88.04,住家用,鋼筋混凝土造,65年4月13日,四層,三層
RPQOMLNLKHMFFBA37CA,27,99.30,住家用,鋼筋混凝土造,78年11月24日,五層,三層
RPQOMLNLKHMFFBA37CA,27,15.12,共有部分,鋼筋混凝土造,78年11月24日,五層,
RPROMLNLKHMFFBA47CA,39,14.82,住家用,鋼筋混凝土造,66年8月29日,十二層,九層
RPROMLNLKHMFFBA47CA,39,3.64,共有部分,鋼筋混凝土造,66年8月29日,十二層,
RPSNMLSKKHMFFBA87CA,7,12.94,停車空間,鋼筋混凝土造,99年4月13日,十五層,地下二層 地下三層
RPSNMLSKKHMFFBA87CA,7,10.78,見其他登記事項,鋼筋混凝土造,99年4月13日,十五層,
RPSNMLSKKHMFFBA87CA,7,5.60,見其他登記事項,鋼筋混凝土造,99年4月13日,十五層,
RPPOMLSKKHMFFBA67CA,30,25.25,共有部分,鋼筋混凝土造,76年3月16日,十二層,
RPPOMLSKKHMFFBA67CA,30,87.12,住家用,鋼筋混凝土造,76年3月16日,十二層,六層
RPROMLSKKHMFFBA87CA,30,70.89,住家用,鋼筋混凝土造,76年4月30日,十一層,八層
RPROMLSKKHMFFBA87CA,30,18.02,共有部分,鋼筋混凝土造,76年4月30日,十一層,
RPSNMLMLLHMFFAA37CA,,35.31,見其他登記事項,鋼筋混凝土造,105年11月29日,七層,一層
RPSNMLMLLHMFFAA37CA,,23.10,見其他登記事項,鋼筋混凝土造,105年11月29日,七層,
RPTNMLMLLHMFFAA47CA,,39.50,見其他登記事項,鋼筋混凝土造,105年11月29日,七層,三層
RPTNMLMLLHMFFAA47CA,,25.79,見其他登記事項,鋼筋混凝土造,105年11月29日,七層,
RPUNMLMLLHMFFAA57CA,,51.68,見其他登記事項,鋼筋混凝土造,105年11月29日,七層,三層
RPUNMLMLLHMFFAA57CA,,33.75,見其他登記事項,鋼筋混凝土造,105年11月29日,七層,
RPSOMLKLKHMFFBA27CA,,74.56,,鋼筋混凝土造,,四層,四層
RPTNMLLJLHMFFAA17CA,41,79.50,住家用,鋼筋混凝土造,65年7月13日,七層,七層 陽台
RPOOMLMJLHMFFAA86CA,,174.21,見其他登記事項,鋼骨鋼筋混凝土造,105年1月26日,十九層,十三層
RPOOMLMJLHMFFAA86CA,,34.95,見其他登記事項,鋼骨鋼筋混凝土造,105年1月26日,十九層,
RPOOMLMJLHMFFAA86CA,,23.37,見其他登記事項,鋼骨鋼筋混凝土造,105年1月26日,十九層,
RPOOMLMJLHMFFAA86CA,,68.85,見其他登記事項,鋼骨鋼筋混凝土造,105年1月26日,十九層,
RPXNMLRKKHMFFAA18CA,,67.57,住家用,鋼筋混凝土造,,五層,停車場 一層
RPXNMLRKKHMFFAA18CA,,6.80,共有部分,鋼筋混凝土造,,五層,
RPXNMLRKKHMFFAA18CA,,3.56,共有部分,鋼筋混凝土造,,五層,
RPSOMLRKKHMFFAA77CA,,213.01,見其他登記事項,鋼骨鋼筋混凝土造,105年9月30日,十七層,十七層
RPSOMLRKKHMFFAA77CA,,186.78,見其他登記事項,鋼骨鋼筋混凝土造,105年9月30日,十七層,
RPSNMLNKLHMFFAA37CA,7,37.54,見其他登記事項,鋼筋混凝土造,99年7月1日,七層,
RPSNMLNKLHMFFAA37CA,7,29.36,住家用,鋼筋混凝土造,99年7月1日,七層,五層
SPSNMLNKLHMFFAA47CA,7,16.85,住家用,鋼筋混凝土造,99年7月1日,七層,七層
SPSNMLNKLHMFFAA47CA,7,33.52,見其他登記事項,鋼筋混凝土造,99年7月1日,七層,
RPVNMLRKKHMFFDA28CA,43,116.37,,鋼筋混凝土造,63年4月18日,四層,二層
RPXOMLNKLHMFFCA18CA,,36.24,,加強磚造,,四層,三層
RPWPMLPKLHMFFCA38CA,1,57.02,住家用,見其他登記事項,105年4月11日,十四層,九層
RPWPMLPKLHMFFCA38CA,1,36.55,見其他登記事項,見其他登記事項,105年4月11日,十四層,
RPWPMLPKLHMFFCA38CA,1,52.71,見其他登記事項,見其他登記事項,105年4月11日,十四層,
RPWNMLQKLHMFFCA28CA,27,60.41,住家用,鋼筋混凝土造,78年8月8日,五層,一層
RPWNMLQKLHMFFCA28CA,27,3.92,共有部分,鋼筋混凝土造,78年8月8日,五層,
RPVNMLKLKHMFFCA57CA,17,34.70,住家用,鋼筋混凝土造,88年9月28日,十六層,九層
RPVNMLKLKHMFFCA57CA,17,6.03,共有部分,鋼筋混凝土造,88年9月28日,十六層,
RPVNMLKLKHMFFCA57CA,17,3.30,共有部分,鋼筋混凝土造,88年9月28日,十六層,
RPUPMLKLKHMFFCA67CA,48,60.50,住家用,鋼筋混凝土造,58年7月12日,四層,四層
RPSPMLRKKHMFFCA08CA,38,92.63,,鋼筋混凝土造,68年6月22日,五層,三層
RPRNMLSKKHMFFCA87CA,3,42.33,住家用,鋼筋混凝土造,103年1月8日,六層,六層
RPRNMLSKKHMFFCA87CA,3,15.71,見其他登記事項,鋼筋混凝土造,103年1月8日,六層,
RPPOMLSKKHMFFCA77CA,37,99.49,住家用,鋼筋混凝土造,69年6月3日,五層,三層
RPTOMLSKKHMFFCA18CA,2,79.42,住家用,鋼筋混凝土造,104年4月16日,十二層,四層
RPTOMLSKKHMFFCA18CA,2,32.09,見其他登記事項,鋼筋混凝土造,104年4月16日,十二層,
RPTOMLSKKHMFFCA18CA,2,5.58,見其他登記事項,鋼筋混凝土造,104年4月16日,十二層,
RPTOMLSKKHMFFCA18CA,2,14.92,停車空間,鋼筋混凝土造,104年4月16日,十二層,地下二層 地下三層
RPTOMLSKKHMFFCA18CA,2,.01,見其他登記事項,鋼筋混凝土造,104年4月16日,十二層,
RPTOMLSKKHMFFCA18CA,2,27.03,見其他登記事項,鋼筋混凝土造,104年4月16日,十二層,
RPSNMLTKKHMFFCA08CA,,175.50,,加強磚造,,四層,一層 二層 三層 四層 騎樓
RPRNMLOLKHMFFCA57CA,2,188.50,住家用,鋼筋混凝土造,103年10月20日,十四層,七層
RPRNMLOLKHMFFCA57CA,2,38.92,見其他登記事項,鋼筋混凝土造,103年10月20日,十四層,
RPRNMLOLKHMFFCA57CA,2,54.69,見其他登記事項,鋼筋混凝土造,103年10月20日,十四層,
RPRNMLOLKHMFFCA57CA,2,81.99,見其他登記事項,鋼筋混凝土造,103年10月20日,十四層,
RPROMLLJLHMFFEA57DA,42,120.18,商業用,鋼筋混凝土造,64年5月7日,四層,一層 平台 騎樓
RPPOMLLJLHMFFDA27DA,23,34.14,見使用執照,鋼筋混凝土造,82年10月21日,四層,地下一層 地下二層
RPXNMLMJLHMFFDA08DA,3,177.82,見其他登記事項,鋼筋混凝土造,103年5月14日,十一層,十一層
RPXNMLMJLHMFFDA08DA,3,87.67,見其他登記事項,鋼筋混凝土造,103年5月14日,十一層,
RPXNMLMJLHMFFDA08DA,3,8.81,見其他登記事項,鋼筋混凝土造,103年5月14日,十一層,
RPXNMLMJLHMFFDA08DA,3,41.98,見其他登記事項,鋼筋混凝土造,103年5月14日,十一層,
RPWNMLNLKHMFFDA18DA,10,22.43,見其他登記事項,鋼筋混凝土造,95年8月2日,十三層,十二層
RPWNMLNLKHMFFDA18DA,10,3.04,共有部分,鋼筋混凝土造,95年8月2日,十三層,
RPWNMLNLKHMFFDA18DA,10,1.70,共有部分,鋼筋混凝土造,95年8月2日,十三層,
RPWNMLNLKHMFFDA18DA,10,6.52,共有部分,鋼筋混凝土造,95年8月2日,十三層,
RPWNMLNLKHMFFDA18DA,10,33.56,共有部分,鋼筋混凝土造,95年8月2日,十三層,
RPTOMLOLKHMFFDA08DA,,148.92,見使用執照,鋼筋混凝土造,,七層,一層
RPTOMLOLKHMFFDA08DA,,10.87,共有部分,鋼筋混凝土造,,七層,
RPVOMLKLKHMFFDA87DA,12,37.40,見其他登記事項,鋼骨鋼筋混凝土造,94年5月13日,十層,一層
RPVOMLKLKHMFFDA87DA,12,6.22,共有部分,鋼骨鋼筋混凝土造,94年5月13日,十層,
RPVOMLKLKHMFFDA87DA,12,7.34,共有部分,鋼骨鋼筋混凝土造,94年5月13日,十層,
RPRNMLQKLHMFFFA18DA,35,55.01,商業用,鋼筋混凝土造,70年12月31日,十一層,十一層
RPRNMLQKLHMFFFA18DA,35,11.58,共有部分,鋼筋混凝土造,70年12月31日,十二層,
RPPNMLMKLHMFFFA57DA,17,110.18,住家用,鋼筋混凝土造,88年12月14日,七層,七層
RPPNMLMKLHMFFFA57DA,17,74.94,共有部分,鋼筋混凝土造,88年12月14日,九層,
RPROMLKLLHMFFCA47DA,33,113.77,住家用,鋼筋混凝土造,73年4月14日,五層,五層
RPTOMLLLKHMFFDA77DA,24,84.16,見其他登記事項,鋼筋混凝土造,82年4月13日,七層,五層
RPTOMLLLKHMFFDA77DA,25,32.41,共有部分,鋼筋混凝土造,81年4月13日,七層,
RPOQMLLJLHMFFDA37DA,9,49.39,住家用,鋼筋混凝土造,97年2月19日,八層,三層
RPOQMLLJLHMFFDA37DA,9,22.17,共有部分,鋼筋混凝土造,97年2月19日,八層,
RPPOMLTJLHMFFDA08DA,23,188.64,商業用,鋼筋混凝土造,82年11月29日,十一層,十層
RPPOMLTJLHMFFDA08DA,23,45.15,共有部分,鋼筋混凝土造,82年11月29日,十一層,
RPPOMLTJLHMFFDA08DA,23,33.50,共有部分,鋼筋混凝土造,82年11月29日,十一層,
RPPOMLTJLHMFFDA08DA,23,63.80,停車空間,鋼筋混凝土造,82年11月29日,十一層,地下二層
RPPOMLTJLHMFFDA08DA,23,.14,共有部分,鋼筋混凝土造,82年11月29日,十一層,
RPPOMLLLKHMFFDA37DA,,5.09,住家用,鋼筋混凝土造,,四層,四層
RPQQMLQJLHMFFDA08DA,10,20.86,見其他登記事項,鋼骨鋼筋混凝土造,95年4月18日,十一層,九層
RPQQMLQJLHMFFDA08DA,10,4.74,共有部分,鋼骨鋼筋混凝土造,95年4月18日,十一層,
RPQQMLQJLHMFFDA08DA,10,.13,共有部分,鋼骨鋼筋混凝土造,95年4月18日,十一層,
RPQQMLQJLHMFFDA08DA,10,4.82,共有部分,鋼骨鋼筋混凝土造,95年4月18日,十一層,
RPTNMLNLKHMFFEA97DA,32,12.74,共有部分,鋼筋混凝土造,73年8月21日,五層,
RPTNMLNLKHMFFEA97DA,32,158.08,住家用,鋼筋混凝土造,73年8月21日,五層,三層
RPWOMLKLKHMFFFA18DA,,190.69,住家用,鋼筋混凝土造,,七層,四層
RPQNMLPLKHMFFFA97DA,,89.02,,鋼筋混凝土造,,五層,三層
RPPOMLLJLHMFFFA47DA,32,87.21,住家用,鋼筋混凝土造,74年5月22日,十七層,十七層
RPPOMLLJLHMFFFA47DA,32,15.26,共有部分,鋼筋混凝土造,74年5月22日,十七層,
RPPOMLLJLHMFFFA47DA,32,3.36,共有部分,鋼筋混凝土造,74年5月22日,十九層,
RPPOMLLJLHMFFFA47DA,32,7.27,見其他登記事項,鋼筋混凝土造,74年5月22日,十九層,地下層
RPRQMLMLKHMFFCA67CA,23,30.35,見其他登記事項,鋼筋混凝土造,83年3月9日,十二層,地下一層
RPRQMLMLKHMFFCA67CA,23,.14,共有部分,鋼筋混凝土造,83年3月9日,十三層,
RPRQMLMLKHMFFCA67CA,23,.08,共有部分,鋼筋混凝土造,83年3月9日,十二層,
RPOOMLMLKHMFFCA17CA,10,65.34,住家用,鋼筋混凝土造,95年12月21日,十五層,二層
RPOOMLMLKHMFFCA17CA,10,22.85,共有部分,鋼筋混凝土造,95年12月21日,十五層,
RPOOMLMLKHMFFCA17CA,10,6.76,共有部分,鋼筋混凝土造,95年12月21日,十五層,
RPOOMLMLKHMFFCA17CA,10,39.50,共有部分,鋼筋混凝土造,95年12月21日,十五層,
RPROMLMLKHMFFCA47CA,20,50.24,住家用,鋼筋混凝土造,85年7月15日,七層,七層 電梯樓梯間
RPROMLMLKHMFFCA47CA,20,5.15,共有部分,鋼筋混凝土造,85年7月15日,七層,
RPROMLMLKHMFFCA47CA,20,3.16,共有部分,鋼筋混凝土造,85年7月15日,七層,
RPWOMLLLKHMFFCA87CA,14,31.87,商業用,鋼筋混凝土造,92年2月13日,十四層,一層
RPWOMLLLKHMFFCA87CA,14,15.41,共有部分,鋼筋混凝土造,92年2月13日,十四層,
RPPNMLNLKHMFFCA27CA,39,78.15,住家用,鋼筋混凝土造,67年2月2日,十二層,三層
RPPNMLNLKHMFFCA27CA,39,12.42,共有部分,鋼筋混凝土造,67年2月2日,十二層,
RPPNMLNLKHMFFCA27CA,39,4.58,共有部分,鋼筋混凝土造,67年2月2日,十二層,
RPTPMLNLKHMFFCA87CA,32,66.33,住家用,鋼筋混凝土造,74年7月2日,十二層,七層
RPTPMLNLKHMFFCA87CA,32,6.32,共有部分,鋼筋混凝土造,74年7月2日,十二層,
RPTPMLNLKHMFFCA87CA,32,3.25,共有部分,鋼筋混凝土造,74年7月2日,十二層,
RPPNMLKLKHMFFCA96CA,32,111.18,住家用,鋼筋混凝土造,73年7月19日,五層,四層
RPPNMLKLKHMFFCA96CA,32,15.15,共有部分,鋼筋混凝土造,73年7月19日,五層,
RPQNMLKLKHMFFCA07CA,,82.01,住家用,鋼筋混凝土造,,四層,一層
RPTNMLRKLHMFFBA97CA,7,86.92,住家用,鋼筋混凝土造,98年10月9日,十五層,四層
RPTNMLRKLHMFFBA97CA,7,13.56,見其他登記事項,鋼筋混凝土造,98年10月9日,十五層,
RPTNMLRKLHMFFBA97CA,7,13.59,見其他登記事項,鋼筋混凝土造,98年10月9日,十五層,
RPTNMLRKLHMFFBA97CA,7,19.10,見其他登記事項,鋼筋混凝土造,98年10月9日,十五層,
RPTNMLRKLHMFFBA97CA,7,1.80,見其他登記事項,鋼筋混凝土造,98年10月9日,十五層,
RPTNMLRKLHMFFBA97CA,7,13.92,見其他登記事項,鋼筋混凝土造,98年10月9日,十五層,
RPXPMLKLKHMFFCA97CA,33,60.98,見使用執照,鋼筋混凝土造,73年6月21日,六層,地下層
RPXPMLKLKHMFFCA97CA,33,4.83,共有部分,鋼筋混凝土造,73年6月21日,六層,
RPRQMLKLKHMFFCA47CA,12,7.63,共有部分,鋼筋混凝土造,93年12月28日,六層,
RPRQMLKLKHMFFCA47CA,12,107.64,見其他登記事項,鋼筋混凝土造,93年12月28日,六層,二層
RPRQMLKLKHMFFCA47CA,12,62.98,共有部分,鋼筋混凝土造,93年12月28日,六層,
RPRQMLKLKHMFFCA47CA,12,21.30,共有部分,鋼筋混凝土造,93年12月28日,六層,
RPRQMLKLKHMFFCA47CA,12,22.01,共有部分,鋼筋混凝土造,93年12月28日,六層,
RPRQMLKLKHMFFCA47CA,12,7.76,共有部分,鋼筋混凝土造,93年12月28日,六層,
RPRQMLKLKHMFFCA47CA,12,9.91,共有部分,鋼筋混凝土造,93年12月28日,六層,
RPRQMLKLKHMFFCA47CA,12,14.66,停車空間,鋼筋混凝土造,93年12月28日,六層,地下二層
RPQNMLMLKHMFFCA27CA,,53.20,住家用,鋼筋混凝土造,104年10月8日,十一層,十層
RPQNMLMLKHMFFCA27CA,,41.67,見其他登記事項,鋼筋混凝土造,104年10月8日,十一層,
RPROMLKLKHMFFCA27CA,13,104.07,住家用,鋼筋混凝土造,92年9月30日,十四層,十四層 夾層
RPROMLKLKHMFFCA27CA,13,14.45,共有部分,鋼筋混凝土造,92年9月30日,十四層,
RPROMLKLKHMFFCA27CA,13,35.91,共有部分,鋼筋混凝土造,92年9月30日,十四層,
RPROMLKLKHMFFCA27CA,13,22.17,共有部分,鋼筋混凝土造,92年9月30日,十四層,
RPROMLKLKHMFFCA27CA,13,7.14,共有部分,鋼筋混凝土造,92年9月30日,十四層,
RPXOMLKLKHMFFDA97CA,45,73.65,住家用,鋼筋混凝土造,60年11月10日,四層,三層
RPRNMLLLKHMFFDA37CA,7,1.90,見其他登記事項,鋼筋混凝土造,98年7月2日,十九層,一層
RPRNMLLLKHMFFDA37CA,7,.00,共有部分,鋼筋混凝土造,98年7月2日,十九層,
RPRNMLLLKHMFFDA37CA,7,56.30,住家用,鋼筋混凝土造,98年7月2日,十九層,五層
RPRNMLLLKHMFFDA37CA,7,22.18,共有部分,鋼筋混凝土造,98年7月2日,十九層,
RPRNMLLLKHMFFDA37CA,7,4.67,共有部分,鋼筋混凝土造,98年7月2日,十九層,
RPUNMLKLKHMFFDA57CA,7,131.64,住家用,鋼筋混凝土造,99年1月22日,十九層,八層
RPUNMLKLKHMFFDA57CA,7,29.03,見其他登記事項,鋼筋混凝土造,99年1月22日,十九層,
RPUNMLKLKHMFFDA57CA,7,34.02,見其他登記事項,鋼筋混凝土造,99年1月22日,十九層,
RPUNMLKLKHMFFDA57CA,7,78.49,見其他登記事項,鋼筋混凝土造,99年1月22日,十九層,
RPUNMLKLKHMFFDA57CA,7,4.02,見其他登記事項,鋼筋混凝土造,99年1月22日,十九層,
RPVOMLLLKHMFFDA87CA,,53.35,住家用,鋼筋混凝土造,,四層,四層 陽台
RPTNMLMLKHMFFDA67CA,30,122.37,住家用,鋼筋混凝土造,75年12月11日,六層,六層
RPTNMLMLKHMFFDA67CA,30,9.23,共有部分,鋼筋混凝土造,75年12月11日,六層,
RPUNMLLLKHMFFDA67CA,31,28.51,住家用,鋼筋混凝土造,75年4月30日,五層,一層
RPUNMLLLKHMFFDA67CA,31,6.61,共有部分,鋼筋混凝土造,75年4月30日,五層,
RPXOMLSKKHMFFDA68CA,43,37.89,住家用,鋼筋混凝土造,62年11月24日,六層,四層
RPXOMLSKKHMFFDA68CA,43,13.41,共有部分,鋼筋混凝土造,62年11月24日,六層,
RPWNMLQKLHMFFAA08CA,8,87.54,住家用,鋼筋混凝土造,97年12月8日,十層,五層
RPWNMLQKLHMFFAA08CA,8,75.69,共有部分,鋼筋混凝土造,97年12月8日,十層,
RPSOMLLLKHMFFAA27CA,9,85.88,住家用,鋼筋混凝土造,97年4月25日,十層,八層
RPSOMLLLKHMFFAA27CA,9,36.28,共有部分,鋼筋混凝土造,97年4月25日,十層,
RPVNMLLLKHMFFAA47CA,2,.05,見其他登記事項,鋼筋混凝土造,104年6月1日,十五層,一層
RPVNMLLLKHMFFAA47CA,2,.02,見其他登記事項,鋼筋混凝土造,104年6月1日,十五層,
RPVNMLLLKHMFFAA47CA,2,24.62,見其他登記事項,鋼筋混凝土造,104年6月1日,十五層,
RPVNMLLLKHMFFAA47CA,2,60.30,住家用,鋼筋混凝土造,104年6月1日,十五層,五層
RPVNMLLLKHMFFAA47CA,2,26.86,見其他登記事項,鋼筋混凝土造,104年6月1日,十五層,
RPWNMLLLKHMFFAA57CA,22,71.13,住家用,鋼筋混凝土造,84年1月5日,十五層,十五層
RPWNMLLLKHMFFAA57CA,22,17.34,見使用執照,鋼筋混凝土造,84年1月5日,十五層,
RPQOMLLLKHMFFAA07CA,20,89.34,住家用,鋼筋混凝土造,85年9月25日,十七層,十五層
RPQOMLLLKHMFFAA07CA,20,16.17,見使用執照,鋼筋混凝土造,85年9月25日,十七層,
RPQOMLLLKHMFFAA07CA,20,37.12,見使用執照,鋼筋混凝土造,85年9月25日,十七層,
RPUNMLKLKHMFFAA27CA,5,.06,住家用,鋼筋混凝土造,101年3月15日,十五層,一層
RPUNMLKLKHMFFAA27CA,5,.03,見其他登記事項,鋼筋混凝土造,101年3月15日,十五層,
RPUNMLKLKHMFFAA27CA,5,16.09,見其他登記事項,鋼筋混凝土造,101年3月15日,十五層,
RPWNMLNLKHMFFAA77CA,4,33.24,住家用,鋼筋混凝土造,102年3月25日,十層,五層
RPWNMLNLKHMFFAA77CA,4,23.00,見其他登記事項,鋼筋混凝土造,102年3月25日,十層,
RPWNMLNLKHMFFAA77CA,4,7.08,見其他登記事項,鋼筋混凝土造,102年3月25日,十層,
RPPOMLOLKHMFFAA27CA,44,63.65,見使用執照,鋼筋混凝土造,62年1月20日,四層,一層
RPROMLMJLHMFFAA17CA,,131.93,見其他登記事項,鋼骨鋼筋混凝土造,105年1月26日,十九層,六層
RPROMLMJLHMFFAA17CA,,26.33,見其他登記事項,鋼骨鋼筋混凝土造,105年1月26日,十九層,
RPROMLMJLHMFFAA17CA,,17.60,見其他登記事項,鋼骨鋼筋混凝土造,105年1月26日,十九層,
RPROMLMJLHMFFAA17CA,,34.43,見其他登記事項,鋼骨鋼筋混凝土造,105年1月26日,十九層,
RPPNMLMJLHMFFAA86CA,17,36.13,共有部分,鋼筋混凝土造,89年3月24日,十四層,
RPTOMLKLKHMFFBA37CA,31,113.56,住家用,鋼筋混凝土造,75年4月23日,五層,五層
RPTOMLKLKHMFFBA37CA,31,13.80,共有部分,鋼筋混凝土造,75年4月23日,五層,
RPVNMLLLKHMFFBA57CA,9,119.97,住家用,鋼筋混凝土造,96年11月19日,十五層,十二層
RPVNMLLLKHMFFBA57CA,9,78.99,共有部分,鋼筋混凝土造,96年11月19日,十五層,
RPVNMLLLKHMFFBA57CA,9,3.48,共有部分,鋼筋混凝土造,96年11月19日,十五層,
RPOOMLKLKHMFFBA86CA,2,112.37,住家用,鋼筋混凝土造,104年5月27日,十三層,七層
RPOOMLKLKHMFFBA86CA,2,48.40,見其他登記事項,鋼筋混凝土造,104年5月27日,十三層,
RPOOMLKLKHMFFBA86CA,2,16.58,見其他登記事項,鋼筋混凝土造,104年5月27日,十三層,
RPSNMLLJLHMFFBA17CA,30,94.24,商業用,鋼筋混凝土造,76年1月17日,九層,二層
RPSNMLLJLHMFFBA17CA,30,11.17,共有部分,鋼筋混凝土造,76年1月17日,九層,
RPWNMLNJLHMFFBA77CA,,35.01,住家用,鋼筋混凝土造,,四層,三層
RPTNMLQJLHMFFBA77CA,1,33.96,住家用,見其他登記事項,105年3月31日,二十六層,二十二層
RPTNMLQJLHMFFBA77CA,1,51.46,見其他登記事項,見其他登記事項,105年3月31日,二十六層,
RPTNMLQJLHMFFBA77CA,1,1.38,見其他登記事項,見其他登記事項,105年3月31日,二十六層,一層 二層
RPTNMLQJLHMFFBA77CA,1,.57,見其他登記事項,見其他登記事項,105年3月31日,二十六層,
RPVOMLLJLHMFFEA87CA,44,97.54,住家用,加強磚造,62年5月8日,三層,二層
RPVOMLLLKHMFFEA97CA,3,44.42,見其他登記事項,鋼筋混凝土造,102年11月29日,十四層,四層
RPVOMLLLKHMFFEA97CA,3,8.40,見其他登記事項,鋼筋混凝土造,102年11月29日,十四層,
RPVOMLLLKHMFFEA97CA,3,12.60,見其他登記事項,鋼筋混凝土造,102年11月29日,十四層,
RPOOMLMLKHMFFEA37CA,9,7.25,停車空間,鋼筋混凝土造,97年5月2日,十三層,地下二層
RPOOMLMLKHMFFEA37CA,9,23.21,共有部分,鋼筋混凝土造,97年5月2日,十三層,
RPOOMLMLKHMFFEA37CA,9,.01,共有部分,鋼筋混凝土造,97年5月2日,十三層,
RPOOMLMLKHMFFEA37CA,9,4.77,共有部分,鋼筋混凝土造,97年5月2日,十三層,
RPQOMLMLKHMFFEA57CA,43,13.17,住家用,鋼筋混凝土造,62年12月19日,四層,四層
RPTPMLNLKHMFFDA97CA,,76.81,,鋼筋混凝土造,,四層,二層 陽台
RPUOMLLJLHMFFDA67CA,5,75.97,住家用,鋼筋混凝土造,101年3月14日,十一層,十層
RPUOMLLJLHMFFDA67CA,5,22.69,見其他登記事項,鋼筋混凝土造,101年3月14日,十一層,
RPUOMLLJLHMFFDA67CA,5,31.42,見其他登記事項,鋼筋混凝土造,101年3月14日,十一層,
RPVNMLRLLHMFFDA48CA,33,55.58,商業用,鋼筋混凝土造,73年6月15日,十二層,三層
RPVNMLRLLHMFFDA48CA,33,11.85,共有部分,鋼筋混凝土造,73年6月15日,十二層,
RPROMLQJLHMFFCA87DA,1,127.49,住家用,鋼筋混凝土造,104年12月21日,十三層,五層
RPROMLQJLHMFFCA87DA,1,34.01,見其他登記事項,鋼筋混凝土造,104年12月21日,十三層,
RPROMLQJLHMFFCA87DA,1,20.66,見其他登記事項,鋼筋混凝土造,104年12月21日,十三層,
RPROMLQJLHMFFCA87DA,1,.07,見其他登記事項,鋼筋混凝土造,104年12月21日,十三層,一層
RPROMLQJLHMFFCA87DA,1,.02,見其他登記事項,鋼筋混凝土造,104年12月21日,十三層,
RPROMLQJLHMFFCA87DA,1,41.63,見其他登記事項,鋼筋混凝土造,104年12月21日,十三層,
RPPPMLKLKHMFFCA27DA,17,85.06,住家用,鋼筋混凝土造,88年7月6日,九層,七層
RPPPMLKLKHMFFCA27DA,17,38.39,共有部分,鋼筋混凝土造,88年7月6日,九層,
RPXOMLMLKHMFFCA18DA,19,63.50,住家用,鋼筋混凝土造,86年12月1日,九層,六層
RPXOMLMLKHMFFCA18DA,19,10.05,共有部分,鋼筋混凝土造,86年12月1日,九層,
RPXOMLMLKHMFFCA18DA,19,27.92,共有部分,鋼筋混凝土造,86年12月1日,九層,
RPXOMLMLKHMFFCA18DA,19,2.52,共有部分,鋼筋混凝土造,86年12月1日,九層,
RPXOMLMLKHMFFCA18DA,19,8.86,共有部分,鋼筋混凝土造,86年12月1日,九層,
RPTNMLNKLHMFFAA57DA,18,29.02,住家用,鋼筋混凝土造,87年12月31日,十三層,十二層
RPTNMLNKLHMFFAA57DA,18,4.01,共有部分,鋼筋混凝土造,87年12月31日,十三層,
RPTNMLNKLHMFFAA57DA,18,5.28,共有部分,鋼筋混凝土造,87年12月31日,十三層,
RPVOMLSKKHMFFCA48DA,,39.26,住家用,鋼筋混凝土造,105年8月25日,五層,三層
RPVOMLSKKHMFFCA48DA,,34.22,見其他登記事項,鋼筋混凝土造,105年8月25日,五層,
RPQNMLTKKHMFFCA97DA,33,91.57,住家用,鋼筋混凝土造,73年1月23日,五層,四層
RPQNMLTKKHMFFCA97DA,33,8.19,共有部分,鋼筋混凝土造,73年1月23日,五層,
RPXNMLKLKHMFFAA67DA,18,45.70,住家用,鋼筋混凝土造,87年7月31日,十一層,二層
RPXNMLKLKHMFFAA67DA,18,13.73,共有部分,鋼筋混凝土造,87年7月31日,十一層,
RPXOMLMJLHMFFFA28CA,27,33.67,停車空間,鋼筋混凝土造,78年8月10日,二十五層,地下二層
RPXOMLMJLHMFFFA28CA,27,2.56,共有部分,鋼筋混凝土造,78年8月10日,二十五層,
RPXOMLMJLHMFFFA28CA,27,3.07,共有部分,鋼筋混凝土造,78年8月10日,二十五層,
SPXOMLMJLHMFFFA38CA,27,36.73,停車空間,鋼筋混凝土造,78年8月10日,二十五層,地下二層
SPXOMLMJLHMFFFA38CA,27,2.79,共有部分,鋼筋混凝土造,78年8月10日,二十五層,
SPXOMLMJLHMFFFA38CA,27,3.35,共有部分,鋼筋混凝土造,78年8月10日,二十五層,
TPXOMLMJLHMFFFA48CA,27,33.67,停車空間,鋼筋混凝土造,78年8月10日,二十五層,地下二層
TPXOMLMJLHMFFFA48CA,27,2.56,共有部分,鋼筋混凝土造,78年8月10日,二十五層,
TPXOMLMJLHMFFFA48CA,27,3.07,共有部分,鋼筋混凝土造,78年8月10日,二十五層,
UPXOMLMJLHMFFFA58CA,27,33.67,停車空間,鋼筋混凝土造,78年8月10日,二十五層,地下二層
UPXOMLMJLHMFFFA58CA,27,2.56,共有部分,鋼筋混凝土造,78年8月10日,二十五層,
UPXOMLMJLHMFFFA58CA,27,3.07,共有部分,鋼筋混凝土造,78年8月10日,二十五層,
VPXOMLMJLHMFFFA68CA,27,30.61,停車空間,鋼筋混凝土造,78年8月10日,二十五層,地下二層
VPXOMLMJLHMFFFA68CA,27,2.33,共有部分,鋼筋混凝土造,78年8月10日,二十五層,
VPXOMLMJLHMFFFA68CA,27,2.79,共有部分,鋼筋混凝土造,78年8月10日,二十五層,
WPXOMLMJLHMFFFA78CA,27,33.67,停車空間,鋼筋混凝土造,78年8月10日,二十五層,地下二層
WPXOMLMJLHMFFFA78CA,27,2.56,共有部分,鋼筋混凝土造,78年8月10日,二十五層,
WPXOMLMJLHMFFFA78CA,27,3.07,共有部分,鋼筋混凝土造,78年8月10日,二十五層,
XPXOMLMJLHMFFFA88CA,27,33.67,停車空間,鋼筋混凝土造,78年8月10日,二十五層,地下二層
XPXOMLMJLHMFFFA88CA,27,2.56,共有部分,鋼筋混凝土造,78年8月10日,二十五層,
XPXOMLMJLHMFFFA88CA,27,3.07,共有部分,鋼筋混凝土造,78年8月10日,二十五層,
YPXOMLMJLHMFFFA98CA,27,33.67,停車空間,鋼筋混凝土造,78年8月10日,二十五層,地下二層
YPXOMLMJLHMFFFA98CA,27,2.56,共有部分,鋼筋混凝土造,78年8月10日,二十五層,
YPXOMLMJLHMFFFA98CA,27,3.07,共有部分,鋼筋混凝土造,78年8月10日,二十五層,
ZPXOMLMJLHMFFFA09CA,27,36.73,停車空間,鋼筋混凝土造,78年8月10日,二十五層,地下二層
ZPXOMLMJLHMFFFA09CA,27,2.79,共有部分,鋼筋混凝土造,78年8月10日,二十五層,
ZPXOMLMJLHMFFFA09CA,27,3.35,共有部分,鋼筋混凝土造,78年8月10日,二十五層,
QQXOMLMJLHMFFFA28CA,27,30.61,停車空間,鋼筋混凝土造,78年8月10日,二十五層,地下二層
QQXOMLMJLHMFFFA28CA,27,2.33,共有部分,鋼筋混凝土造,78年8月10日,二十五層,
QQXOMLMJLHMFFFA28CA,27,2.79,共有部分,鋼筋混凝土造,78年8月10日,二十五層,
RPOPMLMJLHMFFFA47CA,27,30.61,停車空間,鋼筋混凝土造,78年8月10日,二十五層,地下二層
RPOPMLMJLHMFFFA47CA,27,2.33,共有部分,鋼筋混凝土造,78年8月10日,二十五層,
RPOPMLMJLHMFFFA47CA,27,2.79,共有部分,鋼筋混凝土造,78年8月10日,二十五層,
RPPPMLMJLHMFFFA57CA,27,36.73,停車空間,鋼筋混凝土造,78年8月10日,二十五層,地下二層
RPPPMLMJLHMFFFA57CA,27,2.79,共有部分,鋼筋混凝土造,78年8月10日,二十五層,
RPPPMLMJLHMFFFA57CA,27,3.35,共有部分,鋼筋混凝土造,78年8月10日,二十五層,
RPSOMLOLKHMFFFA08CA,7,.04,見其他登記事項,鋼筋混凝土造,99年5月13日,十三層,地下一層
RPSOMLOLKHMFFFA08CA,7,45.99,見其他登記事項,鋼筋混凝土造,99年5月13日,十三層,
RPSOMLOLKHMFFFA08CA,7,.79,見其他登記事項,鋼筋混凝土造,99年5月13日,十三層,
RPTOMLOLKHMFFFA18CA,7,.04,見其他登記事項,鋼筋混凝土造,99年5月13日,十三層,地下一層
RPTOMLOLKHMFFFA18CA,7,45.99,見其他登記事項,鋼筋混凝土造,99年5月13日,十三層,
RPTOMLOLKHMFFFA18CA,7,.79,見其他登記事項,鋼筋混凝土造,99年5月13日,十三層,
RPUOMLOLKHMFFFA28CA,7,.04,見其他登記事項,鋼筋混凝土造,99年5月13日,十三層,地下一層
RPUOMLOLKHMFFFA28CA,7,45.99,見其他登記事項,鋼筋混凝土造,99年5月13日,十三層,
RPUOMLOLKHMFFFA28CA,7,.79,見其他登記事項,鋼筋混凝土造,99年5月13日,十三層,
RPPNMLPLKHMFFFA77CA,,172.09,住家用,鋼筋混凝土造,,七層,五層
RPPNMLPLKHMFFFA77CA,,6.95,共有部分,鋼筋混凝土造,,七層,
RPRNMLNLKHMFFFA77CA,22,103.60,商業用,鋼筋混凝土造,83年6月9日,十一層,三層
RPRNMLNLKHMFFFA77CA,22,19.76,共有部分,鋼筋混凝土造,83年6月9日,十一層,
RPRNMLNLKHMFFFA77CA,22,14.53,共有部分,鋼筋混凝土造,83年6月9日,十一層,
RPVOMLMJLHMFFFA08CA,17,82.77,住家用,鋼筋混凝土造,89年1月26日,七層,六層
RPVOMLMJLHMFFFA08CA,17,68.13,共有部分,鋼筋混凝土造,89年1月26日,八層,
RPTOMLKLKHMFFFA77CA,36,116.24,住家用,鋼筋混凝土造,69年11月3日,五層,二層
RPRNMLMJLHMFFFA57CA,34,53.78,住家用,鋼筋混凝土造,71年11月6日,十五層,十二層
RPRNMLMJLHMFFFA57CA,34,9.61,共有部分,鋼筋混凝土造,71年11月6日,十五層,
RPSOMLQJLHMFFFA18CA,29,57.24,見其他登記事項,鋼筋混凝土造,77年6月1日,十二層,六層
RPSOMLQJLHMFFFA18CA,29,4.81,共有部分,鋼筋混凝土造,77年6月1日,十二層,
RPSOMLQJLHMFFFA18CA,29,15.17,共有部分,鋼筋混凝土造,77年6月1日,十二層,
RPRNMLKLLHMFFFA57CA,5,176.92,住家用,鋼筋混凝土造,100年11月30日,十三層,四層
RPRNMLKLLHMFFFA57CA,5,43.36,見其他登記事項,鋼筋混凝土造,100年11月30日,十三層,
RPRNMLKLLHMFFFA57CA,5,32.43,見其他登記事項,鋼筋混凝土造,100年11月30日,十三層,
RPRNMLKLLHMFFFA57CA,5,116.70,見其他登記事項,鋼筋混凝土造,100年11月30日,十三層,
RPVNMLKKLHMFFBA57DA,,2.87,見其他登記事項,磚造,,二層,一層 二層 騎樓
RPUNMLNLKHMFFAA67DA,,5.83,住家用,鋼筋混凝土造,,四層,四層
RPXNMLOLKHMFFAA08DA,25,47.83,商業用,鋼筋混凝土造,81年5月14日,十二層,八層
RPXNMLOLKHMFFAA08DA,25,11.02,共有部分,鋼筋混凝土造,81年5月14日,十二層,
RPVOMLMLKHMFFCA97DA,33,9.45,共有部分,鋼筋混凝土造,73年7月6日,五層,
RPVOMLMLKHMFFCA97DA,33,81.41,住家用,鋼筋混凝土造,73年7月6日,五層,四層
RPTNMLMJLHMFFDA57CA,,148.93,住家用,鋼筋混凝土造,,七層,二層
RPTNMLMJLHMFFDA57CA,,22.94,共有部分,鋼筋混凝土造,,七層,
RPOOMLOLKHMFFEA57CA,41,41.76,住家用,鋼筋混凝土造,64年10月22日,四層,四層 陽台
RPVOMLKLKHMFFEA87CA,39,86.53,住家用,鋼筋混凝土造,66年8月16日,四層,三層
RPXOMLKLKHMFFEA08CA,15,39.54,住家用,鋼筋混凝土造,90年11月1日,十四層,十三層
RPXOMLKLKHMFFEA08CA,15,21.86,共有部分,鋼筋混凝土造,90年11月1日,十四層,
RPXOMLKLKHMFFEA08CA,15,6.16,共有部分,鋼筋混凝土造,90年11月1日,十四層,
RPXOMLKLKHMFFEA08CA,15,4.74,共有部分,鋼筋混凝土造,90年11月1日,十四層,
RPPNMLLLKHMFFEA27CA,40,114.74,住家用,鋼筋混凝土造,66年2月9日,四層,四層
RPQNMLLLKHMFFEA37CA,2,103.03,住家用,鋼筋混凝土造,104年8月7日,七層,六層
RPQNMLLLKHMFFEA37CA,2,42.75,見其他登記事項,鋼筋混凝土造,104年8月7日,七層,
RPQNMLLLKHMFFEA37CA,2,14.47,見其他登記事項,鋼筋混凝土造,104年8月7日,七層,
RPRNMLLLKHMFFEA47CA,38,70.07,住家用,鋼筋混凝土造,67年8月28日,七層,五層
RPXOMLLJLHMFFEA08CA,16,63.97,住家用,鋼筋混凝土造,89年8月9日,十二層,十一層
RPXOMLLJLHMFFEA08CA,16,17.36,共有部分,鋼筋混凝土造,89年8月9日,十二層,
RPUNMLMLKHMFFEA87CA,40,60.36,住家用,鋼筋混凝土造,65年9月7日,七層,五層 陽台
RPTOMLLJLHMFFEA67CA,23,65.41,住家用,鋼筋混凝土造,82年12月24日,十四層,三層
RPTOMLLJLHMFFEA67CA,23,16.80,共有部分,鋼筋混凝土造,82年12月24日,十四層,
RPSNMLLJLHMFFEA47CA,,8.28,住家用,加強磚造,,,一層
RPTOMLRJLHMFFEA28CA,1,34.60,住家用,鋼筋混凝土造,105年6月2日,七層,四層
RPTOMLRJLHMFFEA28CA,1,8.48,見其他登記事項,鋼筋混凝土造,105年6月2日,七層,
RPTOMLRJLHMFFEA28CA,1,13.92,見其他登記事項,鋼筋混凝土造,105年6月2日,七層,
RPVOMLRJLHMFFEA48CA,1,34.60,住家用,鋼筋混凝土造,105年6月2日,七層,六層
RPVOMLRJLHMFFEA48CA,1,8.48,見其他登記事項,鋼筋混凝土造,105年6月2日,七層,
RPVOMLRJLHMFFEA48CA,1,13.92,見其他登記事項,鋼筋混凝土造,105年6月2日,七層,
RPPPMLNKLHMFFEA67CA,33,89.18,住家用,鋼筋混凝土造,73年3月26日,五層,三層
RPPPMLNKLHMFFEA67CA,33,15.77,共有部分,鋼筋混凝土造,73年3月26日,五層,
RPQQMLNJLHMFFBA47CA,4,99.01,住家用,鋼筋混凝土造,102年7月2日,十四層,十二層
RPQQMLNJLHMFFBA47CA,4,60.85,見其他登記事項,鋼筋混凝土造,102年7月2日,十四層,
RPTNMLLJLHMFFBA27CA,40,160.00,住家用,鋼筋混凝土造,66年4月8日,五層,四層
RPUNMLNJLHMFFBA57CA,,59.84,住家用,鋼筋混凝土造,,十二層,七層
RPROMLKLKHMFFBA17CA,,121.70,住家用,加強磚造,,四層,二層
RPQNMLNLKHMFFAA17CA,,75.31,住家用,鋼筋混凝土造,,五層,五層
RPQNMLNLKHMFFAA17CA,,7.25,共有部分,鋼筋混凝土造,,五層,
RPQNMLLLKHMFFAA96CA,17,33.19,見使用執照,鋼筋混凝土造,89年6月26日,十層,
RPRNMLLLKHMFFAA07CA,17,33.19,見使用執照,鋼筋混凝土造,89年6月26日,十層,
RPROMLLLKHMFFAA17CA,32,114.49,住家用,鋼筋混凝土造,73年8月30日,五層,一層
RPROMLLLKHMFFAA17CA,32,14.77,共有部分,鋼筋混凝土造,73年8月30日,五層,
RPUOMLLLKHMFFAA47CA,46,85.71,住家用,鋼筋混凝土造,60年2月28日,五層,二層
RPPOMLQJLHMFFAA37CA,20,52.72,住家用,鋼筋混凝土造,85年12月18日,八層,三層 四層
RPPOMLQJLHMFFAA37CA,20,24.76,見使用執照,鋼筋混凝土造,85年12月18日,八層,地下二層
RPPOMLQJLHMFFAA37CA,20,2.05,共有部分,鋼筋混凝土造,85年12月18日,八層,
RPPOMLQJLHMFFAA37CA,20,1.34,共有部分,鋼筋混凝土造,85年12月18日,八層,
RPPOMLQJLHMFFAA37CA,20,5.80,共有部分,鋼筋混凝土造,85年12月18日,八層,
RPPOMLQJLHMFFAA37CA,20,12.22,共有部分,鋼筋混凝土造,85年12月18日,八層,
RPTNMLOKLHMFFAA57CA,4,19.23,住家用,鋼筋混凝土造,102年2月5日,五層,一層
RPTNMLOKLHMFFAA57CA,4,70.49,見其他登記事項,鋼筋混凝土造,102年2月5日,五層,
RPVNMLOLKHMFFAA77CA,23,44.43,見使用執照,鋼筋混凝土造,83年4月15日,七層,地下一層 地下二層
RPVNMLOLKHMFFAA77CA,23,11.89,見使用執照,鋼筋混凝土造,83年4月15日,七層,
RPVNMLOLKHMFFAA77CA,23,95.16,住家用,鋼筋混凝土造,83年4月15日,六層,六層
RPTNMLPKLHMFFCA87CA,40,105.24,住家用,鋼筋混凝土造,66年4月6日,八層,八層
RPOOMLNLKHMFFDA37CA,,92.94,住商用,鋼筋混凝土造,,五層,一層 通道
RPPOMLNLKHMFFDA47CA,,92.94,住商用,鋼筋混凝土造,,五層,一層 通道
RPOOMLKLKHMFFDA07CA,,103.61,住家用,鋼筋混凝土造,,五層,一層
RPTNMLLLKHMFFDA57CA,39,19.53,共有部分,鋼筋混凝土造,67年3月30日,七層,
RPTNMLLLKHMFFDA57CA,39,105.65,住家用,鋼筋混凝土造,67年3月30日,七層,三層
RPUPMLKKLHMFFCA67CA,15,529.11,工業用,鋼筋混凝土造,90年11月13日,七層,一層
RPUPMLKKLHMFFCA67CA,15,581.64,工業用,鋼筋混凝土造,90年11月13日,七層,六層
RPUPMLKKLHMFFCA67CA,15,247.31,見其他登記事項,鋼筋混凝土造,90年11月13日,七層,
RPUPMLKKLHMFFCA67CA,15,409.51,見其他登記事項,鋼筋混凝土造,90年11月13日,七層,
RPUPMLKKLHMFFCA67CA,15,165.58,工業用,鋼筋混凝土造,90年11月13日,七層,七層
RPUPMLKKLHMFFCA67CA,15,247.31,見其他登記事項,鋼筋混凝土造,90年11月13日,七層,
RPUPMLKKLHMFFCA67CA,15,187.22,工業用,鋼筋混凝土造,90年11月13日,七層,一層
RPUPMLKKLHMFFCA67CA,15,200.95,見其他登記事項,鋼筋混凝土造,90年11月13日,七層,
RPUPMLKKLHMFFCA67CA,15,164.87,見其他登記事項,鋼筋混凝土造,90年11月13日,七層,
RPUPMLKKLHMFFCA67CA,15,724.24,工業用,鋼筋混凝土造,90年11月13日,七層,二層
RPUPMLKKLHMFFCA67CA,15,372.36,見其他登記事項,鋼筋混凝土造,90年11月13日,七層,
RPUPMLKKLHMFFCA67CA,15,2137.35,工業用,鋼筋混凝土造,90年11月13日,七層,三層 四層 五層
RPUPMLKKLHMFFCA67CA,15,82.44,見其他登記事項,鋼筋混凝土造,90年11月13日,七層,
RPUPMLKKLHMFFCA67CA,15,131.83,見其他登記事項,鋼筋混凝土造,90年11月13日,七層,
RPUPMLKKLHMFFCA67CA,15,247.31,見其他登記事項,鋼筋混凝土造,90年11月13日,七層,
RPUPMLKKLHMFFCA67CA,15,509.67,見其他登記事項,鋼筋混凝土造,90年11月13日,七層,
RPUPMLKKLHMFFCA67CA,15,2926.47,見其他登記事項,鋼筋混凝土造,90年11月13日,七層,
RPUPMLKKLHMFFCA67CA,15,1420.33,見其他登記事項,鋼筋混凝土造,90年11月13日,七層,
RPVOMLNLLHMFFBA97CA,28,91.28,住家用,鋼筋混凝土造,78年4月6日,十二層,十一層
RPVOMLNLLHMFFBA97CA,28,12.73,共有部分,鋼筋混凝土造,78年4月6日,十二層,
RPVOMLNLLHMFFBA97CA,28,84.38,住家用,鋼筋混凝土造,78年4月6日,十二層,十一層
RPVOMLNLLHMFFBA97CA,28,11.32,共有部分,鋼筋混凝土造,78年4月6日,十二層,
RPRNMLMLKHMFFCA37CA,25,125.31,住家用,鋼筋混凝土造,81年6月22日,六層,四層
RPRNMLMLKHMFFCA37CA,25,13.26,共有部分,鋼筋混凝土造,81年6月22日,六層,
RPSNMLMLKHMFFCA47CA,7,31.47,住家用,鋼筋混凝土造,99年3月18日,十三層,三層
RPSNMLMLKHMFFCA47CA,7,15.25,見其他登記事項,鋼筋混凝土造,99年3月18日,十三層,
RPSNMLMLKHMFFCA47CA,7,.25,見其他登記事項,鋼筋混凝土造,99年3月18日,十三層,
RPSNMLMLKHMFFCA47CA,7,.62,見其他登記事項,鋼筋混凝土造,99年3月18日,十三層,
RPTNMLMLKHMFFCA57CA,39,22.72,商業用,鋼筋混凝土造,67年3月27日,六層,六層
RPSQMLKLKHMFFCA57CA,32,45.12,住家用,鋼筋混凝土造,73年12月14日,十二層,三層
RPSQMLKLKHMFFCA57CA,32,6.88,共有部分,鋼筋混凝土造,73年12月14日,十二層,
RPPNMLLLKHMFFCA07CA,22,118.25,住家用,鋼筋混凝土造,83年8月26日,五層,一層 地下一層
RPPNMLLLKHMFFCA07CA,22,40.26,共有部分,鋼筋混凝土造,83年8月26日,五層,
RPSNMLLLKHMFFCA37CA,33,113.20,住家用,鋼筋混凝土造,72年10月4日,五層,一層
RPVOMLLLKHMFFCA77CA,8,.05,商業用,鋼筋混凝土造,97年11月28日,十五層,一層
RPVOMLLLKHMFFCA77CA,8,.01,共有部分,鋼筋混凝土造,97年11月28日,十五層,
RPVOMLLLKHMFFCA77CA,8,132.25,住家用,鋼筋混凝土造,97年11月28日,十五層,十一層
RPVOMLLLKHMFFCA77CA,8,53.45,共有部分,鋼筋混凝土造,97年11月28日,十五層,
RPVOMLLLKHMFFCA77CA,8,39.14,共有部分,鋼筋混凝土造,97年11月28日,十五層,
RPVOMLLLKHMFFCA77CA,8,.30,共有部分,鋼筋混凝土造,97年11月28日,十五層,
RPUOMLNLKHMFFCA87CA,3,129.57,住家用,鋼筋混凝土造,102年11月28日,十層,三層
RPUOMLNLKHMFFCA87CA,3,31.71,見其他登記事項,鋼筋混凝土造,102年11月28日,十層,
RPUOMLNLKHMFFCA87CA,3,37.17,見其他登記事項,鋼筋混凝土造,102年11月28日,十層,
RPUOMLNLKHMFFCA87CA,3,.22,見其他登記事項,鋼筋混凝土造,102年11月28日,十層,一層
RPUOMLNLKHMFFCA87CA,3,.06,見其他登記事項,鋼筋混凝土造,102年11月28日,十層,
RPUOMLNLKHMFFCA87CA,3,80.98,見其他登記事項,鋼筋混凝土造,102年11月28日,十層,
RPPPMLLLKHMFFCA27CA,39,75.62,住家用,鋼筋混凝土造,67年6月29日,五層,五層
RPUOMLMLKHMFFCA77CA,3,373.98,住家用,見其他登記事項,103年5月22日,二十二層,五層
RPUOMLMLKHMFFCA77CA,3,6.16,見其他登記事項,見其他登記事項,103年5月22日,二十二層,
RPUOMLMLKHMFFCA77CA,3,284.10,見其他登記事項,見其他登記事項,103年5月22日,二十二層,
RPPOMLOLKHMFFCA47CA,22,104.21,住家用,鋼筋混凝土造,84年4月1日,十四層,十四層
RPPOMLOLKHMFFCA47CA,22,11.75,共有部分,鋼筋混凝土造,84年4月1日,十五層,
RPPOMLOLKHMFFCA47CA,22,31.49,停車空間,鋼筋混凝土造,84年4月1日,十五層,地下二層
RPPOMLOLKHMFFCA47CA,22,.20,共有部分,鋼筋混凝土造,84年4月1日,十五層,
RPTOMLLJLHMFFCA47CA,9,34.59,住家用,鋼筋混凝土造,96年10月2日,十二層,四層
RPTOMLLJLHMFFCA47CA,9,15.94,共有部分,鋼筋混凝土造,96年10月2日,十二層,
RPPNMLMJLHMFFFA47DA,34,103.42,住家用,鋼筋混凝土造,72年1月25日,五層,四層
RPVNMLMLKHMFFFA18DA,10,108.56,住家用,鋼筋混凝土造,96年3月1日,六層,五層
RPVNMLMLKHMFFFA18DA,10,24.70,共有部分,鋼筋混凝土造,96年3月1日,六層,
RPVNMLMLKHMFFFA18DA,10,54.03,共有部分,鋼筋混凝土造,96年3月1日,六層,
RPRNMLPJLHMFFEA87DA,18,57.42,住家用,鋼筋混凝土造,88年4月29日,四層,一層
RPRNMLPJLHMFFEA87DA,18,13.84,共有部分,鋼筋混凝土造,88年4月29日,四層,
RPRNMLPJLHMFFEA87DA,18,34.20,共有部分,鋼筋混凝土造,88年4月29日,四層,
RPVNMLLLKHMFFEA97DA,49,78.74,住家用,加強磚造,56年12月10日,四層,三層
RPXOMLNJLHMFFDA28DA,45,107.16,住家用,鋼筋混凝土造,61年1月31日,四層,四層
SPXOMLNJLHMFFDA38DA,45,106.20,住家用,鋼筋混凝土造,61年1月31日,四層,四層
RPVOMLOLKHMFFDA28DA,19,95.34,住家用,鋼筋混凝土造,87年5月1日,十二層,三層
RPVOMLOLKHMFFDA28DA,19,68.82,共有部分,鋼筋混凝土造,87年5月1日,十二層,
RPOOMLLLLHMFFCA27DA,23,39.00,停車空間,鋼筋混凝土造,82年10月14日,七層,地下二層
RPOOMLLLLHMFFCA27DA,23,.07,共有部分,鋼筋混凝土造,82年10月14日,七層,
RPOOMLLLLHMFFCA27DA,23,.03,共有部分,鋼筋混凝土造,82年10月14日,七層,
RPSNMLPLKHMFFCA87DA,10,51.63,商業用,鋼筋混凝土造,95年7月13日,十四層,九層
RPSNMLPLKHMFFCA87DA,10,5.65,共有部分,鋼筋混凝土造,95年7月13日,十四層,
RPSNMLPLKHMFFCA87DA,10,6.36,共有部分,鋼筋混凝土造,95年7月13日,十四層,
RPSNMLPLKHMFFCA87DA,10,12.26,共有部分,鋼筋混凝土造,95年7月13日,十四層,
RPSNMLPLKHMFFCA87DA,10,41.08,商業用,鋼筋混凝土造,95年7月13日,十四層,九層
RPSNMLPLKHMFFCA87DA,10,4.38,共有部分,鋼筋混凝土造,95年7月13日,十四層,
RPSNMLPLKHMFFCA87DA,10,4.87,共有部分,鋼筋混凝土造,95年7月13日,十四層,
RPSNMLPLKHMFFCA87DA,10,9.41,共有部分,鋼筋混凝土造,95年7月13日,十四層,
RPSNMLPLKHMFFCA87DA,10,14.03,停車空間,鋼筋混凝土造,95年7月13日,十四層,地下一層 地下二層
RPSNMLPLKHMFFCA87DA,10,1.70,共有部分,鋼筋混凝土造,95年7月13日,十四層,
RPSNMLPLKHMFFCA87DA,10,12.75,共有部分,鋼筋混凝土造,95年7月13日,十四層,
RPUOMLOKLHMFFEA28DA,9,76.76,住家用,鋼筋混凝土造,97年5月1日,五層,一層
RPUOMLOKLHMFFEA28DA,9,17.78,共有部分,鋼筋混凝土造,97年5月1日,五層,
RPUOMLOKLHMFFEA28DA,9,9.12,共有部分,鋼筋混凝土造,97年5月1日,五層,
RPRPMLRJLHMFFFA38DA,,100.93,,鋼筋混凝土造,,四層,四層 陽台
RPSNMLLLKHMFFDA57DA,35,158.16,住家用,鋼筋混凝土造,70年12月30日,十五層,九層
RPSNMLLLKHMFFDA57DA,35,20.44,共有部分,鋼筋混凝土造,70年12月30日,十五層,
RPSNMLLLKHMFFDA57DA,35,39.95,見使用執照,鋼筋混凝土造,70年12月30日,十五層,地下層
RPSNMLLLKHMFFDA57DA,35,.01,共有部分,鋼筋混凝土造,70年12月30日,十五層,
RPUOMLLLKHMFFDA87DA,38,78.26,住家用,鋼筋混凝土造,68年2月27日,五層,五層
RPPQMLLJLHMFFDA47DA,10,64.34,住家用,鋼筋混凝土造,95年8月3日,十五層,九層
RPPQMLLJLHMFFDA47DA,10,24.06,共有部分,鋼筋混凝土造,95年8月3日,十五層,
RPSNMLMLKHMFFEA77DA,,17.80,住家用,鋼筋混凝土造,,五層,五層
RPWNMLMLKHMFFEA18DA,2,272.37,住家用,鋼骨鋼筋混凝土造,104年3月3日,十七層,十層
RPWNMLMLKHMFFEA18DA,2,306.38,見其他登記事項,鋼骨鋼筋混凝土造,104年3月3日,十七層,
RPQPMLMJLHMFFFA77DA,26,116.31,住家用,鋼筋混凝土造,79年12月19日,二十七層,十二層
RPQPMLMJLHMFFFA77DA,26,30.10,共有部分,鋼筋混凝土造,79年12月19日,二十七層,
RPQPMLMJLHMFFFA77DA,26,34.80,停車空間,鋼筋混凝土造,79年12月19日,二十七層,地下二層
RPQPMLMJLHMFFFA77DA,26,.02,共有部分,鋼筋混凝土造,79年12月19日,二十七層,
RPPNMLOLKHMFFCA37CA,23,18.37,共有部分,鋼筋混凝土造,83年5月9日,十五層,
RPPNMLOLKHMFFCA37CA,23,81.81,商業用,鋼筋混凝土造,83年5月9日,十三層,一層
RPPNMLOLKHMFFCA37CA,23,39.34,停車空間,鋼筋混凝土造,83年5月9日,十五層,地下二層
RPPNMLOLKHMFFCA37CA,23,.80,共有部分,鋼筋混凝土造,83年5月9日,十五層,
RPWNMLLJLHMFFCA67CA,35,80.28,住家用,鋼筋混凝土造,70年8月27日,四層,二層
RPWNMLLJLHMFFCA67CA,35,1.09,共有部分,鋼筋混凝土造,70年8月27日,,
RPWNMLLJLHMFFCA67CA,35,.57,共有部分,鋼筋混凝土造,70年8月27日,四層,
RPXQMLMLKHMFFCA28CA,9,45.51,住家用,鋼筋混凝土造,97年3月12日,十四層,十三層
RPXQMLMLKHMFFCA28CA,9,22.49,共有部分,鋼筋混凝土造,97年3月12日,十四層,
RPSPMLLLKHMFFCA57CA,9,43.10,商業用,鋼筋混凝土造,96年10月11日,十層,八層
RPSPMLLLKHMFFCA57CA,9,31.48,共有部分,鋼筋混凝土造,96年10月11日,十層,
RPSPMLLLKHMFFCA57CA,9,15.86,共有部分,鋼筋混凝土造,96年10月11日,十層,
RPROMLKLLHMFFBA27CA,40,384.49,商業用,鋼筋混凝土造,66年4月25日,十一層,七層
RPROMLKLLHMFFBA27CA,40,63.60,共有部分,鋼筋混凝土造,66年4月25日,十一層,
RPXNMLLLLHMFFBA87CA,1,36.89,住家用,見其他登記事項,105年3月31日,二十六層,十五層
RPXNMLLLLHMFFBA87CA,1,19.30,見其他登記事項,見其他登記事項,105年3月31日,二十六層,
RPXNMLLLLHMFFBA87CA,1,1.51,見其他登記事項,見其他登記事項,105年3月31日,二十六層,一層 二層
RPXNMLLLLHMFFBA87CA,1,.62,見其他登記事項,見其他登記事項,105年3月31日,二十六層,
RPPOMLLLLHMFFBA17CA,1,50.22,住家用,見其他登記事項,105年3月31日,二十六層,十五層
RPPOMLLLLHMFFBA17CA,1,59.73,見其他登記事項,見其他登記事項,105年3月31日,二十六層,
RPPOMLLLLHMFFBA17CA,1,2.04,見其他登記事項,見其他登記事項,105年3月31日,二十六層,一層 二層
RPPOMLLLLHMFFBA17CA,1,.83,見其他登記事項,見其他登記事項,105年3月31日,二十六層,
RPQOMLLLLHMFFBA27CA,1,40.77,住家用,見其他登記事項,105年3月31日,二十六層,三層
RPQOMLLLLHMFFBA27CA,1,54.83,見其他登記事項,見其他登記事項,105年3月31日,二十六層,
RPQOMLLLLHMFFBA27CA,1,1.66,見其他登記事項,見其他登記事項,105年3月31日,二十六層,一層 二層
RPQOMLLLLHMFFBA27CA,1,.68,見其他登記事項,見其他登記事項,105年3月31日,二十六層,
RPUOMLLLLHMFFBA67CA,1,46.75,住家用,見其他登記事項,105年3月31日,二十六層,五層
RPUOMLLLLHMFFBA67CA,1,24.20,見其他登記事項,見其他登記事項,105年3月31日,二十六層,
RPUOMLLLLHMFFBA67CA,1,1.91,見其他登記事項,見其他登記事項,105年3月31日,二十六層,一層 二層
RPUOMLLLLHMFFBA67CA,1,.78,見其他登記事項,見其他登記事項,105年3月31日,二十六層,
RPRNMLMKLHMFFCA37CA,18,190.32,工業用,鋼筋混凝土造,87年10月22日,九層,七層
RPRNMLMKLHMFFCA37CA,18,87.94,共有部分,鋼筋混凝土造,87年10月22日,九層,
RPRNMLMKLHMFFCA37CA,18,70.01,共有部分,鋼筋混凝土造,87年10月22日,九層,
RPUNMLMKLHMFFCA67CA,33,63.46,住家用,鋼筋混凝土造,72年10月28日,七層,二層
RPUNMLMKLHMFFCA67CA,33,17.81,共有部分,鋼筋混凝土造,72年10月28日,七層,
RPQPMLQKLHMFFCA87CA,,73.23,住家用,鋼筋混凝土造,,四層,二層 露台
RPSOMLQJLHMFFCA87CA,1,103.48,住家用,鋼筋混凝土造,105年3月22日,十一層,七層
RPSOMLQJLHMFFCA87CA,1,49.83,見其他登記事項,鋼筋混凝土造,105年3月22日,十一層,
RPSOMLQJLHMFFCA87CA,1,37.25,見其他登記事項,鋼筋混凝土造,105年3月22日,十一層,
RPWOMLOKLHMFFCA18CA,5,34.74,住家用,鋼筋混凝土造,101年5月15日,十層,八層
RPWOMLOKLHMFFCA18CA,5,18.23,見其他登記事項,鋼筋混凝土造,101年5月15日,十層,
RPWOMLOKLHMFFCA18CA,5,13.41,見其他登記事項,鋼筋混凝土造,101年5月15日,十層,
RPWOMLOKLHMFFCA18CA,5,10.06,停車空間,鋼筋混凝土造,101年5月15日,十層,地下二層 地下三層
RPWOMLNJLHMFFCA97CA,34,23.65,住家用,鋼筋混凝土造,72年3月1日,七層,七層
RPWOMLNJLHMFFCA97CA,34,6.84,共有部分,鋼筋混凝土造,72年3月1日,七層,
RPVNMLLLKHMFFDA77CA,27,147.77,住家用,鋼筋混凝土造,78年11月28日,十六層,六層
RPVNMLLLKHMFFDA77CA,,30.03,共有部分,鋼筋混凝土造,,十六層,
RPVNMLLLKHMFFDA77CA,27,34.86,見使用執照,鋼筋混凝土造,78年11月28日,十六層,地下三層
RPVNMLLLKHMFFDA77CA,,4.10,共有部分,鋼筋混凝土造,,十六層,
RPXNMLLLKHMFFDA97CA,27,58.22,住家用,鋼筋混凝土造,78年11月20日,十一層,十層
RPXNMLLLKHMFFDA97CA,27,13.95,共有部分,鋼筋混凝土造,78年11月20日,十一層,
RPROMLMLKHMFFDA57CA,9,120.02,住家用,鋼筋混凝土造,96年7月11日,十一層,八層
RPROMLMLKHMFFDA57CA,9,28.13,共有部分,鋼筋混凝土造,96年7月11日,十一層,
RPROMLMLKHMFFDA57CA,9,75.19,共有部分,鋼筋混凝土造,96年7月11日,十一層,
RPPNMLNLKHMFFDA37CA,33,92.22,見其他登記事項,鋼筋混凝土造,72年9月1日,十二層,十一層
RPPNMLNLKHMFFDA37CA,33,27.05,共有部分,鋼筋混凝土造,72年9月1日,十二層,
RPQNMLNLKHMFFDA47CA,19,11.30,住家用,鋼筋混凝土造,87年4月28日,十三層,十二層
RPQNMLNLKHMFFDA47CA,19,8.53,共有部分,鋼筋混凝土造,87年4月28日,十三層,
RPVNMLQJLHMFFAA87CA,4,134.87,住家用,鋼筋混凝土造,102年1月3日,十五層,十一層
RPVNMLQJLHMFFAA87CA,4,20.24,見其他登記事項,鋼筋混凝土造,102年1月3日,十五層,
RPVNMLQJLHMFFAA87CA,4,13.52,見其他登記事項,鋼筋混凝土造,102年1月3日,十五層,
RPVNMLQJLHMFFAA87CA,4,25.25,見其他登記事項,鋼筋混凝土造,102年1月3日,十五層,
RPVNMLQJLHMFFAA87CA,4,.07,見其他登記事項,鋼筋混凝土造,102年1月3日,十五層,一層
RPVNMLQJLHMFFAA87CA,4,41.26,見其他登記事項,鋼筋混凝土造,102年1月3日,十五層,
RPQNMLMLKHMFFAA07CA,21,106.70,住家用,鋼筋混凝土造,84年7月25日,五層,五層 電梯樓梯間
RPQNMLMLKHMFFAA07CA,21,10.27,見使用執照,鋼筋混凝土造,84年7月25日,五層,
RPQNMLMLKHMFFAA07CA,21,8.19,見使用執照,鋼筋混凝土造,84年7月25日,十二層,
RPUNMLMLKHMFFAA47CA,18,93.28,住家用,鋼筋混凝土造,87年12月17日,八層,四層
RPUNMLMLKHMFFAA47CA,18,4.46,共有部分,鋼筋混凝土造,87年12月17日,八層,
RPUNMLMLKHMFFAA47CA,18,16.11,共有部分,鋼筋混凝土造,87年12月17日,八層,
RPUNMLMLKHMFFAA47CA,18,26.76,共有部分,鋼筋混凝土造,87年12月17日,八層,
RPUNMLOLKHMFFAA67CA,7,36.49,住家用,鋼筋混凝土造,98年10月21日,六層,四層
RPUNMLOLKHMFFAA67CA,7,14.76,見其他登記事項,鋼筋混凝土造,98年10月21日,六層,
RPUNMLOLKHMFFAA67CA,7,8.38,見其他登記事項,鋼筋混凝土造,98年10月21日,六層,
RPUNMLOLKHMFFAA67CA,7,8.43,見其他登記事項,鋼筋混凝土造,98年10月21日,六層,
RPVNMLMJLHMFFAA47CA,3,.23,見其他登記事項,鋼筋混凝土造,103年3月14日,七層,地下一層
RPVNMLMJLHMFFAA47CA,3,30.72,見其他登記事項,鋼筋混凝土造,103年3月14日,七層,
RPVNMLMJLHMFFAA47CA,3,.02,見其他登記事項,鋼筋混凝土造,103年3月14日,七層,
RPVNMLMJLHMFFAA47CA,3,.15,見其他登記事項,鋼筋混凝土造,103年3月14日,七層,
SPVNMLMJLHMFFAA57CA,3,48.93,住家用,鋼筋混凝土造,103年3月14日,七層,一層
SPVNMLMJLHMFFAA57CA,3,24.55,見其他登記事項,鋼筋混凝土造,103年3月14日,七層,
SPVNMLMJLHMFFAA57CA,3,4.19,見其他登記事項,鋼筋混凝土造,103年3月14日,七層,
RPUOMLLLKHMFFBA57CA,,80.25,住家用,加強磚造,,四層,二層
RPWNMLMLKHMFFBA77CA,1,.13,見其他登記事項,鋼筋混凝土造,104年12月14日,十五層,一層
RPWNMLMLKHMFFBA77CA,1,.00,見其他登記事項,鋼筋混凝土造,104年12月14日,十五層,
RPWNMLMLKHMFFBA77CA,1,.02,見其他登記事項,鋼筋混凝土造,104年12月14日,十五層,
RPWNMLMLKHMFFBA77CA,1,.09,見其他登記事項,鋼筋混凝土造,104年12月14日,十五層,
RPWNMLMLKHMFFBA77CA,1,38.44,住家用,鋼筋混凝土造,104年12月14日,十五層,七層
RPWNMLMLKHMFFBA77CA,1,8.30,見其他登記事項,鋼筋混凝土造,104年12月14日,十五層,
RPWNMLMLKHMFFBA77CA,1,12.85,見其他登記事項,鋼筋混凝土造,104年12月14日,十五層,
RPXNMLMLKHMFFBA87CA,39,22.41,商業用,鋼筋混凝土造,67年1月4日,十二層,八層
RPXNMLMLKHMFFBA87CA,39,5.63,共有部分,鋼筋混凝土造,67年1月4日,十二層,
RPXNMLMLKHMFFBA87CA,39,23.84,商業用,鋼筋混凝土造,67年1月4日,十二層,八層
RPXNMLMLKHMFFBA87CA,39,5.99,共有部分,鋼筋混凝土造,67年1月4日,十二層,
RPQNMLMJLHMFFBA07CA,21,82.79,住家用,鋼筋混凝土造,84年12月16日,十層,二層
RPQNMLMJLHMFFBA07CA,21,11.21,共有部分,鋼筋混凝土造,84年12月16日,十層,
RPQNMLMJLHMFFBA07CA,21,50.41,共有部分,鋼筋混凝土造,84年12月16日,十層,
RPPNMLKKLHMFFBA86CA,1,89.30,見其他登記事項,鋼筋混凝土造,105年3月7日,二十一層,二層
RPPNMLKKLHMFFBA86CA,1,29.32,見其他登記事項,鋼筋混凝土造,105年3月7日,二十一層,
RPPNMLKKLHMFFBA86CA,1,85.32,見其他登記事項,鋼筋混凝土造,105年3月7日,二十一層,
RPPNMLKKLHMFFBA86CA,1,19.83,見其他登記事項,鋼筋混凝土造,105年3月7日,二十一層,
SPPNMLKKLHMFFBA96CA,1,96.46,見其他登記事項,鋼筋混凝土造,105年3月7日,二十一層,二層
SPPNMLKKLHMFFBA96CA,1,31.97,見其他登記事項,鋼筋混凝土造,105年3月7日,二十一層,
SPPNMLKKLHMFFBA96CA,1,42.66,見其他登記事項,鋼筋混凝土造,105年3月7日,二十一層,
SPPNMLKKLHMFFBA96CA,1,21.61,見其他登記事項,鋼筋混凝土造,105年3月7日,二十一層,
RPQNMLKKLHMFFBA96CA,1,55.98,住家用,鋼筋混凝土造,105年3月7日,二十一層,八層
RPQNMLKKLHMFFBA96CA,1,19.62,見其他登記事項,鋼筋混凝土造,105年3月7日,二十一層,
RPQNMLKKLHMFFBA96CA,1,7.57,見其他登記事項,鋼筋混凝土造,105年3月7日,二十一層,
RPRNMLKKLHMFFBA07CA,1,55.98,住家用,鋼筋混凝土造,105年3月7日,二十一層,四層
RPRNMLKKLHMFFBA07CA,1,19.62,見其他登記事項,鋼筋混凝土造,105年3月7日,二十一層,
RPRNMLKKLHMFFBA07CA,1,42.66,見其他登記事項,鋼筋混凝土造,105年3月7日,二十一層,
RPRNMLKKLHMFFBA07CA,1,7.57,見其他登記事項,鋼筋混凝土造,105年3月7日,二十一層,
RPXNMLRJLHMFFBA28CA,,50.84,商業用,鋼筋混凝土造,,九層,二層
RPXNMLRJLHMFFBA28CA,,17.25,共有部分,鋼筋混凝土造,,九層,
RPRNMLQJLHMFFBA57CA,,12.15,,見其他登記事項,,一層,一層
RPUOMLOLKHMFFEA18CA,39,106.91,住家用,鋼筋混凝土造,67年4月4日,七層,二層
RPUOMLOLKHMFFEA18CA,39,13.32,共有部分,鋼筋混凝土造,67年4月4日,七層,
RPQOMLNJLHMFFEA57CA,2,134.72,住家用,鋼筋混凝土造,103年9月23日,十層,九層
RPQOMLNJLHMFFEA57CA,2,115.31,見其他登記事項,鋼筋混凝土造,103年9月23日,十層,
RPQOMLNJLHMFFEA57CA,2,5.67,見其他登記事項,鋼筋混凝土造,103年9月23日,十層,
RPQOMLNJLHMFFEA57CA,2,60.41,見其他登記事項,鋼筋混凝土造,103年9月23日,十層,
RPRNMLOLKHMFFEA77CA,1,41.93,住家用,鋼筋混凝土造,104年9月3日,八層,五層
RPRNMLOLKHMFFEA77CA,1,17.32,見其他登記事項,鋼筋混凝土造,104年9月3日,八層,
RPRNMLOLKHMFFEA77CA,1,10.44,見其他登記事項,鋼筋混凝土造,104年9月3日,八層,
RPRNMLOLKHMFFEA77CA,1,43.11,見其他登記事項,鋼筋混凝土造,104年9月3日,八層,
RPOPMLLLKHMFFEA37CA,3,48.06,見其他登記事項,鋼筋混凝土造,102年11月29日,十四層,十層
RPOPMLLLKHMFFEA37CA,3,41.56,見其他登記事項,鋼筋混凝土造,102年11月29日,十四層,
RPOPMLLLKHMFFEA37CA,3,15.17,見其他登記事項,鋼筋混凝土造,102年11月29日,十四層,
RPQPMLLLKHMFFEA57CA,44,73.24,住家用,鋼筋混凝土造,62年4月24日,四層,四層
RPRPMLLLKHMFFEA67CA,7,46.99,見其他登記事項,鋼筋混凝土造,98年12月29日,十一層,七層
RPRPMLLLKHMFFEA67CA,7,17.23,共有部分,鋼筋混凝土造,98年12月29日,十一層,
RPRPMLLLKHMFFEA67CA,7,31.34,共有部分,鋼筋混凝土造,98年12月29日,十一層,
RPSPMLLLKHMFFEA77CA,36,114.62,見使用執照,鋼筋混凝土造,70年6月26日,五層,地下層
RPXNMLQJLHMFFDA38CA,34,178.71,住家用,鋼筋混凝土造,72年5月19日,七層,六層
RPXNMLQJLHMFFDA38CA,34,19.73,共有部分,鋼筋混凝土造,72年5月19日,七層,
RPWOMLSJLHMFFDA58CA,9,136.37,住家用,鋼骨鋼筋混凝土造,96年12月28日,二十七層,十四層
RPWOMLSJLHMFFDA58CA,9,21.95,共有部分,鋼骨鋼筋混凝土造,96年12月28日,二十七層,
RPWOMLSJLHMFFDA58CA,9,46.91,共有部分,鋼骨鋼筋混凝土造,96年12月28日,二十七層,
RPWOMLSJLHMFFDA58CA,9,43.40,見其他登記事項,鋼骨鋼筋混凝土造,96年12月28日,二十七層,
RPWOMLSJLHMFFDA58CA,9,.57,見其他登記事項,鋼骨鋼筋混凝土造,96年12月28日,二十七層,一層
RPWOMLSJLHMFFDA58CA,9,.57,見其他登記事項,鋼骨鋼筋混凝土造,96年12月28日,二十七層,一層
RPWOMLRJLHMFFDA48CA,39,118.33,住家用,鋼筋混凝土造,67年5月8日,五層,二層
RPVNMLRKLHMFFDA38CA,,72.24,商業用,鋼筋混凝土造,,十四層,十層
RPVNMLRKLHMFFDA38CA,,20.40,共有部分,鋼筋混凝土造,,十四層,
RPVNMLRKLHMFFDA38CA,,31.37,見使用執照,鋼筋混凝土造,,十四層,地下一層 地下二層 地下三層
RPVNMLRKLHMFFDA38CA,,8.31,共有部分,鋼筋混凝土造,,十四層,
RPPQMLRKLHMFFDA08CA,43,78.45,住家用,鋼筋混凝土造,63年6月14日,四層,二層 陽台
RPTOMLQJLHMFFAA87DA,6,87.57,住家用,鋼筋混凝土造,100年1月13日,二十二層,九層
RPTOMLQJLHMFFAA87DA,6,21.43,見其他登記事項,鋼筋混凝土造,100年1月13日,二十二層,
RPTOMLQJLHMFFAA87DA,6,13.18,見其他登記事項,鋼筋混凝土造,100年1月13日,二十二層,
RPTOMLQJLHMFFAA87DA,6,.03,見其他登記事項,鋼筋混凝土造,100年1月13日,二十二層,一層
RPTOMLQJLHMFFAA87DA,6,.00,見其他登記事項,鋼筋混凝土造,100年1月13日,二十二層,
RPTOMLQJLHMFFAA87DA,6,35.97,見其他登記事項,鋼筋混凝土造,100年1月13日,二十二層,
RPTNMLNJLHMFFAA47DA,10,101.36,住家用,鋼筋混凝土造,95年7月31日,十三層,二層
RPTNMLNJLHMFFAA47DA,10,38.23,共有部分,鋼筋混凝土造,95年7月31日,十三層,
RPTNMLNJLHMFFAA47DA,10,37.43,共有部分,鋼筋混凝土造,95年7月31日,十三層,
RPPNMLKMLHMFFFA47CA,29,3.59,共有部分,鋼筋混凝土造,77年1月21日,十五層,
RPPNMLKMLHMFFFA47CA,29,11.41,共有部分,鋼筋混凝土造,77年1月21日,十五層,
RPPNMLKMLHMFFFA47CA,29,6.75,商業用,鋼筋混凝土造,77年1月21日,十五層,三層
RPPNMLMLKHMFFAA07DA,54,108.26,住家用,鋼筋混凝土造,51年12月31日,三層,三層
RPWOMLRKLHMFFFA78CA,,166.94,住家用,鋼筋混凝土造,,七層,六層
RPWOMLRKLHMFFFA78CA,,17.30,,鋼筋混凝土造,,七層,
RPRNMLRJLHMFFFA08CA,27,30.61,停車空間,鋼筋混凝土造,78年8月10日,二十五層,地下二層
RPRNMLRJLHMFFFA08CA,27,2.33,共有部分,鋼筋混凝土造,78年8月10日,二十五層,
RPRNMLRJLHMFFFA08CA,27,2.79,共有部分,鋼筋混凝土造,78年8月10日,二十五層,
RPTNMLRJLHMFFFA28CA,27,33.67,停車空間,鋼筋混凝土造,78年8月10日,二十五層,地下二層
RPTNMLRJLHMFFFA28CA,27,2.56,共有部分,鋼筋混凝土造,78年8月10日,二十五層,
RPTNMLRJLHMFFFA28CA,27,3.07,共有部分,鋼筋混凝土造,78年8月10日,二十五層,
SPTNMLRJLHMFFFA38CA,27,33.67,停車空間,鋼筋混凝土造,78年8月10日,二十五層,地下二層
SPTNMLRJLHMFFFA38CA,27,2.56,共有部分,鋼筋混凝土造,78年8月10日,二十五層,
SPTNMLRJLHMFFFA38CA,27,3.07,共有部分,鋼筋混凝土造,78年8月10日,二十五層,
RPWOMLRJLHMFFFA68CA,27,30.61,停車空間,鋼筋混凝土造,78年8月10日,二十五層,地下二層
RPWOMLRJLHMFFFA68CA,27,2.33,共有部分,鋼筋混凝土造,78年8月10日,二十五層,
RPWOMLRJLHMFFFA68CA,27,2.79,共有部分,鋼筋混凝土造,78年8月10日,二十五層,
RPXOMLRJLHMFFFA78CA,28,30.61,停車空間,鋼筋混凝土造,78年8月10日,二十五層,地下二層
RPXOMLRJLHMFFFA78CA,28,2.33,共有部分,鋼筋混凝土造,78年8月10日,二十五層,
RPXOMLRJLHMFFFA78CA,28,2.79,共有部分,鋼筋混凝土造,78年8月10日,二十五層,
RPRNMLQJLHMFFFA97CA,27,36.73,停車空間,鋼筋混凝土造,78年8月10日,二十五層,地下二層
RPRNMLQJLHMFFFA97CA,27,2.79,共有部分,鋼筋混凝土造,78年8月10日,二十五層,
RPRNMLQJLHMFFFA97CA,27,3.35,共有部分,鋼筋混凝土造,78年8月10日,二十五層,
RPRUMLTJLHMFFEA88CA,,126.35,住家用,鋼筋混凝土造,105年9月21日,九層,五層
RPRUMLTJLHMFFEA88CA,,50.07,見其他登記事項,鋼筋混凝土造,105年9月21日,九層,
RPRUMLTJLHMFFEA88CA,,53.55,見其他登記事項,鋼筋混凝土造,105年9月21日,九層,
RPTUMLTJLHMFFEA09CA,,126.35,住家用,鋼筋混凝土造,105年9月21日,九層,七層
RPTUMLTJLHMFFEA09CA,,50.07,見其他登記事項,鋼筋混凝土造,105年9月21日,九層,
RPTUMLTJLHMFFEA09CA,,89.34,見其他登記事項,鋼筋混凝土造,105年9月21日,九層,
RPWUMLTJLHMFFEA76CA,,167.28,住家用,鋼筋混凝土造,105年9月21日,九層,二層
RPWUMLTJLHMFFEA76CA,,66.28,見其他登記事項,鋼筋混凝土造,105年9月21日,九層,
RPWUMLTJLHMFFEA76CA,,98.94,見其他登記事項,鋼筋混凝土造,105年9月21日,九層,
RPUNMLKMLHMFFEA87CA,41,88.02,商業用,鋼筋混凝土造,64年9月17日,四層,一層 平台 騎樓
RPROMLLLLHMFFEA67CA,13,129.55,住家用,鋼骨鋼筋混凝土造,92年11月7日,十層,七層
RPROMLLLLHMFFEA67CA,13,3.38,共有部分,鋼骨鋼筋混凝土造,92年11月7日,十層,
RPROMLLLLHMFFEA67CA,13,6.67,共有部分,鋼骨鋼筋混凝土造,92年11月7日,十層,
RPROMLLLLHMFFEA67CA,13,.09,見其他登記事項,鋼骨鋼筋混凝土造,92年11月7日,十層,一層
RPROMLLLLHMFFEA67CA,13,35.54,共有部分,鋼骨鋼筋混凝土造,92年11月7日,十層,
RPROMLLLLHMFFEA67CA,13,10.29,共有部分,鋼骨鋼筋混凝土造,92年11月7日,十層,
RPROMLLLLHMFFEA67CA,13,28.06,共有部分,鋼骨鋼筋混凝土造,92年11月7日,十層,
RPROMLLLLHMFFEA67CA,13,14.21,共有部分,鋼骨鋼筋混凝土造,92年11月7日,十層,
RPROMLLLLHMFFEA67CA,13,.03,共有部分,鋼骨鋼筋混凝土造,92年11月7日,十層,
RPPNMLKKLHMFFEA17CA,1,219.82,住家用,鋼筋混凝土造,104年11月4日,二十一層,二十一層 見其他登記事項
RPPNMLKKLHMFFEA17CA,1,104.56,見其他登記事項,鋼筋混凝土造,104年11月4日,二十一層,
RPPNMLKKLHMFFEA17CA,1,3.11,見其他登記事項,鋼筋混凝土造,104年11月4日,二十一層,一層
RPPNMLKKLHMFFEA17CA,1,5.58,見其他登記事項,鋼筋混凝土造,104年11月4日,二十一層,
RPPNMLKKLHMFFEA17CA,1,2.95,見其他登記事項,鋼筋混凝土造,104年11月4日,二十一層,一層
RPPNMLKKLHMFFEA17CA,1,1.39,見其他登記事項,鋼筋混凝土造,104年11月4日,二十一層,
RPPNMLKKLHMFFEA17CA,1,.13,見其他登記事項,鋼筋混凝土造,104年11月4日,二十一層,一層
RPPNMLKKLHMFFEA17CA,1,128.58,見其他登記事項,鋼筋混凝土造,104年11月4日,二十一層,
RPRNMLKKLHMFFEA37CA,1,188.80,住家用,鋼筋混凝土造,104年11月4日,二十一層,七層
RPRNMLKKLHMFFEA37CA,1,90.04,見其他登記事項,鋼筋混凝土造,104年11月4日,二十一層,
RPRNMLKKLHMFFEA37CA,1,2.67,見其他登記事項,鋼筋混凝土造,104年11月4日,二十一層,一層
RPRNMLKKLHMFFEA37CA,1,4.78,見其他登記事項,鋼筋混凝土造,104年11月4日,二十一層,
RPRNMLKKLHMFFEA37CA,1,2.54,見其他登記事項,鋼筋混凝土造,104年11月4日,二十一層,一層
RPRNMLKKLHMFFEA37CA,1,1.19,見其他登記事項,鋼筋混凝土造,104年11月4日,二十一層,
RPRNMLKKLHMFFEA37CA,1,.07,見其他登記事項,鋼筋混凝土造,104年11月4日,二十一層,一層
RPRNMLKKLHMFFEA37CA,1,64.29,見其他登記事項,鋼筋混凝土造,104年11月4日,二十一層,
RPUPMLKKLHMFFEA87CA,1,32.09,見其他登記事項,鋼筋混凝土造,104年8月28日,十九層,十五層
RPUPMLKKLHMFFEA87CA,1,36.91,見其他登記事項,鋼筋混凝土造,104年8月28日,十九層,
RPUPMLKKLHMFFEA87CA,1,16.39,見其他登記事項,鋼筋混凝土造,104年8月28日,十九層,
RPQOMLMLKHMFFFA67CA,30,82.36,住家用,鋼筋混凝土造,76年2月16日,十四層,十三層
RPROMLMLKHMFFFA77CA,,82.47,住家用,鋼筋混凝土造,,十二層,五層
RPROMLMLKHMFFFA77CA,,13.54,共有部分,鋼筋混凝土造,,十二層,
RPTNMLNLKHMFFAA57DA,,104.23,住家用,鋼筋混凝土造,,四層,四層 陽台
RPPOMLNJLHMFFAA17DA,36,113.38,見使用執照,鋼筋混凝土造,70年6月2日,五層,二層
RPTNMLOLKHMFFAA67DA,13,.10,見其他登記事項,鋼筋混凝土造,93年5月14日,十二層,一層
RPTNMLOLKHMFFAA67DA,13,.00,共有部分,鋼筋混凝土造,93年5月14日,十二層,
RPTNMLOLKHMFFAA67DA,13,16.70,共有部分,鋼筋混凝土造,93年5月14日,十二層,
RPUOMLTJLHMFFAA28DA,15,203.93,住家用,鋼骨鋼筋混凝土造,91年3月21日,三層,一層 二層 三層 地下一層 見使用執照
RPUOMLTJLHMFFAA28DA,15,30.25,共有部分,鋼骨鋼筋混凝土造,91年3月21日,三層,
RPROMLTJLHMFFBA08DA,42,21.29,住家用,鋼筋混凝土造,63年8月6日,九層,五層
RPROMLTJLHMFFBA08DA,42,12.63,住家用,鋼筋混凝土造,63年8月6日,九層,
RPTNMLNLKHMFFBA67DA,34,98.71,住家用,鋼筋混凝土造,71年12月20日,七層,六層
RPTNMLNLKHMFFBA67DA,34,12.65,共有部分,鋼筋混凝土造,71年12月20日,七層,
RPQNMLPLKHMFFCA67DA,,163.20,,加強磚造,,三層,一層 二層 三層
RPOPMLLJLHMFFCA17DA,30,79.19,住家用,鋼筋混凝土造,76年2月4日,十二層,十一層
RPOPMLLJLHMFFCA17DA,30,3.81,共有部分,鋼筋混凝土造,76年2月4日,十二層,
RPOPMLLJLHMFFCA17DA,30,1.37,共有部分,鋼筋混凝土造,76年2月4日,十二層,
RPROMLMJLHMFFCA47DA,21,84.65,住家用,鋼筋混凝土造,84年8月29日,九層,七層
RPROMLMJLHMFFCA47DA,21,13.23,共有部分,鋼筋混凝土造,84年8月29日,九層,
RPROMLMJLHMFFCA47DA,21,39.06,見使用執照,鋼筋混凝土造,84年8月29日,九層,地下一層 地下二層
RPROMLMJLHMFFCA47DA,21,.01,共有部分,鋼筋混凝土造,84年8月29日,九層,
RPWPMLMLKHMFFCA18DA,,190.96,見其他登記事項,鋼筋混凝土造,105年6月8日,十四層,五層
RPWPMLMLKHMFFCA18DA,,240.45,見其他登記事項,鋼筋混凝土造,105年6月8日,十四層,
RPXPMLMLKHMFFCA28DA,,190.96,見其他登記事項,鋼筋混凝土造,105年6月8日,十四層,八層
RPXPMLMLKHMFFCA28DA,,240.45,見其他登記事項,鋼筋混凝土造,105年6月8日,十四層,
RPOQMLMLKHMFFCA47DA,,190.96,見其他登記事項,鋼筋混凝土造,105年6月8日,十四層,十層
RPOQMLMLKHMFFCA47DA,,240.45,見其他登記事項,鋼筋混凝土造,105年6月8日,十四層,
RPQQMLMLKHMFFCA67DA,,190.96,見其他登記事項,鋼筋混凝土造,105年6月8日,十四層,十一層
RPQQMLMLKHMFFCA67DA,,240.45,見其他登記事項,鋼筋混凝土造,105年6月8日,十四層,
RPSQMLMLKHMFFCA87DA,,191.44,見其他登記事項,鋼筋混凝土造,105年6月8日,十四層,十層
RPSQMLMLKHMFFCA87DA,,240.65,見其他登記事項,鋼筋混凝土造,105年6月8日,十四層,
RPTQMLMLKHMFFCA97DA,,190.96,見其他登記事項,鋼筋混凝土造,105年6月8日,十四層,十二層
RPTQMLMLKHMFFCA97DA,,200.35,見其他登記事項,鋼筋混凝土造,105年6月8日,十四層,
RPUQMLMLKHMFFCA08DA,,190.96,見其他登記事項,鋼筋混凝土造,105年6月8日,十四層,八層
RPUQMLMLKHMFFCA08DA,,200.35,見其他登記事項,鋼筋混凝土造,105年6月8日,十四層,
RPWNMLMLKHMFFCA97DA,,190.96,見其他登記事項,鋼筋混凝土造,105年6月8日,十四層,六層
RPWNMLMLKHMFFCA97DA,,232.31,見其他登記事項,鋼筋混凝土造,105年6月8日,十四層,
RPXNMLQKLHMFFDA48CA,24,104.08,見其他登記事項,鋼筋混凝土造,82年3月23日,十二層,八層
RPXNMLQKLHMFFDA48CA,24,29.94,共有部分,鋼筋混凝土造,82年3月23日,十二層,
RPTNMLNKLHMFFDA77CA,,92.99,住家用,鋼筋混凝土造,,七層,六層
RPTNMLNKLHMFFDA77CA,,18.39,共有部分,鋼筋混凝土造,,七層,
RPROMLOKLHMFFDA77CA,,79.43,商業用,鋼筋混凝土造,,四層,四層
RPSPMLKKLHMFFDA57CA,,48.12,見其他登記事項,鋼筋混凝土造,105年3月1日,六層,四層
RPSPMLKKLHMFFDA57CA,,57.07,見其他登記事項,鋼筋混凝土造,105年3月1日,六層,
RPUPMLKKLHMFFDA77CA,,41.93,見其他登記事項,鋼筋混凝土造,105年3月1日,六層,一層
RPUPMLKKLHMFFDA77CA,,19.33,見其他登記事項,鋼筋混凝土造,105年3月1日,六層,
RPQNMLNLKHMFFEA57CA,21,44.90,住家用,鋼筋混凝土造,85年1月26日,五層,三層
RPQNMLNLKHMFFEA57CA,21,8.06,共有部分,鋼筋混凝土造,85年1月26日,五層,
RPQNMLNLKHMFFEA57CA,21,5.79,共有部分,鋼筋混凝土造,85年1月26日,五層,
RPWNMLNLKHMFFEA18CA,41,93.00,住家用,鋼筋混凝土造,65年5月14日,四層,四層 陽台
RPOOMLNLKHMFFEA47CA,4,.68,見其他登記事項,鋼筋混凝土造,101年11月9日,十四層,一層
RPOOMLNLKHMFFEA47CA,4,66.37,見其他登記事項,鋼筋混凝土造,101年11月9日,十四層,
RPTNMLOLKHMFFEA97CA,28,94.58,住家用,鋼筋混凝土造,77年11月7日,五層,二層
RPTNMLOLKHMFFEA97CA,28,10.33,共有部分,鋼筋混凝土造,77年11月7日,五層,
RPWNMLOLKHMFFEA28CA,40,85.84,住家用,鋼筋混凝土造,65年11月4日,四層,三層 陽台
RPSOMLOLKHMFFEA97CA,23,64.18,住家用,鋼筋混凝土造,83年2月22日,五層,四層
RPSOMLOLKHMFFEA97CA,23,2.66,共有部分,鋼筋混凝土造,83年2月22日,五層,
RPWOMLNLKHMFFEA28CA,10,.35,見其他登記事項,鋼筋混凝土造,96年6月27日,十層,一層
RPWOMLNLKHMFFEA28CA,10,19.95,共有部分,鋼筋混凝土造,96年6月27日,十層,
RPWOMLNLKHMFFEA28CA,10,.05,共有部分,鋼筋混凝土造,96年6月27日,十層,
RPWOMLNLKHMFFEA28CA,10,.03,共有部分,鋼筋混凝土造,96年6月27日,十層,
RPWOMLNLKHMFFEA28CA,10,23.61,共有部分,鋼筋混凝土造,96年6月27日,十層,
RPWOMLNLKHMFFEA28CA,10,98.74,住家用,鋼筋混凝土造,96年6月27日,十層,八層
RPWOMLNLKHMFFEA28CA,10,12.67,共有部分,鋼筋混凝土造,96年6月27日,十層,
RPWOMLNLKHMFFEA28CA,10,9.21,共有部分,鋼筋混凝土造,96年6月27日,十層,
RPWOMLNLKHMFFEA28CA,10,14.49,共有部分,鋼筋混凝土造,96年6月27日,十層,
RPUNMLNJLHMFFEA87CA,47,68.20,住家用,加強磚造,59年3月25日,四層,二層
RPQPMLNKLHMFFEA77CA,2,.22,住家用,鋼筋混凝土造,104年7月17日,七層,一層
RPQPMLNKLHMFFEA77CA,2,.12,見其他登記事項,鋼筋混凝土造,104年7月17日,七層,
RPQPMLNKLHMFFEA77CA,1,72.98,見其他登記事項,鋼筋混凝土造,104年11月19日,五層,
RPQPMLNKLHMFFEA77CA,1,147.99,住家用,鋼筋混凝土造,104年11月19日,五層,三層
RPQPMLNKLHMFFEA77CA,1,58.86,見其他登記事項,鋼筋混凝土造,104年11月19日,五層,
RPQPMLNKLHMFFEA77CA,1,.15,住家用,鋼筋混凝土造,104年11月19日,五層,一層
RPQPMLNKLHMFFEA77CA,1,11.96,見其他登記事項,鋼筋混凝土造,104年11月19日,五層,
RPQPMLNKLHMFFEA77CA,1,.14,住家用,鋼筋混凝土造,104年11月19日,五層,一層
RPRNMLRKLHMFFEA08CA,1,32.74,見其他登記事項,鋼筋混凝土造,104年8月28日,十九層,十六層
RPRNMLRKLHMFFEA08CA,1,36.91,見其他登記事項,鋼筋混凝土造,104年8月28日,十九層,
RPRNMLRKLHMFFEA08CA,1,16.55,見其他登記事項,鋼筋混凝土造,104年8月28日,十九層,
RPSNMLRKLHMFFEA18CA,1,64.61,見其他登記事項,鋼筋混凝土造,104年8月28日,十九層,四層
RPSNMLRKLHMFFEA18CA,1,36.91,見其他登記事項,鋼筋混凝土造,104年8月28日,十九層,
RPSNMLRKLHMFFEA18CA,1,30.91,見其他登記事項,鋼筋混凝土造,104年8月28日,十九層,
RPTNMLRKLHMFFEA28CA,1,64.61,見其他登記事項,鋼筋混凝土造,104年8月28日,十九層,十層
RPTNMLRKLHMFFEA28CA,1,36.91,見其他登記事項,鋼筋混凝土造,104年8月28日,十九層,
RPTNMLRKLHMFFEA28CA,1,30.91,見其他登記事項,鋼筋混凝土造,104年8月28日,十九層,
RPUNMLRKLHMFFEA38CA,1,64.61,見其他登記事項,鋼筋混凝土造,104年8月28日,十九層,七層
RPUNMLRKLHMFFEA38CA,1,36.91,見其他登記事項,鋼筋混凝土造,104年8月28日,十九層,
RPUNMLRKLHMFFEA38CA,1,30.91,見其他登記事項,鋼筋混凝土造,104年8月28日,十九層,
RPVNMLRKLHMFFEA48CA,1,36.91,見其他登記事項,鋼筋混凝土造,104年8月28日,十九層,
RPVNMLRKLHMFFEA48CA,1,17.34,見其他登記事項,鋼筋混凝土造,104年8月28日,十九層,
RPVNMLRKLHMFFEA48CA,1,33.64,見其他登記事項,鋼筋混凝土造,104年8月28日,十九層,十四層
RPWNMLRKLHMFFEA58CA,1,17.81,見其他登記事項,鋼筋混凝土造,104年8月28日,十九層,
RPWNMLRKLHMFFEA58CA,1,34.31,見其他登記事項,鋼筋混凝土造,104年8月28日,十九層,十四層
RPWNMLRKLHMFFEA58CA,1,36.91,見其他登記事項,鋼筋混凝土造,104年8月28日,十九層,
RPXNMLRKLHMFFEA68CA,1,36.91,見其他登記事項,鋼筋混凝土造,104年8月28日,十九層,
RPXNMLRKLHMFFEA68CA,1,34.37,見其他登記事項,鋼筋混凝土造,104年8月28日,十九層,十三層
RPXNMLRKLHMFFEA68CA,1,17.81,見其他登記事項,鋼筋混凝土造,104年8月28日,十九層,
RPOOMLRKLHMFFEA87CA,1,32.09,見其他登記事項,鋼筋混凝土造,104年8月28日,十九層,十七層
RPOOMLRKLHMFFEA87CA,1,16.39,見其他登記事項,鋼筋混凝土造,104年8月28日,十九層,
RPPOMLRKLHMFFEA97CA,1,32.09,見其他登記事項,鋼筋混凝土造,104年8月28日,十九層,十四層
RPPOMLRKLHMFFEA97CA,1,36.91,見其他登記事項,鋼筋混凝土造,104年8月28日,十九層,
RPPOMLRKLHMFFEA97CA,1,16.39,見其他登記事項,鋼筋混凝土造,104年8月28日,十九層,
RPUOMLSJLHMFFEA48CA,22,152.81,住家用,鋼筋混凝土造,84年2月15日,五層,五層
RPUOMLSJLHMFFEA48CA,22,50.85,共有部分,鋼筋混凝土造,84年2月15日,五層,
RPOOMLQJLHMFFEA67CA,39,66.02,住家用,鋼筋混凝土造,66年9月13日,四層,四層
RPQPMLQJLHMFFEA97CA,56,123.58,住家用,磚造,50年2月13日,,一層 二層 騎樓
RPQNMLLJLHMFFBA96CA,,204.47,商業用,磚造,,三層,一層 二層 三層 騎樓
RPUOMLMLKHMFFBA67CA,39,12.38,見其他登記事項,鋼筋混凝土造,67年1月30日,十一層,
RPUOMLMLKHMFFBA67CA,39,62.44,住家用,鋼筋混凝土造,67年1月30日,十一層,四層
RPUOMLMLKHMFFBA67CA,39,13.48,見其他登記事項,鋼筋混凝土造,67年1月30日,十一層,
RPUOMLMLKHMFFBA67CA,39,67.41,住家用,鋼筋混凝土造,67年1月30日,十一層,四層
RPUOMLMLKHMFFBA67CA,39,17.78,見其他登記事項,鋼筋混凝土造,67年1月30日,十一層,
RPUOMLMLKHMFFBA67CA,39,89.14,住家用,鋼筋混凝土造,67年1月30日,十一層,四層
RPUOMLMLKHMFFBA67CA,39,27.21,見其他登記事項,鋼筋混凝土造,67年1月30日,十一層,
RPUOMLMLKHMFFBA67CA,39,136.61,住家用,鋼筋混凝土造,67年1月30日,十一層,四層
RPVOMLMLLHMFFAA77CA,2,131.50,住家用,鋼骨鋼筋混凝土造,104年4月27日,三十三層,七層
RPVOMLMLLHMFFAA77CA,2,39.12,見其他登記事項,鋼骨鋼筋混凝土造,104年4月27日,三十三層,
RPVOMLMLLHMFFAA77CA,2,15.25,見其他登記事項,鋼骨鋼筋混凝土造,104年4月27日,三十三層,
RPVOMLMLLHMFFAA77CA,2,49.40,見其他登記事項,鋼骨鋼筋混凝土造,104年4月27日,三十三層,
RPVOMLMLLHMFFAA77CA,2,28.11,見其他登記事項,鋼骨鋼筋混凝土造,104年4月27日,三十三層,
RPVOMLMLLHMFFAA77CA,2,3.96,見其他登記事項,鋼骨鋼筋混凝土造,104年4月27日,三十三層,
RPXOMLMLLHMFFAA97CA,2,169.58,住家用,鋼骨鋼筋混凝土造,104年4月27日,三十三層,十六層
RPXOMLMLLHMFFAA97CA,2,3.96,見其他登記事項,鋼骨鋼筋混凝土造,104年4月27日,三十三層,
RPXOMLMLLHMFFAA97CA,2,19.64,見其他登記事項,鋼骨鋼筋混凝土造,104年4月27日,三十三層,
RPXOMLMLLHMFFAA97CA,2,51.78,見其他登記事項,鋼骨鋼筋混凝土造,104年4月27日,三十三層,
RPXOMLMLLHMFFAA97CA,2,43.29,見其他登記事項,鋼骨鋼筋混凝土造,104年4月27日,三十三層,
RPXOMLMLLHMFFAA97CA,2,2.39,見其他登記事項,鋼骨鋼筋混凝土造,104年4月27日,三十三層,
RPXOMLMLLHMFFAA97CA,2,28.11,見其他登記事項,鋼骨鋼筋混凝土造,104年4月27日,三十三層,
RPPNMLNLKHMFFBA17CA,39,96.19,商業用,鋼筋混凝土造,66年7月12日,五層,三層
RPSNMLNLKHMFFBA47CA,,66.70,工業用,鋼筋混凝土造,,四層,一層 騎樓
RPUNMLNLKHMFFBA67CA,11,46.43,共有部分,鋼筋混凝土造,95年1月26日,十一層,
RPQNMLOLKHMFFAA27CA,21,96.95,住家用,鋼筋混凝土造,84年7月25日,十二層,四層 電梯樓梯間
RPQNMLOLKHMFFAA27CA,21,3.13,見使用執照,鋼筋混凝土造,84年7月25日,十二層,
RPQNMLOLKHMFFAA27CA,21,7.35,見使用執照,鋼筋混凝土造,84年7月25日,十二層,
RPVOMLNLKHMFFAA77CA,,81.75,住家用,鋼筋混凝土造,,五層,三層
RPPNMLRKLHMFFAA47CA,,121.78,住家用,鋼筋混凝土造,,五層,五層
RPWNMLKLLHMFFAA57CA,12,27.40,住家用,鋼筋混凝土造,93年11月5日,十三層,五層
RPWNMLKLLHMFFAA57CA,12,.30,共有部分,鋼筋混凝土造,93年11月5日,十三層,
RPWNMLKLLHMFFAA57CA,12,10.82,共有部分,鋼筋混凝土造,93年11月5日,十三層,
RPWNMLKLLHMFFAA57CA,12,42.34,共有部分,鋼筋混凝土造,93年11月5日,十三層,
RPOOMLPKLHMFFAA27CA,,46.39,見其他登記事項,鋼筋混凝土造,105年10月21日,十一層,五層
RPOOMLPKLHMFFAA27CA,,31.28,見其他登記事項,鋼筋混凝土造,105年10月21日,十一層,
RPROMLKLLHMFFAA17CA,,55.57,見其他登記事項,鋼筋混凝土造,105年10月21日,十一層,三層
RPROMLKLLHMFFAA17CA,,37.43,見其他登記事項,鋼筋混凝土造,105年10月21日,十一層,
RPROMLKLLHMFFAA17CA,,12.81,見其他登記事項,鋼筋混凝土造,105年10月21日,十一層,
RPRNMLQJLHMFFAA47CA,6,140.49,住家用,鋼筋混凝土造,100年7月13日,十八層,十二層
RPRNMLQJLHMFFAA47CA,6,32.16,見其他登記事項,鋼筋混凝土造,100年7月13日,十八層,
RPRNMLQJLHMFFAA47CA,6,3.75,見其他登記事項,鋼筋混凝土造,100年7月13日,十八層,
RPRNMLQJLHMFFAA47CA,6,59.64,見其他登記事項,鋼筋混凝土造,100年7月13日,十八層,
RPRNMLQJLHMFFAA47CA,6,23.96,見其他登記事項,鋼筋混凝土造,100年7月13日,十八層,
RPWOMLMJLHMFFAA67CA,,104.49,,鋼筋混凝土造,,五層,三層
RPVNMLPKLHMFFAA87CA,,46.47,見其他登記事項,鋼筋混凝土造,105年10月21日,十一層,三層
RPVNMLPKLHMFFAA87CA,,31.41,見其他登記事項,鋼筋混凝土造,105年10月21日,十一層,
RPQNMLRKLHMFFCA77CA,2,.50,見其他登記事項,鋼筋混凝土造,103年9月26日,十層,一層
RPQNMLRKLHMFFCA77CA,2,10.72,見其他登記事項,鋼筋混凝土造,103年9月26日,十層,
RPQNMLRKLHMFFCA77CA,2,.27,見其他登記事項,鋼筋混凝土造,103年9月26日,十層,
RPSPMLNLKHMFFCA77CA,35,120.71,住家用,鋼筋混凝土造,70年12月31日,七層,一層
RPSPMLNLKHMFFCA77CA,35,6.88,共有部分,鋼筋混凝土造,70年12月31日,七層,
RPQNMLNLKHMFFCA37CA,22,78.62,住家用,鋼筋混凝土造,84年3月30日,十二層,十層
RPQNMLNLKHMFFCA37CA,22,5.64,共有部分,鋼筋混凝土造,84年3月30日,十二層,
RPQNMLNLKHMFFCA37CA,22,16.67,見使用執照,鋼筋混凝土造,84年3月30日,十二層,地下層
RPSQMLSJLHMFFEA58DA,31,111.01,住家用,鋼筋混凝土造,74年8月13日,七層,四層
RPSQMLSJLHMFFEA58DA,31,16.94,共有部分,鋼筋混凝土造,74年8月13日,七層,
RPSOMLMLKHMFFEA87DA,45,23.72,住家用,鋼筋混凝土造,60年12月31日,四層,三層
RPSNMLNLKHMFFEA87DA,37,123.45,住家用,鋼筋混凝土造,69年2月22日,五層,三層
RPXNMLNLKHMFFEA38DA,33,70.52,住家用,鋼筋混凝土造,73年4月11日,五層,二層
RPOPMLNLKHMFFEA67DA,39,83.20,住家用,鋼筋混凝土造,67年1月31日,五層,二層
RPPPMLNLKHMFFEA77DA,17,28.67,住家用,鋼筋混凝土造,88年10月14日,六層,三層
RPPPMLNLKHMFFEA77DA,17,9.42,共有部分,鋼筋混凝土造,88年10月14日,六層,
RPPPMLNLKHMFFEA77DA,17,.92,共有部分,鋼筋混凝土造,88年10月14日,六層,
RPPOMLMJLHMFFEA47DA,38,95.73,住家用,鋼筋混凝土造,68年2月14日,五層,四層
RPPPMLNJLHMFFDA57DA,9,30.33,住家用,鋼筋混凝土造,97年2月5日,十四層,十二層
RPPPMLNJLHMFFDA57DA,9,14.95,共有部分,鋼筋混凝土造,97年2月5日,十四層,
RPTOMLSJLHMFFDA38DA,31,213.03,商業用,鋼筋混凝土造,74年10月29日,十六層,五層
RPTOMLSJLHMFFDA38DA,31,72.34,共有部分,鋼筋混凝土造,74年10月29日,十六層,
RPTOMLSJLHMFFDA38DA,31,35.88,見使用執照,鋼筋混凝土造,74年10月29日,十六層,地下一層
RPRNMLMJLHMFFDA47DA,55,129.60,住家用,加強磚造,51年2月1日,三層,一層 二層 三層
RPUOMLOLKHMFFDA18DA,33,25.10,共有部分,鋼筋混凝土造,72年9月1日,十二層,
RPUOMLOLKHMFFDA18DA,33,84.11,見其他登記事項,鋼筋混凝土造,72年9月1日,十二層,四層
RPOOMLOLKHMFFDA57DA,28,38.16,住家用,鋼筋混凝土造,77年11月23日,十二層,六層
RPOOMLOLKHMFFDA57DA,28,11.80,共有部分,鋼筋混凝土造,77年11月23日,十二層,
RPOOMLOLKHMFFDA57DA,28,1.05,共有部分,鋼筋混凝土造,77年11月23日,十二層,
RPPOMLOLKHMFFDA67DA,38,75.83,住家用,鋼筋混凝土造,67年9月30日,四層,二層
RPRQMLLJLHMFFDA67DA,15,14.86,停車空間,鋼筋混凝土造,90年10月9日,八層,地下一層 地下二層
RPRQMLLJLHMFFDA67DA,15,.03,共有部分,鋼筋混凝土造,90年10月9日,八層,
RPPNMLPLKHMFFEA77DA,37,111.27,住家用,鋼筋混凝土造,68年12月1日,四層,四層
RPSNMLNJLHMFFFA87DA,,167.18,,鋼筋混凝土造,,十二層,七層 陽台
RPPOMLNJLHMFFFA67DA,,112.46,,加強磚造,,四層,二層 露台
RPQOMLNJLHMFFFA77DA,5,142.82,住家用,鋼筋混凝土造,100年10月27日,十五層,十三層
RPQOMLNJLHMFFFA77DA,5,8.72,見其他登記事項,鋼筋混凝土造,100年10月27日,十五層,
RPQOMLNJLHMFFFA77DA,5,6.53,見其他登記事項,鋼筋混凝土造,100年10月27日,十五層,
RPQOMLNJLHMFFFA77DA,5,11.49,見其他登記事項,鋼筋混凝土造,100年10月27日,十五層,
RPQOMLNJLHMFFFA77DA,5,30.05,見其他登記事項,鋼筋混凝土造,100年10月27日,十五層,
RPQOMLNJLHMFFFA77DA,5,5.29,見其他登記事項,鋼筋混凝土造,100年10月27日,十五層,
RPQOMLNJLHMFFFA77DA,5,38.69,見其他登記事項,鋼筋混凝土造,100年10月27日,十五層,
RPOOMLQJLHMFFFA87DA,36,135.90,住家用,鋼筋混凝土造,69年12月15日,十二層,九層
RPOOMLQJLHMFFFA87DA,36,21.21,共有部分,鋼筋混凝土造,69年12月15日,十二層,
RPQQMLNLKHMFFCA67CA,9,33.31,住家用,鋼筋混凝土造,96年12月28日,七層,六層
RPQQMLNLKHMFFCA67CA,9,10.71,共有部分,鋼筋混凝土造,96年12月28日,七層,
RPQQMLNLKHMFFCA67CA,9,7.32,共有部分,鋼筋混凝土造,96年12月28日,七層,
RPPPMLNKLHMFFCA47CA,39,96.36,商業用,鋼筋混凝土造,67年3月1日,十一層,一層 騎樓
RPPPMLNKLHMFFCA47CA,39,42.46,共有部分,鋼筋混凝土造,67年3月1日,十一層,
RPVQMLQJLHMFFCA38CA,8,33.64,住家用,鋼筋混凝土造,98年1月23日,七層,二層
RPVQMLQJLHMFFCA38CA,8,21.96,共有部分,鋼筋混凝土造,98年1月23日,七層,
RPVPMLKKLHMFFCA77CA,31,96.31,住家用,鋼筋混凝土造,75年2月27日,五層,三層
RPVPMLKKLHMFFCA77CA,31,3.43,共有部分,鋼筋混凝土造,75年2月27日,五層,
RPQQMLQJLHMFFCA87CA,1,201.86,住家用,鋼筋混凝土造,104年10月15日,十一層,四層
RPQQMLQJLHMFFCA87CA,1,134.93,見其他登記事項,鋼筋混凝土造,104年10月15日,十一層,
RPQQMLQJLHMFFCA87CA,1,.63,見其他登記事項,鋼筋混凝土造,104年10月15日,十一層,一層
RPQQMLQJLHMFFCA87CA,1,.29,見其他登記事項,鋼筋混凝土造,104年10月15日,十一層,
RPQQMLQJLHMFFCA87CA,1,22.24,停車空間,鋼筋混凝土造,104年10月15日,十一層,地下一層 地下二層 地下三層
RPQQMLQJLHMFFCA87CA,1,15.04,見其他登記事項,鋼筋混凝土造,104年10月15日,十一層,
RPWOMLRJLHMFFCA38CA,33,82.12,住家用,鋼筋混凝土造,72年8月23日,五層,一層
RPWOMLRJLHMFFCA38CA,33,19.18,共有部分,鋼筋混凝土造,72年8月23日,五層,
RPQNMLNLLHMFFCA47CA,40,35.29,住家用,鋼筋混凝土造,66年1月21日,十層,五層
RPQNMLNLLHMFFCA47CA,40,6.07,共有部分,鋼筋混凝土造,66年1月21日,十層,
RPXNMLLLLHMFFAA77CA,,170.47,見其他登記事項,鋼骨鋼筋混凝土造,105年1月26日,十九層,六層
RPXNMLLLLHMFFAA77CA,,33.51,見其他登記事項,鋼骨鋼筋混凝土造,105年1月26日,十九層,
RPXNMLLLLHMFFAA77CA,,22.50,見其他登記事項,鋼骨鋼筋混凝土造,105年1月26日,十九層,
RPXNMLLLLHMFFAA77CA,,68.85,見其他登記事項,鋼骨鋼筋混凝土造,105年1月26日,十九層,
RPOOMLLLLHMFFAA96CA,,170.47,見其他登記事項,鋼骨鋼筋混凝土造,105年1月26日,十九層,七層
RPOOMLLLLHMFFAA96CA,,33.51,見其他登記事項,鋼骨鋼筋混凝土造,105年1月26日,十九層,
RPOOMLLLLHMFFAA96CA,,22.50,見其他登記事項,鋼骨鋼筋混凝土造,105年1月26日,十九層,
RPOOMLLLLHMFFAA96CA,,68.85,見其他登記事項,鋼骨鋼筋混凝土造,105年1月26日,十九層,
RPPOMLLLLHMFFAA07CA,,174.21,見其他登記事項,鋼骨鋼筋混凝土造,105年1月26日,十九層,六層
RPPOMLLLLHMFFAA07CA,,34.95,見其他登記事項,鋼骨鋼筋混凝土造,105年1月26日,十九層,
RPPOMLLLLHMFFAA07CA,,23.37,見其他登記事項,鋼骨鋼筋混凝土造,105年1月26日,十九層,
RPPOMLLLLHMFFAA07CA,,68.85,見其他登記事項,鋼骨鋼筋混凝土造,105年1月26日,十九層,
RPQOMLLLLHMFFAA17CA,,170.47,見其他登記事項,鋼骨鋼筋混凝土造,105年1月26日,十九層,十五層
RPQOMLLLLHMFFAA17CA,,33.51,見其他登記事項,鋼骨鋼筋混凝土造,105年1月26日,十九層,
RPQOMLLLLHMFFAA17CA,,22.50,見其他登記事項,鋼骨鋼筋混凝土造,105年1月26日,十九層,
RPQOMLLLLHMFFAA17CA,,68.85,見其他登記事項,鋼骨鋼筋混凝土造,105年1月26日,十九層,
RPPNMLRJLHMFFAA37CA,,65.59,,鋼筋混凝土造,,四層,四層 陽台
RPXOMLNLKHMFFAA97CA,28,104.89,住家用,鋼筋混凝土造,78年6月27日,十二層,八層
RPXOMLNLKHMFFAA97CA,28,26.12,共有部分,鋼筋混凝土造,78年6月27日,十二層,
RPUNMLLJLHMFFAA27CA,10,138.30,住家用,鋼筋混凝土造,96年2月1日,九層,四層
RPUNMLLJLHMFFAA27CA,10,51.16,共有部分,鋼筋混凝土造,96年2月1日,九層,
RPUNMLLJLHMFFAA27CA,10,30.24,共有部分,鋼筋混凝土造,96年2月1日,九層,
RPUNMLLJLHMFFAA27CA,10,4.92,共有部分,鋼筋混凝土造,96年2月1日,九層,
RPUOMLNLKHMFFBA77CA,39,43.68,商業用,鋼筋混凝土造,66年12月30日,十層,九層
RPUOMLNLKHMFFBA77CA,39,5.95,共有部分,鋼筋混凝土造,66年12月30日,十層,
RPUOMLNLKHMFFBA77CA,39,4.82,共有部分,鋼筋混凝土造,66年12月30日,十層,
RPXOMLNLKHMFFBA08CA,,61.39,,加強磚造,,二層,一層
RPQNMLOLKHMFFBA37CA,1,36.89,住家用,見其他登記事項,105年3月31日,二十六層,十七層
RPQNMLOLKHMFFBA37CA,1,19.30,見其他登記事項,見其他登記事項,105年3月31日,二十六層,
RPQNMLOLKHMFFBA37CA,1,1.51,見其他登記事項,見其他登記事項,105年3月31日,二十六層,一層 二層
RPQNMLOLKHMFFBA37CA,1,.62,見其他登記事項,見其他登記事項,105年3月31日,二十六層,
RPTNMLOLKHMFFBA67CA,31,76.94,住家用,鋼筋混凝土造,75年6月13日,五層,四層
RPTNMLOLKHMFFBA67CA,31,3.83,共有部分,鋼筋混凝土造,75年6月13日,五層,
RPROMLMLLHMFFAA37CA,3,.18,見其他登記事項,鋼骨鋼筋混凝土造,102年11月18日,十二層,一層
RPROMLMLLHMFFAA37CA,3,113.92,住家用,鋼筋混凝土造,102年11月18日,十二層,四層
RPROMLMLLHMFFAA37CA,3,6.66,見其他登記事項,鋼骨鋼筋混凝土造,102年11月18日,十二層,
RPROMLMLLHMFFAA37CA,3,42.43,見其他登記事項,見其他登記事項,102年11月18日,十二層,
RPROMLMLLHMFFAA37CA,3,54.04,見其他登記事項,鋼骨鋼筋混凝土造,102年11月18日,十二層,
RPROMLMLLHMFFAA37CA,3,.07,見其他登記事項,見其他登記事項,102年11月18日,十二層,
RPWNMLOLKHMFFBA97CA,,74.14,,加強磚造,,三層,一層 騎樓
RPOOMLOLKHMFFBA27CA,,8.59,,鋼筋混凝土造,,四層,四層
RPPOMLOLKHMFFBA37CA,2,127.79,住家用,鋼筋混凝土造,104年2月10日,十八層,十二層
RPPOMLOLKHMFFBA37CA,2,43.00,見其他登記事項,鋼筋混凝土造,104年2月10日,十八層,
RPPOMLOLKHMFFBA37CA,2,10.71,見其他登記事項,鋼筋混凝土造,104年2月10日,十八層,
RPPOMLOLKHMFFBA37CA,2,.05,見其他登記事項,鋼筋混凝土造,104年2月10日,十八層,一層
RPPOMLOLKHMFFBA37CA,2,.02,見其他登記事項,鋼筋混凝土造,104年2月10日,十八層,
RPPOMLOLKHMFFBA37CA,2,25.86,見其他登記事項,鋼筋混凝土造,104年2月10日,十八層,
RPPOMLOLKHMFFBA37CA,2,.61,見其他登記事項,鋼筋混凝土造,104年2月10日,十八層,
RPPOMLOLKHMFFBA37CA,2,11.67,見其他登記事項,鋼筋混凝土造,104年2月10日,十八層,
RPPOMLOLKHMFFBA37CA,2,.48,見其他登記事項,鋼筋混凝土造,104年2月10日,十八層,
RPPOMLOLKHMFFBA37CA,2,1.11,見其他登記事項,鋼筋混凝土造,104年2月10日,十八層,
RPPOMLOLKHMFFBA37CA,2,1.19,見其他登記事項,鋼筋混凝土造,104年2月10日,十八層,
RPPOMLOLKHMFFBA37CA,2,1.19,見其他登記事項,鋼筋混凝土造,104年2月10日,十八層,
RPRNMLLJLHMFFBA07CA,,148.28,,加強磚造,,三層,二層 三層
RPSNMLMJLHMFFBA27CA,30,76.94,住家用,鋼筋混凝土造,75年6月13日,五層,四層
RPSNMLMJLHMFFBA27CA,30,3.83,共有部分,鋼筋混凝土造,75年6月13日,五層,
RPPOMLLJLHMFFBA96CA,12,14.10,停車空間,鋼筋混凝土造,93年10月28日,十二層,地下二層
RPPOMLLJLHMFFBA96CA,12,24.38,共有部分,鋼筋混凝土造,93年10月28日,十二層,
RPRNMLLLLHMFFEA57CA,29,196.42,住家用,鋼筋混凝土造,77年4月26日,五層,一層
RPRNMLLLLHMFFEA57CA,29,2.16,共有部分,鋼筋混凝土造,77年4月26日,五層,
RPRNMLLLLHMFFEA57CA,29,27.72,見使用執照,鋼筋混凝土造,77年4月26日,五層,地下層
RPTPMLOLKHMFFEA18CA,40,67.35,住家用,鋼筋混凝土造,66年3月1日,四層,三層
RPUPMLOLKHMFFEA28CA,39,99.12,住家用,鋼筋混凝土造,67年4月4日,四層,二層
RPPOMLLJLHMFFEA27CA,40,75.28,住家用,鋼筋混凝土造,66年4月26日,四層,一層
RPPNMLOLKHMFFEA57CA,8,55.76,見其他登記事項,鋼筋混凝土造,97年11月11日,十層,四層
RPPNMLOLKHMFFEA57CA,8,67.71,共有部分,鋼筋混凝土造,97年11月11日,十層,
RPQNMLOLKHMFFEA67CA,38,103.35,住家用,鋼筋混凝土造,68年2月21日,四層,三層
RPWPMLKKLHMFFDA97CA,1,58.66,見其他登記事項,鋼筋混凝土造,105年3月1日,六層,二層
RPWPMLKKLHMFFDA97CA,1,61.94,見其他登記事項,鋼筋混凝土造,105年3月1日,六層,
RPWNMLQJLHMFFDA28CA,38,77.55,住家用,鋼筋混凝土造,67年9月30日,四層,一層
RPWNMLLJLHMFFDA77CA,,46.38,見其他登記事項,鋼筋混凝土造,,十二層,十一層
RPWNMLLJLHMFFDA77CA,,17.65,共有部分,鋼筋混凝土造,,十二層,
RPQNMLPLKHMFFDA67CA,22,163.73,見使用執照,鋼筋混凝土造,83年11月11日,四層,二層
RPQNMLPLKHMFFDA67CA,22,28.77,共有部分,鋼筋混凝土造,83年11月11日,四層,
RPQNMLPLKHMFFDA67CA,22,92.15,共有部分,鋼筋混凝土造,83年11月11日,四層,
RPRNMLPLKHMFFDA77CA,22,163.73,見使用執照,鋼筋混凝土造,83年11月11日,四層,三層
RPRNMLPLKHMFFDA77CA,22,28.77,共有部分,鋼筋混凝土造,83年11月11日,四層,
RPRNMLPLKHMFFDA77CA,22,92.15,共有部分,鋼筋混凝土造,83年11月11日,四層,
RPQOMLOKLHMFFDA67CA,,100.21,住家用,鋼筋混凝土造,,四層,二層 陽台
RPPNMLRJLHMFFDA67CA,32,100.54,住家用,鋼筋混凝土造,74年5月17日,五層,五層
RPPNMLRJLHMFFDA67CA,32,6.16,共有部分,鋼筋混凝土造,74年5月17日,五層,
RPPNMLRJLHMFFDA67CA,32,2.18,見使用執照,鋼筋混凝土造,74年5月17日,五層,地下層
RPPNMLSKLHMFFDA87CA,14,601.28,見使用執照,見其他登記事項,92年1月30日,二十一層,三層
RPPNMLSKLHMFFDA87CA,14,311.07,共有部分,見其他登記事項,92年5月30日,二十一層,
RPPNMLSKLHMFFDA87CA,14,515.23,見使用執照,見其他登記事項,92年1月30日,二十一層,三層
RPPNMLSKLHMFFDA87CA,14,237.53,共有部分,見其他登記事項,92年5月30日,二十一層,
RPPNMLSKLHMFFDA87CA,14,266.45,共有部分,見其他登記事項,92年5月30日,二十一層,
RPPNMLSKLHMFFDA87CA,14,237.53,共有部分,見其他登記事項,92年5月30日,二十一層,
RPRNMLPLKHMFFCA77DA,33,83.56,住家用,鋼筋混凝土造,73年6月1日,七層,六層
RPRNMLPLKHMFFCA77DA,33,9.55,共有部分,鋼筋混凝土造,73年6月1日,七層,
RPQNMLRJLHMFFCA77DA,32,116.24,住家用,鋼筋混凝土造,73年12月14日,十二層,八層
RPQNMLRJLHMFFCA77DA,32,21.54,共有部分,鋼筋混凝土造,73年12月14日,十二層,
RPQNMLRJLHMFFCA77DA,32,49.57,見使用執照,鋼筋混凝土造,73年12月14日,十二層,地下層
RPQNMLRJLHMFFCA77DA,32,1.31,共有部分,鋼筋混凝土造,73年12月14日,十二層,
RPOOMLOLKHMFFCA47DA,9,60.78,住家用,鋼筋混凝土造,97年6月19日,七層,七層
RPOOMLOLKHMFFCA47DA,9,34.49,共有部分,鋼筋混凝土造,97年6月19日,十層,
RPOOMLOLKHMFFCA47DA,9,10.48,共有部分,鋼筋混凝土造,97年6月19日,七層,
RPUNMLOLKHMFFBA87DA,39,7.08,住商用,鋼筋混凝土造,66年8月22日,十一層,九層
RPUNMLOLKHMFFBA87DA,39,1.63,共有部分,鋼筋混凝土造,66年8月22日,十一層,
RPQNMLPLKHMFFBA57DA,,58.68,住家用,鋼筋混凝土造,,四層,四層
RPPNMLOJLHMFFBA27DA,32,43.44,住家用,鋼筋混凝土造,73年9月21日,五層,四層
RPWNMLPKLHMFFFA48CA,35,137.86,住家用,鋼筋混凝土造,70年12月4日,七層,四層
RPWNMLPKLHMFFFA48CA,35,7.69,共有部分,鋼筋混凝土造,70年12月4日,七層,
RPXNMLNLKHMFFFA38CA,,54.82,住家用,鋼筋混凝土造,,十二層,八層 陽台
RPXNMLNLKHMFFFA38CA,,8.17,共有部分,鋼筋混凝土造,,十二層,
RPXNMLNLKHMFFFA38CA,,.02,共有部分,鋼筋混凝土造,,十二層,
RPXNMLNLKHMFFFA38CA,,4.92,見使用執照,鋼筋混凝土造,,十二層,避難室兼停車場
RPTNMLOLKHMFFFA08CA,21,23.20,商業用,鋼筋混凝土造,85年7月25日,九層,地下二層
RPTNMLOLKHMFFFA08CA,21,9.05,共有部分,鋼筋混凝土造,85年7月25日,九層,
RPTNMLOLKHMFFFA08CA,21,1.12,共有部分,鋼筋混凝土造,85年7月25日,九層,
RPTNMLOLKHMFFFA08CA,21,3.76,共有部分,鋼筋混凝土造,85年7月25日,九層,
RPPNMLRLLHMFFEA97CA,9,.16,見其他登記事項,鋼筋混凝土造,97年1月30日,九層,一層
RPPNMLRLLHMFFEA97CA,9,.11,共有部分,鋼筋混凝土造,97年1月30日,九層,
RPPNMLRLLHMFFEA97CA,9,14.63,共有部分,鋼筋混凝土造,97年1月30日,九層,
RPPNMLRLLHMFFEA97CA,9,22.20,住家用,鋼筋混凝土造,97年1月30日,九層,三層
RPPNMLRLLHMFFEA97CA,9,14.09,共有部分,鋼筋混凝土造,97年1月30日,九層,
RPTNMLMJLHMFFFA77CA,1,91.21,見其他登記事項,鋼筋混凝土造,104年10月8日,十三層,七層
RPTNMLMJLHMFFFA77CA,1,35.10,見其他登記事項,鋼筋混凝土造,104年10月8日,十三層,
RPTNMLMJLHMFFFA77CA,1,18.96,見其他登記事項,鋼筋混凝土造,104年10月8日,十三層,
RPQNMLOJLHMFFBA37DA,31,43.17,住家用,鋼筋混凝土造,74年12月30日,五層,三層
RPQNMLOJLHMFFBA37DA,31,1.85,共有部分,鋼筋混凝土造,74年12月30日,五層,
RPRNMLOLLHMFFBA67DA,,62.25,住家用,加強磚造,,二層,一層 二層
RPPNMLOJLHMFFAA17DA,34,20.16,共有部分,鋼筋混凝土造,72年2月11日,七層,
RPPNMLOJLHMFFAA17DA,34,127.41,住家用,鋼筋混凝土造,72年2月11日,七層,三層
RPPNMLOJLHMFFAA17DA,34,.92,共有部分,鋼筋混凝土造,72年2月11日,七層,
RPVNMLOLKHMFFCA08DA,35,25.38,住家用,鋼筋混凝土造,70年12月8日,十三層,九層
RPVNMLOLKHMFFCA08DA,35,8.90,共有部分,鋼筋混凝土造,70年12月8日,十三層,
RPQPMLTJLHMFFCA18DA,36,117.06,住家用,鋼筋混凝土造,69年7月21日,五層,二層
RPOPMLNJLHMFFCA37DA,11,74.72,住家用,鋼筋混凝土造,94年9月14日,十二層,五層
RPOPMLNJLHMFFCA37DA,11,43.00,共有部分,鋼筋混凝土造,94年9月14日,十三層,
RPOPMLNJLHMFFCA37DA,11,20.95,共有部分,鋼筋混凝土造,94年9月14日,十二層,
RPOPMLNJLHMFFCA37DA,10,.70,共有部分,見其他登記事項,96年6月13日,一層,
RPUOMLRKLHMFFDA38CA,6,158.34,見其他登記事項,鋼筋混凝土造,100年3月4日,十五層,八層
RPUOMLRKLHMFFDA38CA,6,63.16,見其他登記事項,鋼筋混凝土造,100年3月4日,十五層,
RPUOMLRKLHMFFDA38CA,6,8.30,見其他登記事項,鋼筋混凝土造,100年3月4日,十五層,
RPUOMLRKLHMFFDA38CA,6,39.32,見其他登記事項,鋼筋混凝土造,100年3月4日,十五層,
RPQPMLOLKHMFFDA77CA,21,25.38,住家用,鋼筋混凝土造,84年12月13日,十一層,十層 電梯樓梯間
RPQPMLOLKHMFFDA77CA,21,2.90,共有部分,鋼筋混凝土造,84年12月13日,十一層,
RPSPMLLJLHMFFDA57CA,12,141.82,見其他登記事項,見其他登記事項,93年12月16日,十七層,十二層
RPSPMLLJLHMFFDA57CA,12,1.17,共有部分,見其他登記事項,93年12月16日,十七層,
RPSPMLLJLHMFFDA57CA,12,.87,共有部分,見其他登記事項,93年12月16日,十七層,
RPSPMLLJLHMFFDA57CA,12,3.63,共有部分,見其他登記事項,93年12月16日,十七層,
RPSPMLLJLHMFFDA57CA,12,1.31,共有部分,見其他登記事項,93年12月16日,十七層,
RPSPMLLJLHMFFDA57CA,12,93.82,共有部分,見其他登記事項,93年12月16日,十七層,
RPSPMLLJLHMFFDA57CA,12,34.96,共有部分,見其他登記事項,93年12月16日,十七層,
RPSPMLLJLHMFFDA57CA,12,3.68,共有部分,見其他登記事項,93年12月16日,十七層,
RPTPMLLJLHMFFDA67CA,12,225.75,見其他登記事項,見其他登記事項,93年12月16日,十七層,十二層
RPTPMLLJLHMFFDA67CA,12,1.38,共有部分,見其他登記事項,93年12月16日,十七層,
RPTPMLLJLHMFFDA67CA,12,5.77,共有部分,見其他登記事項,93年12月16日,十七層,
RPTPMLLJLHMFFDA67CA,12,2.09,共有部分,見其他登記事項,93年12月16日,十七層,
RPTPMLLJLHMFFDA67CA,12,1.86,共有部分,見其他登記事項,93年12月16日,十七層,
RPTPMLLJLHMFFDA67CA,12,11.05,共有部分,見其他登記事項,93年12月16日,十七層,
RPTPMLLJLHMFFDA67CA,12,149.35,共有部分,見其他登記事項,93年12月16日,十七層,
RPTPMLLJLHMFFDA67CA,12,104.89,共有部分,見其他登記事項,93年12月16日,十七層,
RPVOMLNJLHMFFDA97CA,,59.20,,加強磚造,,二層,一層 二層
RPTPMLQJLHMFFDA18CA,42,110.13,住家用,鋼筋混凝土造,63年8月15日,八層,陽台 七層
RPPQMLQJLHMFFDA87CA,45,117.04,住家用,鋼筋混凝土造,60年12月20日,四層,二層
RPTNMLLJLHMFFEA57CA,37,100.59,住家用,鋼筋混凝土造,68年11月13日,四層,三層
RPXOMLOLKHMFFEA48CA,36,65.69,住家用,鋼筋混凝土造,69年8月8日,四層,一層
RPPPMLOLKHMFFEA77CA,44,111.16,住家用,鋼筋混凝土造,61年11月29日,四層,一層
RPTNMLNJLHMFFEA77CA,43,96.76,住家用,鋼筋混凝土造,62年10月24日,四層,四層
RPXNMLLJLHMFFBA67CA,40,67.39,住家用,鋼筋混凝土造,66年1月28日,五層,三層
RPTOMLOLKHMFFBA77CA,5,.02,見其他登記事項,見其他登記事項,100年9月23日,二十七層,一層
RPTOMLOLKHMFFBA77CA,5,.00,見其他登記事項,見其他登記事項,100年9月23日,二十七層,
RPTOMLOLKHMFFBA77CA,5,.67,見其他登記事項,見其他登記事項,100年9月23日,二十七層,
RPTOMLOLKHMFFBA77CA,5,.00,見其他登記事項,見其他登記事項,101年3月20日,二十七層,
RPTOMLOLKHMFFBA77CA,5,.01,見其他登記事項,見其他登記事項,101年3月20日,二十七層,
RPTOMLOLKHMFFBA77CA,5,2.27,見其他登記事項,見其他登記事項,101年3月20日,二十七層,
RPTOMLOLKHMFFBA77CA,5,3.45,見其他登記事項,見其他登記事項,101年3月20日,二十七層,
RPTOMLOLKHMFFBA77CA,5,.00,見其他登記事項,見其他登記事項,100年9月23日,二十七層,
RPTOMLOLKHMFFBA77CA,5,5.82,見其他登記事項,見其他登記事項,100年9月23日,二十七層,
RPTOMLOLKHMFFBA77CA,5,5.23,見其他登記事項,見其他登記事項,100年9月23日,二十七層,
RPTOMLOLKHMFFBA77CA,5,1.91,見其他登記事項,見其他登記事項,100年9月23日,二十七層,
RPTOMLOLKHMFFBA77CA,5,.96,見其他登記事項,見其他登記事項,100年9月23日,二十七層,
RPTOMLOLKHMFFBA77CA,5,122.62,住家用,見其他登記事項,101年3月20日,二十七層,九層
RPTOMLOLKHMFFBA77CA,5,.42,見其他登記事項,見其他登記事項,101年3月20日,二十七層,
RPTOMLOLKHMFFBA77CA,5,42.05,見其他登記事項,見其他登記事項,101年3月20日,二十七層,
RPTOMLOLKHMFFBA77CA,5,.09,見其他登記事項,見其他登記事項,101年3月20日,二十七層,
RPTOMLOLKHMFFBA77CA,5,14.17,見其他登記事項,見其他登記事項,100年9月23日,二十七層,
RPTOMLOLKHMFFBA77CA,5,.23,見其他登記事項,見其他登記事項,100年9月23日,二十七層,
RPQNMLQJLHMFFBA47CA,12,.49,住家用,鋼筋混凝土造,93年10月28日,十二層,一層
RPQNMLQJLHMFFBA47CA,12,.03,共有部分,鋼筋混凝土造,93年10月28日,十二層,
RPQNMLQJLHMFFBA47CA,12,.07,共有部分,鋼筋混凝土造,93年10月28日,十二層,
RPQNMLQJLHMFFBA47CA,12,117.37,住家用,鋼筋混凝土造,93年10月28日,十二層,七層
RPQNMLQJLHMFFBA47CA,12,43.78,共有部分,鋼筋混凝土造,93年10月28日,十二層,
RPQNMLQJLHMFFBA47CA,12,8.02,共有部分,鋼筋混凝土造,93年10月28日,十二層,
RPQNMLQJLHMFFBA47CA,12,36.95,共有部分,鋼筋混凝土造,93年10月28日,十二層,
RPSOMLOLKHMFFAA57CA,,99.52,見其他登記事項,鋼骨鋼筋混凝土造,105年9月30日,十七層,四層
RPSOMLOLKHMFFAA57CA,,90.25,見其他登記事項,鋼骨鋼筋混凝土造,105年9月30日,十七層,
RPTOMLOLKHMFFAA67CA,5,118.26,住家用,鋼筋混凝土造,100年10月24日,十二層,三層
RPTOMLOLKHMFFAA67CA,5,6.59,見其他登記事項,鋼筋混凝土造,100年10月24日,十二層,
RPTOMLOLKHMFFAA67CA,5,53.50,見其他登記事項,鋼筋混凝土造,100年10月24日,十二層,
RPTOMLOLKHMFFAA67CA,5,9.60,見其他登記事項,鋼筋混凝土造,100年10月24日,十二層,
RPTOMLOLKHMFFAA67CA,5,15.96,見其他登記事項,鋼筋混凝土造,100年10月24日,十二層,
RPPNMLQKLHMFFAA37CA,,47.47,見其他登記事項,鋼筋混凝土造,105年10月21日,十一層,四層
RPPNMLQKLHMFFAA37CA,,32.05,見其他登記事項,鋼筋混凝土造,105年10月21日,十一層,
RPVNMLLLLHMFFAA57CA,,170.47,見其他登記事項,鋼骨鋼筋混凝土造,105年1月26日,十九層,十層
RPVNMLLLLHMFFAA57CA,,33.51,見其他登記事項,鋼骨鋼筋混凝土造,105年1月26日,十九層,
RPVNMLLLLHMFFAA57CA,,22.50,見其他登記事項,鋼骨鋼筋混凝土造,105年1月26日,十九層,
RPVNMLLLLHMFFAA57CA,,68.85,見其他登記事項,鋼骨鋼筋混凝土造,105年1月26日,十九層,
RPWNMLLLLHMFFAA67CA,,174.21,見其他登記事項,鋼骨鋼筋混凝土造,105年1月26日,十九層,六層
RPWNMLLLLHMFFAA67CA,,34.95,見其他登記事項,鋼骨鋼筋混凝土造,105年1月26日,十九層,
RPWNMLLLLHMFFAA67CA,,23.37,見其他登記事項,鋼骨鋼筋混凝土造,105年1月26日,十九層,
RPWNMLLLLHMFFAA67CA,,68.85,見其他登記事項,鋼骨鋼筋混凝土造,105年1月26日,十九層,
RPXNMLPKLHMFFAA08CA,,47.47,見其他登記事項,鋼筋混凝土造,105年10月21日,十一層,三層
RPXNMLPKLHMFFAA08CA,,32.05,見其他登記事項,鋼筋混凝土造,105年10月21日,十一層,
RPPNMLNJLHMFFAA96CA,30,55.76,住家用,鋼筋混凝土造,76年3月28日,十一層,八層
RPPNMLNJLHMFFAA96CA,30,20.93,共有部分,鋼筋混凝土造,76年3月28日,十一層,
RPVOMLMJLHMFFAA57CA,,73.70,,鋼筋混凝土造,,四層,一層
RPXNMLNJLHMFFAA77CA,,99.87,,鋼筋混凝土造,,四層,二層 陽台
RPUNMLMLLHMFFCA77CA,1,76.75,住家用,鋼筋混凝土造,105年6月1日,十三層,十一層
RPUNMLMLLHMFFCA77CA,1,65.32,見其他登記事項,鋼筋混凝土造,105年6月1日,十三層,
RPSOMLKLLHMFFCA47CA,1,51.09,住家用,見其他登記事項,105年6月2日,十二層,八層
RPSOMLKLLHMFFCA47CA,1,27.36,見其他登記事項,見其他登記事項,105年6月2日,十二層,
RPSOMLKLLHMFFCA47CA,1,14.74,停車空間,見其他登記事項,105年6月2日,十二層,地下一層 地下二層 地下三層
RPSOMLKLLHMFFCA47CA,1,.84,見其他登記事項,見其他登記事項,105年6月2日,十二層,
RPSOMLKLLHMFFCA47CA,1,31.67,見其他登記事項,見其他登記事項,105年6月2日,十二層,
RPPOMLLJLHMFFCA07CA,8,49.61,住家用,鋼筋混凝土造,97年11月28日,八層,三層
RPPOMLLJLHMFFCA07CA,8,19.83,共有部分,鋼筋混凝土造,97年11月28日,八層,
RPPOMLLJLHMFFCA07CA,8,6.76,共有部分,鋼筋混凝土造,97年11月28日,八層,
RPUPMLOLKHMFFCA08CA,29,57.32,商業用,鋼筋混凝土造,76年8月26日,十二層,十一層
RPUPMLOLKHMFFCA08CA,29,7.11,共有部分,鋼筋混凝土造,76年8月26日,十二層,
RPUPMLOLKHMFFCA08CA,29,12.70,共有部分,鋼筋混凝土造,76年8月26日,十二層,
RPTNMLLJLHMFFCA37CA,21,21.56,商業用,鋼筋混凝土造,85年3月7日,九層,八層
RPTNMLLJLHMFFCA37CA,21,21.35,共有部分,鋼筋混凝土造,85年3月7日,九層,
RPTNMLLJLHMFFCA37CA,21,35.38,共有部分,鋼筋混凝土造,85年3月7日,九層,
RPTNMLLJLHMFFCA37CA,21,13.25,商業用,鋼筋混凝土造,85年3月7日,九層,八層
RPTNMLLJLHMFFCA37CA,21,14.05,商業用,鋼筋混凝土造,85年3月7日,九層,八層
RPTNMLLJLHMFFCA37CA,21,22.77,商業用,鋼筋混凝土造,85年3月7日,九層,八層
RPXPMLMJLHMFFCA08CA,,49.06,住家用,鋼筋混凝土造,105年9月13日,八層,二層
RPXPMLMJLHMFFCA08CA,,14.83,見其他登記事項,鋼筋混凝土造,105年9月13日,八層,
RPXPMLMJLHMFFCA08CA,,26.16,見其他登記事項,鋼筋混凝土造,105年9月13日,八層,
RPRQMLMJLHMFFCA57CA,,33.33,住家用,鋼筋混凝土造,105年9月13日,八層,六層
RPRQMLMJLHMFFCA57CA,,7.42,見其他登記事項,鋼筋混凝土造,105年9月13日,八層,
RPRQMLMJLHMFFCA57CA,,33.33,住家用,鋼筋混凝土造,105年9月13日,八層,六層
RPRQMLMJLHMFFCA57CA,,17.76,見其他登記事項,鋼筋混凝土造,105年9月13日,八層,
RPRQMLMJLHMFFCA57CA,,7.42,見其他登記事項,鋼筋混凝土造,105年9月13日,八層,
RPRQMLMJLHMFFCA57CA,,17.76,見其他登記事項,鋼筋混凝土造,105年9月13日,八層,
RPUOMLMJLHMFFCA67CA,,49.26,住家用,鋼筋混凝土造,105年9月13日,八層,四層
RPUOMLMJLHMFFCA67CA,,14.83,見其他登記事項,鋼筋混凝土造,105年9月13日,八層,
RPUOMLMJLHMFFCA67CA,,26.24,見其他登記事項,鋼筋混凝土造,105年9月13日,八層,
RPXOMLMJLHMFFCA97CA,8,80.11,共有部分,見其他登記事項,98年4月22日,九層,
RPPPMLMJLHMFFCA27CA,,65.98,住家用,鋼筋混凝土造,105年9月13日,八層,三層
RPPPMLMJLHMFFCA27CA,,14.83,見其他登記事項,鋼筋混凝土造,105年9月13日,八層,
RPPPMLMJLHMFFCA27CA,,35.10,見其他登記事項,鋼筋混凝土造,105年9月13日,八層,
RPQPMLMJLHMFFCA37CA,8,395.09,見其他登記事項,見其他登記事項,98年4月22日,九層,一層 夾層
RPQPMLMJLHMFFCA37CA,8,272.57,共有部分,見其他登記事項,98年4月22日,九層,
RPQPMLMJLHMFFCA37CA,8,200.28,共有部分,見其他登記事項,98年4月22日,九層,
RPQNMLPLKHMFFEA87DA,39,33.09,共有部分,鋼筋混凝土造,66年10月17日,七層,
RPQNMLPLKHMFFEA87DA,39,82.30,住家用,鋼筋混凝土造,66年10月17日,七層,四層
RPVNMLQKLHMFFDA38DA,33,34.01,見其他登記事項,鋼筋混凝土造,73年6月8日,十五層,七層
RPVNMLQKLHMFFDA38DA,33,12.56,共有部分,鋼筋混凝土造,73年6月8日,十五層,
RPQQMLLJLHMFFDA57DA,4,187.33,住家用,鋼筋混凝土造,101年9月11日,十三層,六層
RPQQMLLJLHMFFDA57DA,4,22.40,見其他登記事項,鋼筋混凝土造,101年9月11日,十三層,
RPQQMLLJLHMFFDA57DA,4,43.85,見其他登記事項,鋼筋混凝土造,101年9月11日,十三層,
RPQQMLLJLHMFFDA57DA,4,138.49,見其他登記事項,鋼筋混凝土造,101年9月11日,十三層,
RPPPMLKKLHMFFFA57DA,29,23.66,共有部分,鋼筋混凝土造,76年10月9日,五層,
RPPPMLKKLHMFFFA57DA,29,107.75,住家用,鋼筋混凝土造,76年10月9日,五層,四層
