鄉鎮市區,租賃標的,土地區段位置或建物區門牌,租賃總面積平方公尺,都市土地使用分區,非都市土地使用分區,非都市土地使用編定,租賃年月日,租賃筆棟數,租賃層次,總樓層數,建物型態,主要用途,主要建材,建築完成年月,租賃總面積平方公尺,建物現況格局-房,建物現況格局-廳,建物現況格局-衛,建物現況格局-隔間,有無管理組織,有無附傢俱,總額元,單價每平方公尺,車位類別,租賃總面積平方公尺,租金總額元,備註,編號
信義區,建物,臺北市信義區虎林街164巷60弄1~30號,0.0,住,,,1060215,土地0建物1車位0,二層,4,公寓(5樓含以下無電梯),住家用,鋼筋混凝土造,,88.22,3,2,1,有,無,有,25000,283,,0.0,0,續約,RPOPMLPKKHMFFDA77CC
松山區,房地(土地+建物),臺北市松山區八德路三段241~270號,3.44,商,,,1060206,土地1建物1車位0,七層,12,辦公商業大樓,商業用,鋼筋混凝土造,0710907,44.66,0,0,0,無,無,無,14000,313,,0.0,0,,RPQOMLQKKHMFFDA97CC
松山區,建物,臺北市松山區復興北路427巷1~30號,0.0,住,,,1060121,土地0建物1車位0,四層,11,套房(1房1廳1衛),住家用,鋼筋混凝土造,0971013,29.22,1,1,1,有,有,有,18500,633,,0.0,0,,RPROMLQKKHMFFDA08CC
松山區,房地(土地+建物),臺北市松山區光復北路1~30號,6.97,商,,,1060124,土地9建物1車位0,九層,12,住宅大樓(11層含以上有電梯),住家用,鋼筋混凝土造,0780216,60.96,0,1,1,有,有,無,22000,361,,0.0,0,,RPSOMLQKKHMFFDA18CC
南港區,房地(土地+建物)+車位,臺北市南港區園區街1~30號,265.2,工,,,1060210,土地1建物1車位7,十一層,21,廠辦,見使用執照,見其他登記事項,0920130,1314.96,0,0,0,無,有,無,530000,403,坡道平面,332.57,0,,RPUOMLQKKHMFFDA38CC
松山區,建物,臺北市松山區敦化北路61~90號,0.0,商,,,1060209,土地0建物1車位0,九層,14,辦公商業大樓,見其他登記事項,鋼骨鋼筋混凝土造,0990531,520.17,0,0,0,無,無,有,369773,711,,0.0,0,租金含稅1060410-1060430租金258841；1060501-1090131租金369773；1090201-1111130租金380866,RPOPMLQKKHMFFDA87CC
松山區,建物,臺北市松山區八德路二段391~420號,0.0,商,,,1060201,土地0建物1車位0,十二層,13,住宅大樓(11層含以上有電梯),見其他登記事項,鋼筋混凝土造,0950823,79.27,2,2,2,有,有,有,60000,757,,0.0,0,含管理費,RPQPMLQKKHMFFDA08CC
南港區,建物,臺北市南港區向陽路196巷1~30號,0.0,住,,,1060216,土地0建物1車位0,三層,7,華廈(10層含以下有電梯),住家用,鋼筋混凝土造,0980514,238.60000000000002,4,2,2,有,有,無,43000,180,,0.0,0,,RPRPMLQKKHMFFDA18CC
大同區,房地(土地+建物),臺北市大同區赤峰街1~30號,49.0,住,,,1060202,土地1建物1車位0,全,4,透天厝,住商用,鋼筋混凝土造,0720129,166.46,4,3,4,有,無,無,70000,421,,0.0,0,,RPSNMLQKKHMFFBA87CC
大同區,建物,臺北市大同區民權西路121~150號,0.0,商,,,1060125,土地0建物1車位0,七層,14,套房(1房1廳1衛),住家用,鋼筋混凝土造,0970623,40.15,1,1,1,有,有,無,18000,448,,0.0,0,,RPUNMLQKKHMFFBA08CC
萬華區,建物,臺北市萬華區康定路91~120號,0.0,商,,,1060121,土地0建物1車位0,四層,26,住宅大樓(11層含以上有電梯),住家用,見其他登記事項,1050331,76.25999999999999,1,1,1,有,有,有,26000,341,,0.0,0,租金含管理費。,RPWNMLQKKHMFFBA28CC
士林區,建物,臺北市士林區芝玉路一段211~240號,0.0,住,,,1060201,土地0建物1車位0,九層,17,住宅大樓(11層含以上有電梯),住家用,鋼骨鋼筋混凝土造,0971112,273.0,3,2,2,有,有,有,84800,311,,0.0,0,租金內含管理費。,RPWNMLQKKHMFFEA58CC
北投區,建物,臺北市北投區裕民六路121~150號,0.0,商,,,1060101,土地0建物1車位0,四層,10,華廈(10層含以下有電梯),商業用,鋼筋混凝土造,0860225,136.76999999999998,3,2,2,有,有,有,32000,234,,0.0,0,,RPROMLQKKHMFFEA18CC
內湖區,建物,臺北市內湖區民權東路六段280巷1~30號,28.0,住,,,1060108,土地0建物1車位1,七層,11,住宅大樓(11層含以上有電梯),住家用,鋼筋混凝土造,0930927,213.0,4,2,2,有,無,有,46000,216,坡道平面,17.81,0,,RPQNMLQKKHMFFCA77CC
內湖區,建物,臺北市內湖區堤頂大道二段391~420號,0.0,工,,,1060210,土地0建物1車位2,六層,10,廠辦,工業用,見使用執照,0910826,432.1,0,0,0,無,有,無,156852,363,坡道平面,0.0,0,,RPTNMLQKKHMFFCA08CC
內湖區,建物,臺北市內湖區金莊路61~90號,0.0,其他,,,1060118,土地0建物1車位1,十三層,14,住宅大樓(11層含以上有電梯),商業用,鋼筋混凝土造,0990512,218.47000000000003,5,2,3,有,有,無,45000,206,坡道平面,0.0,0,,RPXNMLQKKHMFFCA48CC
中山區,建物,臺北市中山區長安東路一段56巷1弄1~30號,0.0,商,,,1060201,土地0建物1車位0,五層,7,華廈(10層含以下有電梯),住家用,鋼筋混凝土造,0971126,149.18,3,2,2,有,無,有,57000,382,,0.0,0,,RPOOMLQKKHMFFCA67CC
中山區,建物,臺北市中山區德惠街1~30號,0.0,商,,,1060124,土地0建物1車位0,八層,10,華廈(10層含以下有電梯),住家用,鋼筋混凝土造,0680402,122.28,3,2,2,有,有,無,23000,188,,0.0,0,,RPPOMLQKKHMFFCA77CC
中山區,建物,臺北市中山區復興北路31~60號,0.0,商,,,1060124,土地0建物1車位0,四層,12,辦公商業大樓,商業用,鋼筋混凝土造,0690729,327.99,0,0,0,無,有,無,125000,381,,0.0,0,,RPQOMLQKKHMFFCA87CC
中山區,建物,臺北市中山區敬業二路69巷31~60號,0.0,商,,,1060125,土地0建物1車位0,八層,10,套房(1房1廳1衛),見其他登記事項,鋼筋混凝土造,0961218,31.369999999999997,1,1,1,有,有,無,17000,542,,0.0,0,,RPROMLQKKHMFFCA97CC
中山區,建物,臺北市中山區松江路121~150號,0.0,商,,,1060125,土地0建物1車位2,六層,15,辦公商業大樓,商業用,鋼筋混凝土造,0750204,901.61,0,0,0,無,有,無,494025,548,坡道平面,66.9,0,,RPSOMLQKKHMFFCA08CC
內湖區,建物,臺北市內湖區陽光街345巷1~30號,0.0,工,,,1060214,土地0建物1車位1,四層,6,廠辦,工業用,鋼筋混凝土造,0861106,474.2,0,0,0,無,有,無,153600,324,坡道平面,35.52,0,,RPOPMLQKKHMFFCA77CC
中山區,建物,臺北市中山區林森北路361~390號,0.0,商,,,1060208,土地0建物1車位0,十層,18,住宅大樓(11層含以上有電梯),商業用,鋼筋混凝土造,0980916,181.45,2,2,2,有,有,有,72000,397,,0.0,0,,RPPPMLQKKHMFFCA87CC
中山區,建物,臺北市中山區松江路100巷1~30號,0.0,住,,,1060206,土地0建物1車位0,四層,6,套房(1房1廳1衛),住家用,鋼筋混凝土造,0711209,42.98,0,0,0,無,有,有,37800,879,,0.0,0,1)租金含稅2)此案為部分出租，租賃面積以現況為準,RPQPMLQKKHMFFCA97CC
中山區,建物,臺北市中山區松江路330巷31~60號,0.0,住,,,1060131,土地0建物1車位0,九層,9,套房(1房1廳1衛),住家用,鋼筋混凝土造,0961207,41.93,1,1,1,有,有,無,21000,501,,0.0,0,,RPSPMLQKKHMFFCA18CC
中山區,建物,臺北市中山區新生北路二段68巷1~30號,0.0,商,,,1060127,土地0建物1車位0,七層,7,套房(1房1廳1衛),商業用,鋼筋混凝土造,0670505,45.79,1,1,1,有,有,無,20000,437,,0.0,0,,RPTPMLQKKHMFFCA28CC
中山區,建物,臺北市中山區林森北路61~90號,0.0,商,,,1060208,土地0建物1車位0,七層,14,住宅大樓(11層含以上有電梯),商業用,鋼筋混凝土造,0961106,200.48,4,2,2,有,有,有,74800,373,,0.0,0,租金內含管理費。,RPXPMLQKKHMFFCA68CC
中山區,建物,臺北市中山區南京東路二段91~120號,0.0,商,,,1060201,土地0建物1車位0,十二層,18,套房(1房1廳1衛),住家用,見其他登記事項,0990917,68.11,1,1,1,有,有,有,38000,558,,0.0,0,,RPOQMLQKKHMFFCA87CC
中山區,建物,臺北市中山區建國北路一段61~90號,0.0,商,,,1060125,土地0建物2車位3,十一層,13,辦公商業大樓,商業用,鋼筋混凝土造,0851207,595.5,4,0,0,有,有,有,318683,535,坡道平面,0.0,0,,RPSQMLQKKHMFFCA28CC
大安區,建物,臺北市大安區臥龍街181~210號,0.0,住,,,1060101,土地0建物1車位0,六層,9,華廈(10層含以下有電梯),住家用,鋼筋混凝土造,0971009,126.97,4,2,2,有,有,無,40000,315,,0.0,0,,RPUNMLQKKHMFFFA48CC
大安區,建物,臺北市大安區和平東路一段199巷1~30號,0.0,住,,,1060201,土地0建物1車位0,六層,7,華廈(10層含以下有電梯),住家用,鋼筋混凝土造,0951228,99.86000000000001,3,2,1,有,有,有,60000,601,,0.0,0,租金含管理費,RPVNMLQKKHMFFFA58CC
中山區,建物,臺北市中山區伊通街1~30號,0.0,商,,,1060203,土地0建物1車位0,二層,13,住宅大樓(11層含以上有電梯),住家用,鋼筋混凝土造,1020509,127.02,3,2,2,有,有,有,70000,551,,0.0,0,租金含管理費,RPXNMLRKKHMFFCA58CC
中山區,建物,臺北市中山區林森北路571~600號,0.0,商,,,1060205,土地0建物1車位0,十二層,13,住宅大樓(11層含以上有電梯),住家用,鋼筋混凝土造,1000726,105.34,1,2,1,有,有,有,65000,617,,0.0,0,租金含管理費、IP電視費用。,RPOOMLRKKHMFFCA77CC
中山區,建物,臺北市中山區基湖路121~150號,0.0,住,,,1060216,土地0建物1車位1,二層,7,華廈(10層含以下有電梯),住家用,鋼筋混凝土造,0981201,236.15,3,2,2,有,有,有,83000,351,升降機械,20.8,0,,RPSOMLRKKHMFFCA18CC
中山區,建物,臺北市中山區民權西路9巷1~30號,0.0,商,,,1060205,土地0建物1車位0,六層,14,住宅大樓(11層含以上有電梯),見其他登記事項,鋼筋混凝土造,1011112,72.04,2,2,1,有,有,有,45000,625,,0.0,0,租金含管理費。,RPUOMLRKKHMFFCA38CC
中山區,建物,臺北市中山區農安街241~270號,0.0,住,,,1060214,土地0建物1車位0,七層,7,華廈(10層含以下有電梯),住家用,鋼筋混凝土造,0720929,105.56,3,2,2,有,無,有,34000,322,,0.0,0,,RPXOMLRKKHMFFCA68CC
中山區,建物,臺北市中山區敬業一路121~150號,0.0,商,,,1060215,土地0建物1車位1,一層,11,住宅大樓(11層含以上有電梯),見其他登記事項,鋼筋混凝土造,0990512,246.04000000000002,3,2,2,有,有,有,105000,427,坡道平面,51.92,0,,RPOPMLRKKHMFFCA87CC
內湖區,建物,臺北市內湖區安泰街61~90號,0.0,住,,,1060215,土地0建物1車位0,六層,6,華廈(10層含以下有電梯),住家用,鋼筋混凝土造,0970619,142.11,4,3,3,有,有,有,30000,211,,0.0,0,,RPOQMLRKKHMFFCA97CC
中山區,房地(土地+建物),臺北市中山區民生東路一段31~60號,53.4,商,,,1060215,土地1建物1車位0,四層,11,辦公商業大樓,商業用,鋼筋混凝土造,0830110,283.63,0,0,0,無,有,有,86000,303,,0.0,0,部份承租,RPRQMLRKKHMFFCA28CC
士林區,建物,臺北市士林區中山北路六段157巷1~30號,0.0,工,,,1060201,土地0建物1車位0,十二層,15,住宅大樓(11層含以上有電梯),見其他登記事項,鋼筋混凝土造,0971002,92.53999999999999,2,2,1,有,有,有,60000,648,,0.0,0,租金含管理費。,RPSNMLRKKHMFFEA28CC
士林區,建物,臺北市士林區中山北路七段14巷31弄1~30號,0.0,住,,,1060201,土地0建物1車位0,四層,9,華廈(10層含以下有電梯),住家用,鋼筋混凝土造,0990211,218.64,3,2,3,有,有,有,105000,480,,0.0,0,,RPVNMLRKKHMFFEA58CC
北投區,建物,臺北市北投區公館路271~300號,0.0,住,,,1060101,土地0建物1車位0,五層,6,華廈(10層含以下有電梯),住家用,鋼筋混凝土造,0820804,98.23,3,2,2,有,有,無,22000,224,,0.0,0,,RPRPMLRKKHMFFEA38CC
北投區,建物,臺北市北投區大同街211~240號,0.0,住,,,1060101,土地0建物1車位1,十四層,14,住宅大樓(11層含以上有電梯),住家用,鋼筋混凝土造,0940222,208.01999999999998,5,2,3,有,有,無,100000,481,坡道平面,36.17,0,,RPSPMLRKKHMFFEA48CC
北投區,建物,臺北市北投區裕民六路114巷36弄1~30號,0.0,住,,,1060201,土地0建物1車位0,三層,4,套房(1房1廳1衛),住家用,鋼筋混凝土造,0650506,59.28,1,1,1,有,無,無,17000,287,,0.0,0,,RPWPMLRKKHMFFEA88CC
大同區,建物,臺北市大同區太原路61~90號,0.0,商,,,1060207,土地0建物1車位0,六層,14,套房(1房1廳1衛),住家用,鋼筋混凝土造,0971211,37.36,1,1,1,有,有,有,18000,482,,0.0,0,,RPPNMLRKKHMFFBA67CC
大同區,建物,臺北市大同區太原路61~90號,0.0,商,,,1060210,土地0建物1車位0,七層,14,住宅大樓(11層含以上有電梯),住家用,鋼筋混凝土造,0971211,96.47,2,2,1,有,有,有,37500,389,,0.0,0,,RPQNMLRKKHMFFBA77CC
萬華區,建物,臺北市萬華區康定路151~180號,0.0,商,,,1060216,土地0建物1車位0,七層,10,華廈(10層含以下有電梯),住家用,鋼筋混凝土造,0710512,132.09,4,2,3,有,有,有,33000,250,,0.0,0,,RPSNMLRKKHMFFBA97CC
信義區,建物,臺北市信義區基隆路二段121~150號,0.0,住,,,1060105,土地0建物1車位0,十層,12,住宅大樓(11層含以上有電梯),商業用,鋼筋混凝土造,0790119,50.26,1,1,1,有,無,有,20000,398,,0.0,0,,RPRNMLRKKHMFFDA08CC
信義區,建物,臺北市信義區信義路五段121~150號,0.0,其他,,,1060216,土地0建物1車位0,十九層,5,住宅大樓(11層含以上有電梯),住家用,見其他登記事項,0951229,91.97,1,1,1,有,有,有,45586,496,,0.0,0,,RPWNMLRKKHMFFDA58CC
松山區,建物,臺北市松山區南京東路五段61~90號,43.74,商,,,1060121,土地0建物1車位0,二層,14,住宅大樓(11層含以上有電梯),商業用,鋼筋混凝土造,0731004,358.37,0,0,0,無,有,無,220000,614,,0.0,0,,RPROMLRKKHMFFDA18CC
松山區,建物,臺北市松山區民生東路五段69巷3弄1~30號,0.0,住,,,1060126,土地0建物1車位0,四層,7,住宅大樓(11層含以上有電梯),住家用,鋼筋混凝土造,0680719,113.02000000000001,2,1,2,有,有,有,60000,531,,0.0,0,,RPVOMLSKKHMFFDA68CC
信義區,建物,臺北市信義區光復南路421巷1~30號,0.0,商,,,1060120,土地0建物1車位0,一層,7,華廈(10層含以下有電梯),商業用,鋼筋混凝土造,,70.6,1,1,1,有,無,無,30000,425,,0.0,0,,RPOPMLSKKHMFFDA08CC
中正區,建物,臺北市中正區仁愛路二段9巷1~30號,0.0,住,,,1060203,土地0建物1車位0,二層,7,華廈(10層含以下有電梯),住家用,鋼筋混凝土造,0971114,30.84,1,1,1,有,有,有,17000,551,,0.0,0,,RPRNMLSKKHMFFBA97CC
大同區,建物,臺北市大同區酒泉街121~150號,0.0,住,,,1060214,土地0建物1車位0,一層,4,店面(店鋪),,鋼筋混凝土造,0640319,93.17,0,1,1,有,無,無,35000,376,,0.0,0,,RPTNMLSKKHMFFBA18CC
中正區,建物,臺北市中正區臨沂街61巷1~30號,27.83,住,,,1060211,土地0建物1車位0,二層,6,華廈(10層含以下有電梯),住家用,鋼筋混凝土造,0721014,120.43,3,2,2,有,有,有,38000,316,,0.0,0,,RPQOMLSKKHMFFBA97CC
士林區,建物,臺北市士林區芝玉路一段197巷1~30號,0.0,住,,,1060201,土地0建物1車位0,地下一層,5,公寓(5樓含以下無電梯),見使用執照,鋼筋混凝土造,0750220,98.36999999999999,3,2,2,有,無,有,16000,163,,0.0,0,,RPROMLSKKHMFFEA38CC
北投區,建物,臺北市北投區明德路1~30號,0.0,住,,,1060101,土地0建物1車位0,四層,15,住宅大樓(11層含以上有電梯),住家用,鋼筋混凝土造,1050425,138.32,3,2,2,有,有,有,78000,564,,0.0,0,,RPOPMLSKKHMFFEA18CC
中山區,建物,臺北市中山區合江街55巷1~30號,0.0,住,,,1060121,土地0建物1車位0,五層,5,華廈(10層含以下有電梯),住家用,鋼筋混凝土造,0980414,65.5,1,1,1,有,有,有,38500,588,,0.0,0,,RPTNMLSKKHMFFCA28CC
中山區,建物,臺北市中山區龍江路120巷1~30號,0.0,商,,,1060123,土地0建物1車位0,七層,11,辦公商業大樓,商業用,鋼筋混凝土造,0880524,78.38,1,1,1,有,有,有,31000,396,,0.0,0,,RPUNMLSKKHMFFCA38CC
中山區,建物,臺北市中山區松江路31~60號,0.0,住,,,1060201,土地0建物1車位0,十層,12,住宅大樓(11層含以上有電梯),住家用,鋼筋混凝土造,0790514,46.24,1,1,1,有,有,無,16000,346,,0.0,0,,RPVNMLSKKHMFFCA48CC
中山區,建物,臺北市中山區伊通街106巷1~30號,67.36,住,,,1060120,土地0建物1車位0,一層,3,公寓(5樓含以下無電梯),,加強磚造,,67.36,0,0,0,無,無,無,46000,683,,0.0,0,,RPROMLSKKHMFFCA18CC
內湖區,建物,臺北市內湖區內湖路一段661~690號,0.0,其他,,,1060123,土地0建物1車位1,十八層,18,住宅大樓(11層含以上有電梯),住家用,見其他登記事項,0991123,129.72,2,1,1,有,有,有,50000,385,坡道平面,45.08,0,,RPUOMLSKKHMFFCA48CC
大安區,建物,臺北市大安區光復南路240巷31~60號,0.0,商,,,1060101,土地0建物1車位0,九層,11,住宅大樓(11層含以上有電梯),住家用,鋼筋混凝土造,0941213,67.13,2,1,1,有,有,有,50000,745,,0.0,0,,RPUNMLSKKHMFFFA68CC
大安區,建物,臺北市大安區忠孝東路四段49巷1~30號,0.0,商,,,1060119,土地0建物1車位0,一層,7,店面(店鋪),商業用,鋼筋混凝土造,,241.66,0,0,0,無,無,無,580000,2400,,0.0,0,,RPXNMLSKKHMFFFA98CC
內湖區,房地(土地+建物)+車位,臺北市內湖區陽光街345巷1~30號,0.0,工,,,1060120,土地1建物1車位1,六層,9,廠辦,工業用,鋼筋混凝土造,0901212,326.97,0,0,0,無,有,無,130000,398,坡道平面,0.0,0,,RPWNMLTKKHMFFCA68CC
信義區,建物,臺北市信義區松智路1~30號,0.0,其他,,,1060104,土地0建物1車位0,十七層,27,辦公商業大樓,見其他登記事項,見其他登記事項,0980320,302.48,5,1,0,有,有,無,326655,1080,,0.0,0,,RPPNMLTKKHMFFDA08CC
松山區,建物,臺北市松山區敦化南路一段100巷7弄1~30號,0.0,住,,,1060214,土地0建物1車位0,二層,7,華廈(10層含以下有電梯),住家用,鋼筋混凝土造,1030521,95.75,1,2,1,有,無,有,41000,428,,0.0,0,,RPPOMLKLKHMFFDA37CC
信義區,建物,臺北市信義區忠孝東路五段391~420號,0.0,商,,,1060211,土地0建物1車位0,七層,18,住宅大樓(11層含以上有電梯),見使用執照,鋼筋混凝土造,0860121,134.58,1,2,2,有,有,有,65000,483,,0.0,0,,RPQOMLKLKHMFFDA47CC
松山區,房地(土地+建物),臺北市松山區敦化北路91~120號,0.0,其他,,,1060209,土地1建物1車位0,六層,14,辦公商業大樓,商業用,鋼筋混凝土造,0730211,806.0699999999999,0,0,0,無,有,無,343500,426,,0.0,0,,RPROMLKLKHMFFDA57CC
松山區,建物,臺北市松山區民生東路五段36巷4弄1~30號,7.93,其他,,,1060208,土地0建物1車位0,一層,4,店面(店鋪),商業用,鋼筋混凝土造,0670602,21.09,0,0,0,無,無,無,12000,569,,0.0,0,,RPSOMLKLKHMFFDA67CC
松山區,建物,臺北市松山區復興北路427巷1~30號,0.0,住,,,1060215,土地0建物1車位0,十一層,11,住宅大樓(11層含以上有電梯),住家用,鋼筋混凝土造,0971013,39.68,1,1,1,有,有,有,33000,832,,0.0,0,租金內含管理費,RPWOMLKLKHMFFDA08CC
士林區,建物,臺北市士林區中山北路六段290巷7弄31~60號,0.0,住,,,1060201,土地0建物1車位0,二層,5,華廈(10層含以下有電梯),住家用,鋼筋混凝土造,0690522,146.13000000000002,3,2,2,有,有,有,63000,431,,0.0,0,,RPQNMLKLKHMFFEA47CC
士林區,建物,臺北市士林區天母西路13巷1~30號,0.0,商,,,1060101,土地0建物1車位0,三層,7,華廈(10層含以下有電梯),住家用,鋼筋混凝土造,0731113,151.98000000000002,3,2,2,有,有,有,70000,461,,0.0,0,,RPWOMLKLKHMFFEA18CC
萬華區,建物,臺北市萬華區成都路121~150號,0.0,商,,,1060208,土地0建物1車位0,七層,15,住宅大樓(11層含以上有電梯),住家用,鋼筋混凝土造,1041001,97.79,2,1,1,有,有,有,31000,317,,0.0,0,,RPSNMLKLKHMFFBA37CC
中正區,建物,臺北市中正區忠孝東路二段61~90號,0.0,商,,,1060210,土地0建物1車位0,五層,13,辦公商業大樓,商業用,鋼筋混凝土造,0881125,140.93,0,0,0,無,有,無,68000,483,,0.0,0,,RPTNMLKLKHMFFBA47CC
萬華區,建物,臺北市萬華區康定路91~120號,0.0,商,,,1060214,土地0建物1車位0,二十二層,26,住宅大樓(11層含以上有電梯),住家用,見其他登記事項,1050331,137.76,3,2,2,有,有,有,40000,290,,0.0,0,,RPUNMLKLKHMFFBA57CC
中山區,建物,臺北市中山區明水路511~540號,0.0,住,,,1060203,土地0建物1車位1,三層,15,住宅大樓(11層含以上有電梯),住家用,鋼筋混凝土造,0821222,151.39,4,2,2,有,有,有,43500,287,坡道平面,0.0,0,,RPVOMLKLKHMFFCA87CC
中山區,建物,臺北市中山區雙城街19巷1~30號,0.0,商,,,1060201,土地0建物1車位0,十三層,14,套房(1房1廳1衛),住家用,鋼筋混凝土造,0970312,71.02000000000001,1,1,1,有,有,有,19000,268,,0.0,0,,RPQPMLKLKHMFFCA47CC
中山區,房地(土地+建物),臺北市中山區松江路77巷1~30號,0.0,住,,,1060217,土地1建物1車位0,四層,11,住宅大樓(11層含以上有電梯),商業用,鋼筋混凝土造,0931224,33.49,1,1,1,有,有,有,28500,851,,0.0,0,,RPRPMLKLKHMFFCA57CC
中山區,建物,臺北市中山區長春路181~210號,0.0,商,,,1060207,土地0建物1車位0,七層,14,住宅大樓(11層含以上有電梯),住家用,鋼筋混凝土造,0990324,203.67,3,2,2,有,有,有,72000,354,,0.0,0,,RPSPMLKLKHMFFCA67CC
中山區,建物,臺北市中山區中山北路一段83巷31~60號,0.0,商,,,1060210,土地0建物1車位0,九層,15,住宅大樓(11層含以上有電梯),住家用,鋼筋混凝土造,0970314,133.0,2,2,1,有,有,有,60000,451,,0.0,0,租金含管理費,RPVPMLKLKHMFFCA97CC
內湖區,建物,臺北市內湖區洲子街61~90號,0.0,工,,,1060220,土地0建物1車位3,三層,10,廠辦,工業用,見其他登記事項,0950418,306.78999999999996,0,0,0,無,有,無,110000,359,坡道平面,167.01,0,,RPWPMLKLKHMFFCA08CC
中山區,房地(土地+建物),臺北市中山區中山北路二段128巷1~30號,75.0,住,,,1060124,土地1建物1車位0,二層,2,公寓(5樓含以下無電梯),,加強磚造,,50.37,1,1,1,有,無,有,28000,556,,0.0,0,夾層增建、房屋前後增建約25坪,RPOQMLKLKHMFFCA37CC
內湖區,建物,臺北市內湖區瑞光路601~630號,0.0,其他,,,1060111,土地0建物1車位6,六層,10,辦公商業大樓,工業用,鋼筋混凝土造,0930105,932.02,7,0,0,有,有,無,326000,424,坡道平面,204.8,18000,,RPPQMLKLKHMFFCA47CC
中山區,建物,臺北市中山區中山北路二段31~60號,0.0,商,,,1060206,土地0建物1車位0,九層,12,辦公商業大樓,商業用,鋼筋混凝土造,0761103,82.32,0,0,0,無,有,無,45000,547,,0.0,0,,RPQQMLKLKHMFFCA57CC
中山區,房地(土地+建物)+車位,臺北市中山區樂群二路181~210號,54.53,商,,,1060201,土地1建物1車位0,八層,11,辦公商業大樓,見其他登記事項,見其他登記事項,1040310,256.52,0,0,0,無,無,無,130000,507,坡道平面,81.66,0,,RPTQMLKLKHMFFCA87CC
大安區,建物,臺北市大安區信義路四段61~90號,0.0,商,,,1060201,土地0建物1車位0,一層,12,住宅大樓(11層含以上有電梯),商業用,鋼筋混凝土造,0751229,69.45,0,1,1,有,無,無,100000,1440,,0.0,0,租金含稅含費,RPQNMLKLKHMFFFA57CC
大安區,建物,臺北市大安區復興南路二段193巷1~30號,0.0,商,,,1060201,土地0建物1車位0,九層,12,住宅大樓(11層含以上有電梯),住家用,鋼筋混凝土造,1040508,236.21,3,2,2,有,有,有,80000,339,,0.0,0,,RPTNMLKLKHMFFFA87CC
大安區,房地(土地+建物),臺北市大安區大安路一段19巷1~30號,0.0,住,,,1060101,土地1建物1車位0,二層,4,公寓(5樓含以下無電梯),住家用,鋼筋混凝土造,0610811,86.29,3,1,2,有,無,無,28000,324,,0.0,0,,RPVNMLKLKHMFFFA08CC
大安區,建物,臺北市大安區忠孝東路三段1~30號,0.0,商,,,1060201,土地0建物1車位0,七層,15,住宅大樓(11層含以上有電梯),見其他登記事項,鋼骨鋼筋混凝土造,0960515,191.79000000000002,3,2,2,有,有,有,73000,381,,0.0,0,,RPXNMLKLKHMFFFA28CC
大安區,建物,臺北市大安區安和路二段91~120號,0.0,其他,,,1060201,土地0建物1車位0,四層,12,住宅大樓(11層含以上有電梯),住家用,鋼筋混凝土造,0770109,170.38,2,2,2,有,有,有,55000,323,,0.0,0,,RPOOMLKLKHMFFFA47CC
大安區,建物,臺北市大安區光復南路692巷1~30號,0.0,商,,,1060201,土地0建物1車位0,一層,4,公寓(5樓含以下無電梯),住家用,鋼筋混凝土造,,44.47,3,1,1,有,無,有,25000,562,,0.0,0,,RPROMLKLKHMFFFA77CC
大安區,建物,臺北市大安區安和路一段91~120號,0.0,住,,,1060121,土地0建物1車位0,一層,16,店面(店鋪),住商用,鋼筋混凝土造,,94.21000000000001,1,0,1,有,有,有,124872,1325,,0.0,0,租金含稅及二代健保補充保費。,RPSOMLKLKHMFFFA87CC
大安區,建物,臺北市大安區建國南路一段279巷1~30號,82.34,住,,,1060101,土地0建物1車位0,十層,14,住宅大樓(11層含以上有電梯),住家用,鋼筋混凝土造,0760216,82.34,2,2,1,有,有,有,29000,352,,0.0,0,,RPVNMLLLKHMFFFA18CC
大安區,建物,臺北市大安區敦化南路一段190巷1~30號,0.0,商,,,1060201,土地0建物1車位0,一層,8,華廈(10層含以下有電梯),住家用,鋼筋混凝土造,,54.63,0,0,0,無,無,無,153252,2805,,0.0,0,本物件承租此建號一部份,RPWNMLLLKHMFFFA28CC
大安區,建物,臺北市大安區通化街1~30號,0.0,商,,,1060101,土地0建物1車位0,全,2,透天厝,,加強磚造,,50.0,0,0,0,無,無,無,117483,2350,,0.0,0,,RPXNMLLLKHMFFFA38CC
文山區,建物,臺北市文山區興隆路一段55巷1~30號,0.0,住,,,1060220,土地0建物1車位0,一層,4,公寓(5樓含以下無電梯),,鋼筋混凝土造,,174.8,4,2,2,有,無,無,65000,372,,0.0,0,,RPOOMLLLKHMFFAA07CC
中正區,建物,臺北市中正區和平西路二段1~30號,0.0,住,,,1060214,土地0建物1車位0,一層,4,公寓(5樓含以下無電梯),,鋼筋混凝土造,,95.42,0,0,0,無,無,無,32000,335,,0.0,0,"租賃期間為5年,約定前3年租金32000元,後2年租金34000元",RPPOMLLLKHMFFAA17CC
大安區,建物,臺北市大安區忠孝東路三段181~210號,0.0,商,,,1060201,土地0建物1車位0,二層,14,住宅大樓(11層含以上有電梯),見其他登記事項,鋼筋混凝土造,0760423,110.57,1,0,2,有,有,無,36000,326,,0.0,0,,RPRNMLLLKHMFFFA87DC
中山區,建物,臺北市中山區明水路397巷18弄1~30號,0.0,住,,,1060208,土地0建物1車位2,十二層,15,住宅大樓(11層含以上有電梯),住家用,鋼筋混凝土造,0960919,245.44,3,2,2,有,有,有,120000,489,坡道平面,64.06,0,,RPQNMLLLKHMFFCA37CC
中山區,建物,臺北市中山區林森北路571~600號,0.0,商,,,1060220,土地0建物1車位0,十三層,13,住宅大樓(11層含以上有電梯),住家用,鋼筋混凝土造,1000726,89.86,2,1,2,有,有,有,65000,723,,0.0,0,,RPUNMLLLKHMFFCA77CC
內湖區,建物,臺北市內湖區內湖路一段411巷9弄1~30號,0.0,住,,,1060217,土地0建物1車位0,四層,5,公寓(5樓含以下無電梯),住家用,鋼筋混凝土造,0670615,89.29,3,2,1,有,無,無,23500,263,,0.0,0,,RPOOMLLLKHMFFCA27CC
中山區,建物,臺北市中山區新生北路二段60巷31~60號,0.0,商,,,1060125,土地0建物1車位0,全,2,透天厝,,加強磚造,,74.75,2,2,1,有,無,有,27000,361,,0.0,0,只承租一樓。,RPSOMLLLKHMFFCA67CC
中山區,建物,臺北市中山區合江街91~120號,0.0,住,,,1060207,土地0建物1車位1,二層,7,華廈(10層含以下有電梯),住家用,鋼筋混凝土造,1010905,130.4,4,2,2,有,有,有,45000,345,坡道平面,0.0,0,,RPQPMLLLKHMFFCA57CC
中山區,建物,臺北市中山區林森北路571~600號,0.0,商,,,1060203,土地0建物1車位1,五層,13,住宅大樓(11層含以上有電梯),住家用,鋼筋混凝土造,1000726,89.94,1,1,1,有,有,有,55111,613,坡道平面,39.18,0,,RPRPMLLLKHMFFCA67CC
大同區,建物,臺北市大同區承德路二段211~240號,0.0,住,,,1060208,土地0建物1車位0,五層,11,辦公商業大樓,商業用,鋼筋混凝土造,0840501,122.08000000000001,0,0,1,有,有,有,45408,372,,0.0,0,本租賃承租5樓部份及5樓之1全部,RPTNMLLLKHMFFBA57CC
中正區,建物,臺北市中正區重慶南路一段31~60號,0.0,商,,,1060216,土地0建物1車位0,十一層,14,辦公商業大樓,見使用執照,鋼筋混凝土造,0910723,48.7,0,1,1,有,有,有,18000,370,,0.0,0,,RPTOMLLLKHMFFBA67CC
士林區,建物,臺北市士林區中山北路六段439巷1~30號,0.0,住,,,1060201,土地0建物1車位0,四層,4,公寓(5樓含以下無電梯),住家用,鋼筋混凝土造,0680713,133.57,3,3,2,有,無,有,25000,187,,0.0,0,,RPOOMLLLKHMFFEA47CC
士林區,建物,臺北市士林區社子街91~120號,0.0,其他,,,1060201,土地0建物1車位0,一層,4,公寓(5樓含以下無電梯),住家用,鋼筋混凝土造,0621218,81.53,2,1,1,有,無,無,20000,245,,0.0,0,,RPTOMLLLKHMFFEA97CC
信義區,建物,臺北市信義區信義路四段451~480號,0.0,商,,,1060207,土地0建物1車位0,地下一層,27,辦公商業大樓,見使用執照,鋼骨鋼筋混凝土造,0861230,994.22,0,0,0,無,有,無,380000,382,,0.0,0,,RPOOMLLLKHMFFDA37CC
松山區,房地(土地+建物),臺北市松山區八德路四段204巷6弄1~30號,30.75,住,,,1060217,土地1建物1車位0,一層,4,公寓(5樓含以下無電梯),住家用,鋼筋混凝土造,0640311,103.46,2,2,2,有,無,無,30000,290,,0.0,0,,RPPPMLLLKHMFFDA57CC
松山區,建物,臺北市松山區南京東路五段123巷1弄1~30號,16.4,商,,,1060214,土地0建物1車位0,一層,14,店面(店鋪),商業用,鋼筋混凝土造,0731004,133.31,0,0,0,無,有,有,58000,435,,0.0,0,租賃期間自民國105年10月29日起至108年12月10日止。自交屋日105年10月29日至105年12月10日為免租金裝潢期，租金自105年12月11日起算。,RPUNMLMLKHMFFDA97CC
南港區,建物,臺北市南港區經貿二路157巷36弄61~90號,0.0,住,,,1060203,土地0建物1車位1,二層,9,華廈(10層含以下有電梯),住家用,鋼筋混凝土造,1030224,233.16,3,2,2,有,有,有,55000,236,坡道平面,0.0,0,,RPVNMLMLKHMFFDA08CC
南港區,房地(土地+建物)+車位,臺北市南港區經貿二路235巷1~30號,14.82,住,,,1060215,土地1建物1車位1,五層,10,華廈(10層含以下有電梯),住家用,鋼筋混凝土造,1031002,46.89,1,2,1,有,有,有,33000,704,坡道機械,0.0,0,,RPXNMLMLKHMFFDA28CC
松山區,建物,臺北市松山區復興北路231巷1~30號,0.0,商,,,1060213,土地0建物1車位0,五層,5,辦公商業大樓,住家用,鋼筋混凝土造,0721210,392.12,0,0,2,有,有,無,108000,275,,0.0,0,,RPPOMLMLKHMFFDA57CC
信義區,建物,臺北市信義區基隆路二段121~150號,0.0,商,,,1060220,土地0建物1車位0,一層,12,辦公商業大樓,商業用,鋼筋混凝土造,0801018,78.47,0,0,0,無,有,有,48000,612,,0.0,0,店面,RPQOMLMLKHMFFDA67CC
北投區,建物,臺北市北投區中央北路四段515巷3弄1~30號,0.0,住,,,1060201,土地0建物1車位0,一層,4,公寓(5樓含以下無電梯),住家用,鋼筋混凝土造,0690709,97.2,0,0,0,無,無,無,25000,257,,0.0,0,,RPTNMLMLKHMFFEA97CC
士林區,建物,臺北市士林區重慶北路四段121~150號,0.0,住,,,1060201,土地0建物1車位0,三層,5,公寓(5樓含以下無電梯),住家用,鋼筋混凝土造,0680309,76.18,1,1,1,有,無,有,15000,197,,0.0,0,,RPUOMLMLKHMFFEA18CC
士林區,建物,臺北市士林區德行東路353巷1~30號,0.0,住,,,1060201,土地0建物1車位0,二層,5,公寓(5樓含以下無電梯),住家用,鋼筋混凝土造,0700718,81.64999999999999,2,2,1,有,無,有,18000,220,,0.0,0,,RPVOMLMLKHMFFEA28CC
萬華區,建物,臺北市萬華區長沙街二段91~120號,0.0,,,,1060213,土地0建物1車位0,七層,22,辦公商業大樓,商業用,鋼骨鋼筋混凝土造,0860726,82.25999999999999,0,0,0,無,無,無,30650,373,,0.0,0,,RPQOMLMLKHMFFBA47CC
大同區,建物,臺北市大同區承德路一段31~60號,0.0,商,,,1060213,土地0建物1車位0,八層,12,辦公商業大樓,商業用,鋼筋混凝土造,0781109,154.79,1,0,0,有,有,無,54490,352,,0.0,0,,RPROMLMLKHMFFBA57CC
萬華區,建物,臺北市萬華區西寧南路121~150號,101.86,住,,,1060124,土地0建物1車位0,七層,27,住宅大樓(11層含以上有電梯),住家用,見其他登記事項,1010320,101.86,3,2,1,有,有,有,45000,442,,0.0,0,,RPWOMLMLKHMFFBA08CC
中山區,建物,臺北市中山區明水路631~660號,0.0,商,,,1060214,土地0建物1車位0,三層,9,套房(1房1廳1衛),商業用,鋼筋混凝土造,0960503,51.45,1,1,1,有,有,無,24000,466,,0.0,0,,RPWOMLMLKHMFFCA18CC
內湖區,建物,臺北市內湖區內湖路三段60巷12弄61~90號,0.0,住,,,1060207,土地0建物1車位1,六層,18,住宅大樓(11層含以上有電梯),住家用,鋼筋混凝土造,0830729,85.78,3,2,2,有,有,無,28500,332,坡道平面,0.0,0,,RPOPMLMLKHMFFCA47CC
內湖區,建物,臺北市內湖區內湖路二段241~270號,0.0,商,,,1060221,土地0建物1車位0,八層,13,住宅大樓(11層含以上有電梯),住家用,鋼筋混凝土造,1050601,82.1,2,2,1,有,有,無,31000,378,,0.0,0,,RPRPMLMLKHMFFCA77CC
內湖區,建物,臺北市內湖區麗山街338巷31~60號,0.0,住,,,1060221,土地0建物1車位0,三層,5,公寓(5樓含以下無電梯),住家用,鋼筋混凝土造,0710628,120.96,4,3,2,有,無,有,26800,222,,0.0,0,,RPPQMLMLKHMFFCA67CC
內湖區,建物,臺北市內湖區文德路91~120號,0.0,住,,,1060126,土地0建物1車位0,四層,5,公寓(5樓含以下無電梯),住家用,鋼筋混凝土造,0730111,115.8,1,1,2,有,無,無,25000,216,,0.0,0,,RPORMLMLKHMFFCA67CC
內湖區,建物,臺北市內湖區臺北市內湖區新富街151~180號,0.0,住,,,1060214,土地0建物0車位0,十三層,14,住宅大樓(11層含以上有電梯),住家用,鋼筋混凝土造,1010601,422.14,3,2,5,有,有,有,120000,284,坡道平面,84.86,0,租金內含管理費＄13844，含車位2個,RPQRMLMLKHMFFCA87CC
內湖區,建物,臺北市內湖區瑞光路513巷31~60號,0.0,其他,,,1060213,土地0建物1車位0,三層,10,辦公商業大樓,工業用,鋼筋混凝土造,0871015,693.69,8,0,0,有,有,有,315000,454,,0.0,0,,RPSRMLMLKHMFFCA08CC
中山區,建物,臺北市中山區樂群二路91~120號,0.0,商,,,1060213,土地0建物1車位1,六層,11,住宅大樓(11層含以上有電梯),商業用,鋼筋混凝土造,0971121,371.53999999999996,3,2,2,有,有,無,126920,342,坡道平面,61.65,0,,RPTRMLMLKHMFFCA18CC
內湖區,房地(土地+建物)+車位,臺北市內湖區堤頂大道二段271~300號,0.0,工,,,1060124,土地1建物2車位9,十層,10,廠辦,工業用,鋼筋混凝土造,0980116,900.6199999999999,0,0,0,無,有,無,370000,411,坡道平面,0.0,0,,RPVRMLMLKHMFFCA38CC
內湖區,建物,臺北市內湖區金湖路61~90號,0.0,商,,,1060106,土地0建物1車位0,二層,24,住宅大樓(11層含以上有電梯),住家用,鋼筋混凝土造,0961030,215.32,3,2,2,有,有,有,47300,220,坡道平面,41.32,0,,RPXRMLMLKHMFFCA58CC
中正區,建物,臺北市中正區南昌路一段24巷1~30號,9.21,住,,,1060124,土地0建物1車位0,三層,7,華廈(10層含以下有電梯),住家用,鋼筋混凝土造,0970509,44.27,1,1,1,有,有,有,22000,497,,0.0,0,,RPRNMLMLKHMFFAA37CC
中正區,房地(土地+建物),臺北市中正區羅斯福路四段61~90號,2.94,其他,,,1060220,土地1建物1車位0,十一層,15,住宅大樓(11層含以上有電梯),見其他登記事項,鋼筋混凝土造,0941229,37.83,1,1,1,有,無,無,20000,529,,0.0,0,,RPVNMLMLKHMFFAA77CC
松山區,建物,臺北市松山區三民路101巷1~30號,0.0,其他,,,1060216,土地0建物2車位0,一層,7,店面(店鋪),商業用,鋼筋混凝土造,,80.78,2,1,1,有,無,無,35000,433,,0.0,0,租金含代扣繳租賃所得稅。自民國106年2月16日至民國106年3月4日止為免租裝潢期。,RPOOMLMLKHMFFDA57DC
大安區,建物,臺北市大安區忠孝東路四段91~120號,0.0,,,,1060201,土地0建物1車位0,三層,15,店面(店鋪),商業用,鋼筋混凝土造,0770121,56.0,0,0,0,無,有,無,20000,357,,0.0,0,,RPQNMLMLKHMFFFA77CC
大安區,建物,臺北市大安區忠孝東路四段91~120號,0.0,,,,1060201,土地0建物1車位0,四層,15,店面(店鋪),商業用,鋼筋混凝土造,0770121,21.11,0,0,0,無,有,無,10000,474,,0.0,0,,RPRNMLMLKHMFFFA87CC
大安區,房地(土地+建物),臺北市大安區仁愛路四段416&391~420號,29.95,商,,,1060201,土地1建物2車位0,二層,12,辦公商業大樓,商業用,鋼筋混凝土造,,301.57,0,0,0,無,無,無,180000,597,,0.0,0,,RPSNMLMLKHMFFFA97CC
大安區,建物,臺北市大安區和平東路二段118巷54弄1~30號,0.0,,,,1060201,土地0建物1車位0,三層,4,公寓(5樓含以下無電梯),住家用,鋼筋混凝土造,,111.46,3,2,2,有,無,無,30000,269,,0.0,0,,RPTNMLMLKHMFFFA08CC
大安區,建物,臺北市大安區通化街170巷1~30號,0.0,住,,,1060201,土地0建物1車位0,三層,4,公寓(5樓含以下無電梯),,鋼筋混凝土造,,143.32,4,2,2,有,無,無,35000,244,,0.0,0,,RPWNMLMLKHMFFFA38CC
大安區,建物,臺北市大安區忠孝東路四段223巷31~60號,0.0,住,,,1060201,土地0建物1車位0,一層,7,華廈(10層含以下有電梯),見使用執照,鋼筋混凝土造,,85.84,0,0,0,無,有,無,94444,1100,,0.0,0,,RPXNMLMLKHMFFFA48CC
大安區,建物,臺北市大安區大安路一段31巷31~60號,0.0,其他,,,1060201,土地0建物0車位0,一層,4,店面(店鋪),,加強磚造,,98.71,0,0,0,無,無,無,105000,1064,,0.0,0,,RPPOMLMLKHMFFFA77CC
大安區,建物,臺北市大安區敦化南路二段11巷38弄1~30號,0.0,其他,,,1060101,土地0建物0車位0,二層,7,華廈(10層含以下有電梯),住家用,鋼筋混凝土造,1040313,51.16,2,1,1,有,無,有,35000,684,,0.0,0,,RPSOMLMLKHMFFFA08CC
大安區,建物,臺北市大安區敦化南路二段91~120號,0.0,住,,,1060201,土地0建物1車位0,六層,26,住宅大樓(11層含以上有電梯),住家用,鋼筋混凝土造,0741204,135.68,3,2,2,有,無,有,43000,317,,0.0,0,,RPPNMLNLKHMFFFA77CC
大安區,建物,臺北市大安區東豐街1~30號,0.0,住,,,1060201,土地0建物1車位0,一層,7,店面(店鋪),,鋼筋混凝土造,,121.1,1,0,0,無,無,無,110000,908,,0.0,0,,RPTNMLNLKHMFFFA18CC
大安區,建物,臺北市大安區復興南路一段241~270號,0.0,住,,,1060201,土地0建物0車位0,十三層,14,住宅大樓(11層含以上有電梯),住家用,鋼筋混凝土造,,32.62,1,0,1,有,有,無,18500,567,,0.0,0,,RPUNMLNLKHMFFFA28CC
大安區,建物,臺北市大安區復興南路二段78巷61~90號,0.0,住,,,1060201,土地0建物1車位0,六層,7,華廈(10層含以下有電梯),住家用,鋼筋混凝土造,0700924,118.88,2,2,2,有,無,有,40000,336,,0.0,0,,RPWNMLNLKHMFFFA48CC
大安區,建物,臺北市大安區信義路四段361~390號,0.0,商,,,1060201,土地0建物1車位0,三層,15,住宅大樓(11層含以上有電梯),住家用,鋼筋混凝土造,1001027,243.16000000000003,2,2,2,有,有,有,55000,226,,0.0,0,,RPOOMLNLKHMFFFA77CC
士林區,建物,臺北市士林區永平街25巷1~30號,0.0,住,,,1060201,土地0建物1車位0,一層,5,公寓(5樓含以下無電梯),住家用,鋼筋混凝土造,0670811,114.3,3,2,2,有,無,無,22000,192,,0.0,0,,RPTOMLNLKHMFFEA28DC
中山區,建物,臺北市中山區中山區明水路571~600號,0.0,商,,,1060215,土地0建物1車位0,七層,10,套房(1房1廳1衛),商業用,鋼筋混凝土造,0900829,47.239999999999995,0,1,1,有,無,有,26000,550,,0.0,0,,RPWOMLNLKHMFFCA28CC
內湖區,建物,臺北市內湖區康寧路三段181~210號,0.0,商,,,1060223,土地0建物1車位0,八層,9,華廈(10層含以下有電梯),住家用,鋼筋混凝土造,1041030,66.51,2,1,1,有,有,有,33000,496,,0.0,0,,RPOPMLNLKHMFFCA57CC
中山區,建物,臺北市中山區中山北路二段93巷1~30號,0.0,商,,,1060216,土地0建物1車位0,二層,12,住宅大樓(11層含以上有電梯),住家用,鋼筋混凝土造,1020111,241.21,3,2,2,有,有,有,62000,257,,0.0,0,,RPRPMLNLKHMFFCA87CC
中山區,建物,臺北市中山區伊通街87巷1~30號,0.0,住,,,1060217,土地0建物1車位1,一層,5,公寓(5樓含以下無電梯),商業用,鋼筋混凝土造,0830819,269.92,3,2,2,有,無,無,62400,231,其他,18.9,0,,RPWPMLNLKHMFFCA38CC
內湖區,建物,臺北市內湖區瑞光路211~240號,0.0,住,,,1060127,土地0建物1車位0,一層,8,華廈(10層含以下有電梯),住家用,鋼筋混凝土造,0831108,224.92000000000002,4,3,3,有,有,無,45408,202,,0.0,0,,RPOQMLNLKHMFFCA67CC
內湖區,房地(土地+建物)+車位,臺北市內湖區瑞湖街61~90號,0.0,工,,,1060223,土地1建物2車位10,八層,9,廠辦,見其他登記事項,鋼筋混凝土造,0960627,2159.14,0,0,0,無,有,無,617217,286,坡道平面,0.0,0,,RPPQMLNLKHMFFCA77CC
中正區,建物,臺北市中正區中華路一段1~30號,0.0,商,,,1060220,土地0建物1車位0,二層,15,住宅大樓(11層含以上有電梯),住家用,鋼筋混凝土造,1041214,57.480000000000004,1,1,1,有,有,有,36000,626,,0.0,0,,RPQNMLNLKHMFFBA47CC
中正區,建物,臺北市中正區林森北路1~30號,0.0,商,,,1060220,土地0建物1車位0,二層,11,辦公商業大樓,住家用,鋼筋混凝土造,0950824,181.23,0,0,0,無,有,有,110000,607,,0.0,0,,RPWNMLNLKHMFFBA08CC
中正區,建物,臺北市中正區臨沂街33巷1~30號,0.0,住,,,1060216,土地0建物1車位1,二層,7,華廈(10層含以下有電梯),住家用,鋼筋混凝土造,1000330,121.91999999999999,2,2,2,有,有,有,65000,533,升降機械,31.35,0,,RPPOMLNLKHMFFBA47CC
士林區,建物,臺北市士林區忠誠路二段70巷13弄1~30號,0.0,住,,,1060201,土地0建物1車位0,四層,5,公寓(5樓含以下無電梯),住家用,鋼筋混凝土造,0690310,129.87,4,2,2,有,有,有,35000,270,,0.0,0,,RPSOMLNLKHMFFEA08CC
士林區,建物,臺北市士林區士東路54巷1~30號,0.0,住,,,1060201,土地0建物1車位0,二層,5,公寓(5樓含以下無電梯),住家用,鋼筋混凝土造,0681208,115.9,3,2,2,有,有,有,27000,233,,0.0,0,,RPXOMLNLKHMFFEA58CC
松山區,建物,臺北市松山區八德路四段661~690號,0.0,商,,,1060215,土地0建物1車位0,七層,12,辦公商業大樓,見其他登記事項,鋼骨鋼筋混凝土造,0950424,145.57,0,0,2,有,有,無,42000,289,,0.0,0,,RPSPMLNLKHMFFDA08CC
信義區,建物,臺北市信義區基隆路一段1~30號,0.0,商,,,1060220,土地0建物1車位0,二層,13,住宅大樓(11層含以上有電梯),住家用,鋼筋混凝土造,1021107,76.48,2,1,2,有,有,有,30000,392,,0.0,0,,RPQNMLOLKHMFFDA77CC
信義區,建物,臺北市信義區信義路五段91~120號,0.0,其他,,,1060222,土地0建物1車位0,十八層,19,住宅大樓(11層含以上有電梯),住家用,鋼筋混凝土造,0980702,46.620000000000005,1,0,1,有,有,有,29600,635,,0.0,0,,RPRNMLOLKHMFFDA87CC
信義區,建物,臺北市信義區吳興街600巷76弄61~90號,0.0,住,,,1060219,土地0建物1車位0,地下二層,5,公寓(5樓含以下無電梯),商業用,鋼筋混凝土造,0830310,37.8,1,1,1,有,無,有,10000,265,,0.0,0,,RPTNMLOLKHMFFDA08CC
南港區,建物,臺北市南港區重陽路511~540號,0.0,住,,,1060215,土地0建物1車位0,五層,5,公寓(5樓含以下無電梯),工業用,鋼筋混凝土造,,190.64,5,2,2,有,無,有,28000,147,,0.0,0,,RPVNMLOLKHMFFDA28CC
信義區,建物,臺北市信義區忠孝東路五段524巷1~30號,0.0,,,,1060223,土地0建物1車位0,三層,4,公寓(5樓含以下無電梯),住家用,鋼筋混凝土造,0860515,82.42,3,2,1,有,無,無,22000,267,,0.0,0,租金含稅,RPWNMLOLKHMFFDA38CC
松山區,房地(土地+建物),臺北市松山區新東路31~60號,22.7,住,,,1060220,土地1建物1車位0,五層,5,公寓(5樓含以下無電梯),住家用,鋼筋混凝土造,0670213,81.5,2,2,1,有,無,有,15000,184,,0.0,0,,RPXNMLOLKHMFFDA48CC
松山區,建物,臺北市松山區延壽街330巷17弄1~30號,0.0,住,,,1060204,土地0建物1車位0,一層,7,華廈(10層含以下有電梯),見其他登記事項,鋼筋混凝土造,0810309,83.17,1,2,1,有,有,無,23000,277,,0.0,0,,RPXOMLOLKHMFFDA58CC
信義區,建物,臺北市信義區松山路121~150號,0.0,商,,,1060216,土地0建物1車位1,十層,12,辦公商業大樓,見使用執照,鋼筋混凝土造,0900627,245.13,0,0,0,無,有,有,85000,347,坡道平面,0.0,0,,RPOPMLOLKHMFFDA77CC
松山區,建物,臺北市松山區民生東路三段121~150號,0.0,商,,,1060125,土地0建物1車位0,地下一層,14,辦公商業大樓,商業用,鋼筋混凝土造,0751129,532.7,0,0,0,無,有,無,240000,451,,0.0,0,,RPPPMLOLKHMFFDA87CC
南港區,建物,臺北市南港區東明街91~120號,0.0,商,,,1060210,土地0建物1車位2,二層,14,住宅大樓(11層含以上有電梯),住家用,鋼筋混凝土造,0990805,246.17000000000002,3,2,2,有,有,有,60000,244,坡道平面,84.64,0,,RPTPMLOLKHMFFDA28CC
信義區,建物,臺北市信義區基隆路一段331~360號,0.0,住,,,1060223,土地0建物1車位0,四層,6,公寓(5樓含以下無電梯),住家用,鋼筋混凝土造,0621124,40.85,2,1,1,有,無,有,16000,392,,0.0,0,,RPVPMLOLKHMFFDA48CC
士林區,建物,臺北市士林區福華路174巷1~30號,0.0,其他,,,1060201,土地0建物1車位0,見其他登記事項,11,住宅大樓(11層含以上有電梯),住家用,鋼筋混凝土造,0790829,198.84,3,2,2,有,有,有,35000,176,,0.0,0,,RPVNMLOLKHMFFEA38CC
士林區,建物,臺北市士林區天母東路1~30號,0.0,商,,,1060201,土地0建物1車位0,五層,7,華廈(10層含以下有電梯),住家用,鋼筋混凝土造,0780107,140.84,3,2,2,有,無,有,60000,426,,0.0,0,租金內含管理費,RPPOMLOLKHMFFEA87CC
士林區,建物,臺北市士林區忠誠路一段31~60號,0.0,住,,,1060201,土地0建物1車位0,六層,14,住宅大樓(11層含以上有電梯),住家用,鋼筋混凝土造,0880915,313.05,3,2,2,有,有,有,73636,235,,0.0,0,,RPQOMLOLKHMFFEA97CC
士林區,建物,臺北市士林區忠誠路二段241~270號,0.0,住,,,1060201,土地0建物1車位0,八層,12,住宅大樓(11層含以上有電梯),住家用,鋼筋混凝土造,0780524,154.53,3,2,2,有,有,有,65000,421,,0.0,0,,RPTOMLOLKHMFFEA28CC
士林區,建物,臺北市士林區天母東路43巷4弄1~30號,0.0,商,,,1060201,土地0建物1車位1,見其他登記事項,13,住宅大樓(11層含以上有電梯),住家用,鋼筋混凝土造,0790424,226.31,3,1,2,有,有,有,60000,265,坡道平面,0.0,0,,RPWOMLOLKHMFFEA58CC
士林區,建物,臺北市士林區天母東路1~30號,0.0,商,,,1060201,土地0建物1車位0,三層,12,住宅大樓(11層含以上有電梯),見使用執照,鋼筋混凝土造,0740515,182.5,4,2,2,有,無,有,60000,329,,0.0,0,,RPOPMLOLKHMFFEA87CC
北投區,建物,臺北市北投區裕民六路1~30號,0.0,住,,,1060201,土地0建物1車位0,十層,18,住宅大樓(11層含以上有電梯),見其他登記事項,鋼筋混凝土造,0970930,208.56,3,2,2,有,有,有,79000,379,,0.0,0,,RPQPMLOLKHMFFEA08CC
大同區,建物,臺北市大同區民生西路151~180號,0.0,商,,,1060221,土地0建物1車位0,二層,4,公寓(5樓含以下無電梯),住家用,鋼筋混凝土造,,85.0,2,1,1,有,無,有,25000,294,,0.0,0,,RPRNMLOLKHMFFBA67CC
大同區,建物,臺北市大同區南京西路61~90號,0.0,商,,,1060222,土地0建物1車位0,十二層,15,住宅大樓(11層含以上有電梯),住家用,鋼筋混凝土造,0951115,79.86,2,1,1,有,有,有,46000,576,,0.0,0,,RPQOMLOLKHMFFBA67CC
大同區,建物,臺北市大同區市民大道一段181~210號,0.0,其他,,,1060220,土地0建物1車位0,八層,18,住宅大樓(11層含以上有電梯),住家用,見其他登記事項,0980724,86.59,2,1,1,有,有,有,50000,577,,0.0,0,,RPSOMLOLKHMFFBA87CC
中山區,建物,臺北市中山區南京東路三段61~90號,0.0,商,,,1060215,土地0建物1車位0,一層,4,公寓(5樓含以下無電梯),住商用,鋼筋混凝土造,0611102,144.33,0,0,0,無,無,無,105000,727,,0.0,0,,RPSNMLOLKHMFFCA87CC
內湖區,建物,臺北市內湖區成功路五段45巷1~30號,0.0,住,,,1060217,土地0建物1車位0,二層,11,住宅大樓(11層含以上有電梯),住家用,鋼筋混凝土造,0990121,233.38,3,2,2,有,有,有,46910,201,,0.0,0,,RPTNMLOLKHMFFCA97CC
內湖區,建物,臺北市內湖區內湖路一段661~690號,0.0,其他,,,1060206,土地0建物1車位0,六層,18,住宅大樓(11層含以上有電梯),住家用,見其他登記事項,0991123,109.63,2,1,1,有,有,有,54000,493,,0.0,0,,RPUNMLOLKHMFFCA08CC
中山區,建物,臺北市中山區松江路421~450號,0.0,住,,,1060213,土地0建物1車位0,四層,15,住宅大樓(11層含以上有電梯),住家用,鋼筋混凝土造,0951221,67.66,2,1,1,有,有,有,40000,591,,0.0,0,,RPWNMLOLKHMFFCA28CC
中山區,建物,臺北市中山區新生北路三段1~30號,0.0,住,,,1060209,土地0建物1車位0,十二層,12,住宅大樓(11層含以上有電梯),商業用,鋼筋混凝土造,0950209,45.59,1,1,1,有,有,有,27000,592,,0.0,0,,RPXNMLOLKHMFFCA38CC
中山區,建物,臺北市中山區長春路1~30號,0.0,商,,,1060216,土地0建物1車位0,五層,14,住宅大樓(11層含以上有電梯),住家用,鋼筋混凝土造,0990212,96.00999999999999,2,1,1,有,有,有,52000,542,,0.0,0,,RPTOMLOLKHMFFCA08CC
內湖區,建物,臺北市內湖區瑞光路631~660號,0.0,其他,,,1060221,土地0建物1車位2,二層,11,辦公商業大樓,見其他登記事項,鋼筋混凝土造,0971208,214.78000000000003,0,0,0,無,有,有,106350,495,坡道平面,0.0,0,,RPVOMLOLKHMFFCA28CC
中山區,建物,臺北市中山區中山北路二段115巷1~30號,0.0,商,,,1060124,土地0建物1車位0,七層,7,華廈(10層含以下有電梯),住家用,鋼筋混凝土造,0991110,77.86,1,1,1,有,有,有,35000,450,,0.0,0,,RPWOMLOLKHMFFCA38CC
中山區,建物,臺北市中山區中山北路二段115巷1~30號,0.0,商,,,1060214,土地0建物1車位0,十六層,17,住宅大樓(11層含以上有電梯),商業用,鋼筋混凝土造,0791019,139.12,4,2,2,有,有,有,43500,313,,0.0,0,,RPOPMLOLKHMFFCA67CC
中山區,建物,臺北市中山區松江路124巷1~30號,0.0,住,,,1060223,土地0建物1車位0,五層,,華廈(10層含以下有電梯),,,,172.04,0,0,2,有,無,無,52000,302,,0.0,0,,RPPPMLOLKHMFFCA77CC
中山區,建物,臺北市中山區松江路170巷1~30號,0.0,住,,,1060208,土地0建物1車位0,五層,10,華廈(10層含以下有電梯),住家用,鋼筋混凝土造,0970624,186.67000000000002,4,2,2,有,有,有,70000,375,,0.0,0,,RPRPMLOLKHMFFCA97CC
內湖區,建物,臺北市內湖區民權東路六段151~180號,0.0,住,,,1060218,土地0建物1車位1,六層,11,住宅大樓(11層含以上有電梯),住家用,鋼筋混凝土造,1041016,81.76,2,1,1,有,有,有,35000,428,塔式車位,15.29,0,,RPTPMLOLKHMFFCA18CC
大安區,建物,臺北市大安區信義路四段61~90號,0.0,商,,,1060201,土地0建物1車位0,五層,17,辦公商業大樓,商業用,鋼筋混凝土造,0751229,149.77,0,0,0,無,無,無,60000,401,,0.0,0,,RPPNMLOLKHMFFFA87CC
大安區,建物,臺北市大安區四維路198巷30弄1~30號,0.0,商,,,1060201,土地0建物1車位0,二層,19,辦公商業大樓,商業用,鋼筋混凝土造,0740522,50.34,0,0,0,無,有,無,13000,258,,0.0,0,,RPQNMLOLKHMFFFA97CC
大安區,建物,臺北市大安區光復南路631~660號,0.0,商,,,1060201,土地0建物1車位0,十層,14,住宅大樓(11層含以上有電梯),住家用,鋼筋混凝土造,0970627,71.84,2,1,1,有,有,有,38000,529,,0.0,0,,RPWNMLOLKHMFFFA58CC
大安區,建物,臺北市大安區敦化南路二段151~180號,0.0,其他,,,1060201,土地0建物1車位1,六層,21,辦公商業大樓,住家用,鋼筋混凝土造,0781014,379.90999999999997,0,0,2,有,有,無,180000,474,坡道平面,0.0,0,,RPXNMLOLKHMFFFA68CC
大安區,建物,臺北市大安區安和路二段189巷1~30號,0.0,住,,,1060201,土地0建物2車位0,見其他登記事項,10,華廈(10層含以下有電梯),住家用,鋼筋混凝土造,0980505,169.66,0,0,0,無,有,無,125000,737,,0.0,0,,RPVOMLOLKHMFFFA58CC
內湖區,房地(土地+建物),臺北市內湖區康寧路三段31~60號,24.39,住,,,1060225,土地1建物1車位0,八層,13,住宅大樓(11層含以上有電梯),住家用,鋼筋混凝土造,0850904,106.08,3,2,2,有,有,有,21700,205,,0.0,0,,RPPNMLPLKHMFFCA67CC
大同區,建物,臺北市大同區市民大道一段211~240號,0.0,其他,,,1060222,土地0建物1車位0,十一層,18,辦公商業大樓,見其他登記事項,見其他登記事項,0980724,104.0,0,0,0,無,無,有,50000,481,,0.0,0,,RPPNMLPLKHMFFBA57CC
中正區,建物,臺北市中正區忠孝東路二段121~150號,0.0,商,,,1060215,土地0建物1車位0,十層,11,套房(1房1廳1衛),住家用,鋼筋混凝土造,0630926,38.11,0,0,0,無,有,有,16000,420,,0.0,0,,RPUNMLLJLHMFFBA57CC
士林區,建物,臺北市士林區忠誠路一段16巷1~30號,0.0,住,,,1060201,土地0建物1車位1,四層,6,華廈(10層含以下有電梯),住家用,鋼筋混凝土造,0880120,79.78999999999999,1,1,1,有,有,有,30000,376,坡道平面,0.0,0,,RPSOMLLJLHMFFEA77CC
松山區,建物,臺北市松山區八德路四段72巷12弄1~30號,0.0,住,,,1060226,土地0建物1車位0,三層,4,公寓(5樓含以下無電梯),住家用,加強磚造,,106.92,3,1,1,有,無,無,20000,187,,0.0,0,,RPRNMLLJLHMFFDA47CC
信義區,建物,臺北市信義區信義路五段150巷20弄1~30號,0.0,住,,,1060225,土地0建物1車位0,五層,5,公寓(5樓含以下無電梯),住家用,鋼筋混凝土造,0770601,110.33,3,2,2,有,有,無,26000,236,,0.0,0,,RPUNMLLJLHMFFDA77CC
松山區,房地(土地+建物),臺北市松山區民生東路五段121~150號,16.81,商,,,1060220,土地1建物1車位0,七層,12,住宅大樓(11層含以上有電梯),住家用,鋼筋混凝土造,0690521,130.62,2,0,2,有,有,無,36800,282,,0.0,0,,RPQOMLLJLHMFFDA47CC
信義區,建物,臺北市信義區基隆路二段181~210號,0.0,商,,,1060223,土地0建物1車位0,八層,12,辦公商業大樓,住家用,鋼筋混凝土造,0720315,101.26,0,0,0,無,有,無,23000,227,,0.0,0,,RPSOMLLJLHMFFDA67CC
信義區,建物,臺北市信義區和平東路三段181~210號,0.0,商,,,1060216,土地0建物1車位0,五層,11,住宅大樓(11層含以上有電梯),住家用,鋼筋混凝土造,1010711,68.82,1,1,1,有,有,有,50000,727,,0.0,0,,RPTOMLLJLHMFFDA77CC
信義區,建物,臺北市信義區信義路五段1~30號,0.0,其他,,,1060224,土地0建物0車位2,六層,16,辦公商業大樓,商業用,見使用執照,0891009,660.6600000000001,0,0,0,無,有,無,402356,609,坡道平面,84.86,0,分割出租,RPVOMLLJLHMFFDA97CC
信義區,建物,臺北市信義區永吉路120巷1~30號,0.0,住,,,1060227,土地0建物1車位0,四層,10,套房(1房1廳1衛),住家用,鋼筋混凝土造,0951201,56.39,0,0,0,無,無,有,23000,408,,0.0,0,,RPOPMLLJLHMFFDA37CC
松山區,建物,臺北市松山區民權東路三段106巷3弄31~60號,0.0,住,,,1060228,土地0建物1車位0,七層,15,住宅大樓(11層含以上有電梯),住家用,鋼筋混凝土造,0780731,159.79,2,2,2,有,無,有,45000,282,,0.0,0,,RPRPMLLJLHMFFDA67CC
松山區,建物,臺北市松山區民生東路三段121~150號,0.0,商,,,1060223,土地0建物1車位0,八層,14,辦公商業大樓,商業用,鋼筋混凝土造,0751129,122.57999999999998,0,0,0,無,有,有,68112,556,,0.0,0,,RPWPMLLJLHMFFDA18CC
松山區,建物,臺北市松山區敦化北路199巷1~30號,0.0,住,,,1060221,土地0建物1車位0,二層,12,住宅大樓(11層含以上有電梯),住家用,鋼筋混凝土造,0830716,174.64999999999998,2,2,2,有,有,有,48000,275,,0.0,0,,RPXPMLLJLHMFFDA28CC
中山區,建物,臺北市中山區中山北路二段45巷1~30號,0.0,商,,,1060222,土地0建物1車位0,一層,7,店面(店鋪),商業用,鋼筋混凝土造,,150.61,0,0,0,無,有,有,250000,1660,,0.0,0,,RPPNMLLJLHMFFCA17CC
內湖區,建物,臺北市內湖區康寧路三段99巷17弄31~60號,0.0,住,,,1060225,土地0建物1車位1,四層,7,華廈(10層含以下有電梯),住家用,鋼筋混凝土造,1040213,242.52,4,2,2,有,無,無,60000,247,坡道平面,0.0,0,,RPVOMLLJLHMFFCA87CC
內湖區,建物,臺北市內湖區民權東路六段121~150號,0.0,住,,,1060222,土地0建物1車位0,八層,12,住宅大樓(11層含以上有電梯),住家用,鋼筋混凝土造,0960621,39.97,0,0,0,無,有,有,18000,450,,0.0,0,,RPWOMLLJLHMFFCA97CC
中山區,建物,臺北市中山區中山北路二段115巷31~60號,0.0,商,,,1060215,土地0建物1車位1,七層,8,辦公商業大樓,商業用,鋼筋混凝土造,0810229,208.09,0,0,0,無,有,無,74000,356,升降機械,25.57,0,,RPQPMLLJLHMFFCA47CC
中山區,建物,臺北市中山區中山北路二段181~210號,0.0,商,,,1060223,土地0建物1車位0,十二層,12,辦公商業大樓,住家用,鋼筋混凝土造,0721229,134.3,3,2,2,有,有,有,78000,581,,0.0,0,,RPRPMLLJLHMFFCA57CC
中山區,建物,臺北市中山區建國北路二段31~60號,0.0,商,,,1060224,土地0建物1車位0,十一層,15,辦公商業大樓,商業用,鋼筋混凝土造,0771205,181.82,1,0,2,有,無,有,80850,445,,0.0,0,,RPTPMLLJLHMFFCA77CC
大安區,建物,臺北市大安區瑞安街208巷31~60號,0.0,住,,,1060201,土地0建物1車位0,三層,7,套房(1房1廳1衛),住家用,鋼筋混凝土造,1040511,43.480000000000004,0,1,1,有,有,有,31000,713,,0.0,0,,RPPNMLLJLHMFFFA47CC
大安區,建物,臺北市大安區瑞安街208巷31~60號,0.0,住,,,1060201,土地0建物1車位0,六層,7,套房(1房1廳1衛),住家用,鋼筋混凝土造,1040511,44.22,0,1,1,有,有,有,30000,678,,0.0,0,,RPQNMLLJLHMFFFA57CC
大安區,建物,臺北市大安區復興南路一段121~150號,0.0,商,,,1060201,土地0建物1車位0,三層,10,華廈(10層含以下有電梯),住家用,鋼筋混凝土造,0950424,78.69,2,1,1,有,有,有,43000,546,,0.0,0,,RPRNMLLJLHMFFFA67CC
內湖區,建物,臺北市內湖區康寧路三段189巷83弄1~30號,0.0,住,,,1060227,土地0建物1車位0,七層,8,華廈(10層含以下有電梯),住家用,鋼筋混凝土造,0831229,117.92,3,2,2,有,有,有,22000,187,,0.0,0,,RPXPMLLJLHMFFCA28DC
大安區,建物,臺北市大安區安和路一段91~120號,0.0,住,,,1060201,土地0建物1車位1,七層,16,住宅大樓(11層含以上有電梯),住家用,鋼筋混凝土造,0700216,214.16000000000003,3,2,2,有,有,有,57000,266,坡道平面,52.41,0,,RPVNMLMJLHMFFFA18CC
大安區,建物,臺北市大安區和平東路二段107巷1~30號,0.0,住,,,1060201,土地0建物1車位0,見其他登記事項,7,華廈(10層含以下有電梯),商業用,鋼筋混凝土造,0691128,202.16000000000003,3,3,2,有,無,無,55000,272,,0.0,0,,RPXNMLMJLHMFFFA38CC
大安區,建物,臺北市大安區新生南路三段91~120號,0.0,商,,,1060201,土地0建物1車位0,一層,4,店面(店鋪),住家用,鋼筋混凝土造,,75.8,0,0,1,有,無,有,180000,2375,,0.0,0,,RPROMLMJLHMFFFA87CC
大安區,建物,臺北市大安區光復南路420巷1~30號,0.0,住,,,1060201,土地0建物1車位0,四層,7,華廈(10層含以下有電梯),住家用,鋼筋混凝土造,0691101,159.25,3,2,2,有,有,有,53500,336,,0.0,0,,RPUOMLMJLHMFFFA18CC
大安區,建物,臺北市大安區和平東路三段31~60號,0.0,商,,,1060201,土地0建物1車位0,一層,14,店面(店鋪),商業用,鋼筋混凝土造,,187.51000000000002,0,0,0,無,無,無,220000,1173,,0.0,0,,RPWOMLMJLHMFFFA38CC
大安區,建物,臺北市大安區光復南路180巷31~60號,0.0,住,,,1060201,土地0建物1車位0,六層,6,華廈(10層含以下有電梯),住家用,鋼筋混凝土造,,103.68,2,1,1,有,有,無,22000,212,,0.0,0,,RPRPMLMJLHMFFFA97CC
中山區,建物,臺北市中山區中山北路一段140巷1~30號,0.0,商,,,1060222,土地0建物0車位0,三層,5,公寓(5樓含以下無電梯),商業用,鋼筋混凝土造,0691217,23.14,1,1,1,有,無,有,15000,648,,0.0,0,三樓總坪數25.07只租一間7坪套房,RPOOMLMJLHMFFCA27CC
中山區,建物,臺北市中山區堤頂大道二段246巷1~30號,0.0,住,,,1060224,土地0建物1車位2,二層,13,住宅大樓(11層含以上有電梯),住家用,鋼筋混凝土造,0961226,408.91999999999996,3,2,3,有,有,有,262500,642,坡道平面,66.36,0,,RPWPMLMJLHMFFCA18CC
內湖區,建物,臺北市內湖區文德路91~120號,0.0,住,,,1060222,土地0建物1車位0,五層,10,華廈(10層含以下有電梯),住家用,鋼筋混凝土造,0850206,37.1,1,1,1,有,有,有,15000,404,,0.0,0,,RPOQMLMJLHMFFCA47CC
松山區,建物,臺北市松山區民生東路906巷8弄31~60號,67.0,住,,,1060224,土地0建物1車位0,一層,4,店面(店鋪),住家用,鋼筋混凝土造,,119.55,0,0,0,無,無,無,60000,502,,0.0,0,,RPQOMLMJLHMFFDA57CC
松山區,建物,臺北市松山區南京東路四段181~210號,11.83,商,,,1060220,土地0建物1車位0,四層,14,辦公商業大樓,商業用,鋼筋混凝土造,0730217,142.99,0,0,0,無,無,有,38000,266,,0.0,0,,RPROMLMJLHMFFDA67CC
南港區,建物,臺北市南港區經貿二路235巷1~30號,0.0,住,,,1060218,土地0建物1車位0,三層,21,住宅大樓(11層含以上有電梯),住家用,鋼骨鋼筋混凝土造,1031204,340.44,3,2,3,有,有,有,102000,300,坡道平面,51.26,0,,RPSOMLMJLHMFFDA77CC
信義區,建物,臺北市信義區松仁路121~150號,0.0,住,,,1060216,土地0建物1車位1,九層,12,住宅大樓(11層含以上有電梯),住家用,鋼骨鋼筋混凝土造,0960719,379.99,4,2,3,有,有,有,171558,451,坡道平面,0.0,0,,RPTOMLMJLHMFFDA87CC
松山區,建物,臺北市松山區民生東路四段31~60號,0.0,商,,,1060223,土地0建物1車位0,七層,12,辦公商業大樓,商業用,鋼筋混凝土造,0721221,261.46000000000004,3,0,1,有,有,無,85000,325,,0.0,0,,RPUOMLMJLHMFFDA97CC
信義區,建物,臺北市信義區和平東路三段181~210號,0.0,商,,,1060224,土地0建物1車位0,九層,11,住宅大樓(11層含以上有電梯),住家用,鋼筋混凝土造,1010711,68.82,2,1,1,有,有,有,35000,509,,0.0,0,續約,RPVOMLMJLHMFFDA08CC
信義區,建物,臺北市信義區光復南路421~450號,0.0,住,,,1060218,土地0建物1車位0,一層,4,店面(店鋪),住家用,加強磚造,,80.59,0,0,0,無,無,有,55000,682,,0.0,0,,RPXOMLMJLHMFFDA28CC
信義區,建物,臺北市信義區忠孝東路五段451~480號,0.0,其他,,,1060215,土地0建物1車位0,九層,11,住宅大樓(11層含以上有電梯),見其他登記事項,鋼筋混凝土造,0941006,60.69,2,1,2,有,有,有,35000,577,,0.0,0,,RPPPMLMJLHMFFDA57CC
士林區,建物,臺北市士林區文林路481~510號,0.0,住,,,1060201,土地0建物1車位0,八層,12,住宅大樓(11層含以上有電梯),住家用,鋼筋混凝土造,1030423,205.35999999999999,3,2,2,有,有,有,72000,351,,0.0,0,,RPROMLMJLHMFFEA77CC
大同區,建物,臺北市大同區長安西路121~150號,0.0,商,,,1060224,土地0建物1車位0,十一層,14,辦公商業大樓,見其他登記事項,鋼筋混凝土造,0951014,218.79000000000002,0,0,1,有,有,無,92000,420,,0.0,0,,RPWNMLMJLHMFFBA87CC
大同區,建物,臺北市大同區大同區市民大道一段181~210號,0.0,其他,,,1060228,土地0建物1車位0,十二層,18,套房(1房1廳1衛),住家用,見其他登記事項,0980724,46.31,0,1,1,有,有,有,27000,583,,0.0,0,,RPSNMLNJLHMFFBA57CC
北投區,建物,臺北市北投區承德路七段151~180號,0.0,住,,,1060201,土地0建物1車位1,六層,13,住宅大樓(11層含以上有電梯),住家用,鋼筋混凝土造,1030417,243.52999999999997,4,2,2,有,有,無,50000,205,坡道平面,36.65,0,,RPUOMLNJLHMFFEA18CC
松山區,建物,臺北市松山區南京東路五段31~60號,0.0,商,,,1060216,土地0建物1車位0,一層,13,店面(店鋪),商業用,鋼筋混凝土造,0690207,124.51,0,1,1,有,無,有,180000,1446,,0.0,0,,RPQNMLNJLHMFFDA57CC
中山區,建物,臺北市中山區林森北路571~600號,0.0,商,,,1060217,土地0建物1車位0,五層,13,住宅大樓(11層含以上有電梯),住家用,鋼筋混凝土造,1000726,128.82,1,1,1,有,有,有,57000,442,,0.0,0,租金內含管理費、有線電視及網路費用。,RPWNMLNJLHMFFCA08CC
中山區,建物,臺北市中山區林森北路451~480號,0.0,商,,,1060224,土地0建物1車位0,七層,14,住宅大樓(11層含以上有電梯),見其他登記事項,鋼筋混凝土造,0981106,86.02000000000001,2,2,1,有,無,有,41000,477,,0.0,0,"上一次的簽約期間為105年3月20日到106年3月19日,此次為先簽約之續約",RPTOMLNJLHMFFCA87CC
中山區,建物,臺北市中山區中山北路二段62巷1~30號,0.0,住,,,1060220,土地0建物1車位0,五層,7,華廈(10層含以下有電梯),住家用,鋼筋混凝土造,1011203,134.14,3,2,2,有,有,有,66000,492,,0.0,0,租金含管理費。,RPPNMLOJLHMFFCA47CC
中山區,建物,臺北市中山區中山北路一段121巷31~60號,0.0,商,,,1060219,土地0建物1車位0,四層,14,住宅大樓(11層含以上有電梯),住家用,鋼筋混凝土造,1000128,67.09,1,2,1,有,有,有,50000,745,,0.0,0,租金含管理費。,RPQNMLOJLHMFFCA57CC
松山區,建物,臺北市松山區民權東路三段106巷3弄61~90號,0.0,住,,,1060220,土地0建物1車位0,二層,7,華廈(10層含以下有電梯),住家用,鋼筋混凝土造,0740301,131.3,3,2,2,有,有,有,56500,430,,0.0,0,租金含管理費、有線電視及網路費用。,RPPNMLOJLHMFFDA57CC
大安區,房地(土地+建物),臺北市大安區和平東路三段61~90號,0.0,住,,,1060201,土地0建物1車位0,九層,19,住宅大樓(11層含以上有電梯),見其他登記事項,鋼筋混凝土造,0930219,199.65,2,2,2,有,無,有,65000,326,,0.0,0,,RPPNMLOJLHMFFFA77CC
大安區,建物,臺北市大安區安東街31~60號,0.0,住,,,1060201,土地0建物1車位0,一層,7,店面(店鋪),住商用,鋼筋混凝土造,,81.64,0,0,1,有,無,有,120000,1470,,0.0,0,,RPPOMLQJLHMFFFA08CC
北投區,建物,臺北市北投區東華街一段511~540號,0.0,商,,,1060201,土地0建物1車位0,一層,4,店面(店鋪),見使用執照,鋼筋混凝土造,0661020,95.4,0,0,0,無,無,無,102200,1071,,0.0,0,,RPRPMLQJLHMFFEA38DC
中正區,房地(土地+建物),臺北市中正區羅斯福路三段316巷1~30號,115.0,工,,,1060220,土地1建物1車位0,一層,2,店面(店鋪),住家用,加強磚造,,63.43,0,0,0,無,無,無,150000,2365,,0.0,0,,RPUNMLQJLHMFFAA97CC
信義區,建物,臺北市信義區忠孝東路五段391~420號,0.0,,,,1060222,土地0建物1車位0,五層,18,辦公商業大樓,見使用執照,鋼筋混凝土造,0860121,61.300000000000004,0,0,0,無,無,無,30650,500,,0.0,0,,RPQOMLQJLHMFFDA97CC
信義區,建物,臺北市信義區忠孝東路五段211~240號,0.0,,,,1060217,土地0建物1車位0,十層,14,住宅大樓(11層含以上有電梯),住家用,鋼筋混凝土造,0940930,41.41,1,0,1,有,有,有,28000,676,,0.0,0,,RPROMLQJLHMFFDA08CC
南港區,建物,臺北市南港區成福路171巷22弄1~30號,0.0,,,,1060220,土地0建物1車位0,六層,8,華廈(10層含以下有電梯),住家用,鋼筋混凝土造,0951115,135.78,3,2,2,有,無,有,37000,272,,0.0,0,,RPTOMLQJLHMFFDA28CC
中山區,建物,臺北市中山區民權東路二段31~60號,0.0,商,,,1060224,土地0建物1車位0,一層,4,店面(店鋪),,加強磚造,,93.57,0,0,0,無,無,無,50000,534,,0.0,0,前三年租金50000元，後兩年租金51500元,RPXOMLQJLHMFFCA58CC
中山區,建物,臺北市中山區長春路301~330號,0.0,商,,,1060226,土地0建物1車位0,八層,14,住宅大樓(11層含以上有電梯),住家用,鋼骨鋼筋混凝土造,0940516,126.54,3,2,2,有,有,無,60000,474,,0.0,0,,RPRPMLQJLHMFFCA08CC
內湖區,建物,臺北市內湖區康樂街201巷1~30號,0.0,住,,,1060218,土地0建物1車位0,三層,4,華廈(10層含以下有電梯),住家用,鋼筋混凝土造,1031227,128.81,2,2,2,有,有,無,28000,217,,0.0,0,,RPTQMLQJLHMFFCA38CC
中山區,建物,臺北市中山區林森北路571~600號,0.0,商,,,1060216,土地0建物1車位0,八層,13,住宅大樓(11層含以上有電梯),住家用,鋼筋混凝土造,1000726,120.75999999999999,3,2,1,有,有,有,64100,531,,0.0,0,,RPQOMLRJLHMFFCA97CC
中山區,建物,臺北市中山區建國北路三段61~90號,0.0,住,,,1060217,土地0建物1車位0,十三層,14,住宅大樓(11層含以上有電梯),住家用,鋼筋混凝土造,1041016,77.98,2,1,1,有,有,有,60000,769,,0.0,0,,RPSOMLRJLHMFFCA18CC
中山區,建物,臺北市中山區農安街1~30號,0.0,商,,,1060215,土地0建物1車位0,五層,13,套房(1房1廳1衛),住家用,鋼筋混凝土造,0961212,57.94,1,1,1,有,有,有,24000,414,,0.0,0,,RPVOMLRJLHMFFCA48CC
中山區,建物,臺北市中山區中山北路二段121~150號,100.82,商,,,1060222,土地0建物1車位1,三層,14,住宅大樓(11層含以上有電梯),商業用,鋼骨鋼筋混凝土造,0930319,332.29,0,0,0,無,有,有,187912,566,坡道平面,81.75,0,,RPPPMLRJLHMFFCA97CC
內湖區,建物,臺北市內湖區大湖山莊街151~180號,0.0,住,,,1060219,土地0建物1車位0,五層,7,華廈(10層含以下有電梯),住家用,鋼筋混凝土造,0820105,63.97,2,1,1,有,有,有,18000,281,,0.0,0,,RPSPMLRJLHMFFCA28CC
內湖區,房地(土地+建物),臺北市內湖區星雲街15巷18弄1~30號,49.56,住,,,1060223,土地1建物1車位0,二層,5,公寓(5樓含以下無電梯),住家用,鋼筋混凝土造,0720410,82.81,2,1,1,有,無,有,15000,181,,0.0,0,,RPUPMLRJLHMFFCA48CC
內湖區,房地(土地+建物),臺北市內湖區金湖路1~30號,38.28,住,,,1060215,土地1建物1車位0,一層,5,公寓(5樓含以下無電梯),商業用,鋼筋混凝土造,0700723,137.69,4,2,2,有,有,有,40000,291,,0.0,0,,RPVPMLRJLHMFFCA58CC
中山區,建物,臺北市中山區南京東路二段1~30號,0.0,商,,,1060215,土地0建物1車位0,九層,12,辦公商業大樓,見其他登記事項,鋼筋混凝土造,0720526,198.35,3,1,0,有,無,有,83810,423,升降平面,0.0,0,,RPOQMLRJLHMFFCA97CC
士林區,建物,臺北市士林區忠誠路二段41巷1~30號,0.0,住,,,1060201,土地0建物1車位0,五層,7,華廈(10層含以下有電梯),住家用,鋼筋混凝土造,0870921,219.01999999999998,4,1,2,有,有,有,70000,320,,0.0,0,,RPSNMLRJLHMFFEA28CC
北投區,建物,臺北市北投區東華街一段481~510號,0.0,商,,,1060201,土地0建物1車位0,六層,14,住宅大樓(11層含以上有電梯),住家用,鋼筋混凝土造,0941111,208.81,4,2,2,有,有,有,85000,407,,0.0,0,,RPTNMLRJLHMFFEA38CC
士林區,建物,臺北市士林區士東路91巷1~30號,0.0,住,,,1060201,土地0建物1車位0,一層,5,店面(店鋪),見使用執照,鋼筋混凝土造,0680117,130.0,0,0,0,無,無,無,65000,500,,0.0,0,,RPROMLRJLHMFFEA28CC
大同區,建物,臺北市大同區太原路115巷1~30號,0.0,商,,,1060215,土地0建物1車位0,四層,5,公寓(5樓含以下無電梯),住家用,鋼筋混凝土造,0820517,65.08,2,1,1,有,無,無,17000,261,,0.0,0,,RPWNMLRJLHMFFBA38CC
大同區,建物,臺北市大同區市民大道一段181~210號,0.0,其他,,,1060220,土地0建物1車位0,十六層,18,住宅大樓(11層含以上有電梯),住家用,見其他登記事項,0980724,100.47,2,1,1,有,有,有,48000,478,,0.0,0,,RPUOMLRJLHMFFBA28CC
內湖區,房地(土地+建物)+車位,臺北市內湖區民權東路六段190巷117弄31~60號,53.35,住,,,1060218,土地1建物1車位1,四層,5,華廈(10層含以下有電梯),商業用,鋼筋混凝土造,0971205,130.57,2,2,1,有,有,有,32000,245,坡道機械,14.13,0,,RPUOMLRJLHMFFCA48DC
大安區,建物,臺北市大安區和平東路三段391~420號,0.0,其他,,,1060201,土地0建物1車位0,十二層,14,住宅大樓(11層含以上有電梯),住家用,鋼筋混凝土造,0951113,70.26,1,1,1,有,有,有,40000,569,,0.0,0,,RPOPMLRJLHMFFFA18CC
大安區,建物,臺北市大安區青田街8巷1~30號,0.0,住,,,1060201,土地0建物1車位1,四層,6,華廈(10層含以下有電梯),住家用,鋼筋混凝土造,0600303,183.38,4,2,2,有,有,有,45000,245,坡道平面,0.0,0,車位為住戶共用,RPPOMLSJLHMFFFA28CC
中正區,建物,臺北市中正區南昌路二段151~180號,0.0,住,,,1060228,土地0建物1車位0,三層,14,住宅大樓(11層含以上有電梯),見其他登記事項,鋼筋混凝土造,0970214,127.33,2,1,2,有,有,有,40649,319,,0.0,0,,RPVNMLSJLHMFFAA28CC
大同區,建物,臺北市大同區寧夏路1~30號,0.0,商,,,1060224,土地0建物1車位0,二層,13,住宅大樓(11層含以上有電梯),住家用,鋼筋混凝土造,1001130,70.55,2,1,1,有,有,有,35000,496,,0.0,0,,RPQNMLSJLHMFFBA87CC
萬華區,建物,臺北市萬華區成都路1~30號,0.0,商,,,1060220,土地0建物1車位0,五層,12,辦公商業大樓,商業用,鋼筋混凝土造,0811120,183.84,0,0,0,無,無,無,85000,462,,0.0,0,,RPRNMLSJLHMFFBA97CC
士林區,建物,臺北市士林區忠義街151~180號,0.0,住,,,1060201,土地0建物1車位0,三層,10,華廈(10層含以下有電梯),住家用,鋼筋混凝土造,0950704,156.84,3,2,2,有,有,有,57884,369,,0.0,0,,RPUNMLSJLHMFFEA58CC
北投區,建物,臺北市北投區石牌路二段357巷1~30號,0.0,住,,,1060201,土地0建物1車位1,九層,12,住宅大樓(11層含以上有電梯),住家用,鋼筋混凝土造,0850624,231.78,3,2,2,有,有,有,75000,324,升降機械,0.0,0,,RPXNMLSJLHMFFEA88CC
士林區,建物,臺北市士林區至善路二段271~300號,0.0,住,,,1060201,土地0建物1車位0,全,2,透天厝,住家用,加強磚造,0521028,40.0,0,0,0,無,無,無,25000,625,,0.0,0,,RPPOMLSJLHMFFEA18CC
士林區,建物,臺北市士林區中山北路六段405巷61~90號,0.0,住,,,1060201,土地0建物1車位0,六層,8,華廈(10層含以下有電梯),住家用,鋼筋混凝土造,0971209,209.03,4,2,2,有,有,有,80990,387,,0.0,0,,RPQQMLSJLHMFFEA48CC
松山區,建物,臺北市松山區民生東路三段113巷7弄1~30號,0.0,住,,,1060215,土地0建物0車位0,七層,7,華廈(10層含以下有電梯),住家用,鋼筋混凝土造,0680306,33.11,5,5,5,有,有,有,21000,634,,0.0,0,,RPSOMLSJLHMFFDA38CC
信義區,建物,臺北市信義區松德路200巷1~30號,0.0,其他,,,1060216,土地0建物1車位1,十六層,18,住宅大樓(11層含以上有電梯),住家用,鋼筋混凝土造,0880621,263.13,5,2,3,有,有,無,88000,334,坡道平面,35.69,0,,RPXOMLSJLHMFFDA88CC
中山區,建物,臺北市中山區林森北路451~480號,0.0,商,,,1060222,土地0建物1車位0,十二層,14,住宅大樓(11層含以上有電梯),見其他登記事項,鋼筋混凝土造,0981106,142.56,3,1,2,有,有,有,53200,373,,0.0,0,,RPTNMLSJLHMFFCA28CC
中山區,建物,臺北市中山區中山區中山北路二段128巷6弄1~30號,0.0,商,,,1060225,土地0建物1車位0,五層,8,套房(1房1廳1衛),商業用,鋼筋混凝土造,0660415,37.9,0,1,1,有,無,有,16000,422,,0.0,0,,RPUNMLSJLHMFFCA38CC
中山區,建物,臺北市中山區建國北路一段61~90號,0.0,住,,,1060224,土地0建物1車位1,七層,13,住宅大樓(11層含以上有電梯),住家用,鋼筋混凝土造,1020708,189.45,3,2,2,有,有,有,77000,406,升降機械,19.57,0,,RPQOMLSJLHMFFCA08CC
中山區,建物,臺北市中山區林森北路571~600號,0.0,商,,,1060227,土地0建物1車位0,七層,13,住宅大樓(11層含以上有電梯),住家用,鋼筋混凝土造,1000726,89.73,1,1,1,有,有,有,56000,624,,0.0,0,,RPVOMLSJLHMFFCA58CC
中山區,建物,臺北市中山區中山北路二段59巷31~60號,0.0,商,,,1060215,土地0建物1車位0,八層,16,套房(1房1廳1衛),商業用,鋼筋混凝土造,0880928,44.050000000000004,1,1,1,有,有,有,21500,488,,0.0,0,,RPSPMLSJLHMFFCA38CC
中山區,建物,臺北市中山區林森北路571~600號,0.0,商,,,1060224,土地0建物1車位0,七層,13,住宅大樓(11層含以上有電梯),住家用,鋼筋混凝土造,1000726,89.76,1,1,1,有,有,有,46000,512,,0.0,0,,RPUPMLSJLHMFFCA58CC
中山區,建物,臺北市中山區錦州街30巷1~30號,0.0,商,,,1060215,土地0建物1車位0,六層,10,套房(1房1廳1衛),住家用,鋼筋混凝土造,0680613,38.88,1,1,1,有,有,有,16900,435,,0.0,0,,RPPQMLSJLHMFFCA18CC
中山區,建物,臺北市中山區復興北路331~360號,0.0,商,,,1060222,土地0建物1車位0,一層,12,店面(店鋪),見使用執照,鋼筋混凝土造,0700114,232.18,0,0,0,無,有,無,150000,646,,0.0,0,,RPSNMLTJLHMFFCA28CC
內湖區,建物,臺北市內湖區行善路361~390號,0.0,其他,,,1060218,土地0建物1車位1,六層,12,住宅大樓(11層含以上有電梯),見其他登記事項,鋼筋混凝土造,1021017,141.45,3,2,2,有,有,無,36000,255,坡道平面,21.4,0,,RPPOMLTJLHMFFCA08CC
中山區,建物,臺北市中山區中山北路二段65巷1~30號,0.0,商,,,1060218,土地0建物1車位0,十層,14,住宅大樓(11層含以上有電梯),商業用,鋼筋混凝土造,0901112,69.37,2,2,1,有,有,有,36000,519,,0.0,0,,RPQOMLTJLHMFFCA18CC
中山區,建物,臺北市中山區中山北路一段93巷1~30號,0.0,商,,,1060228,土地0建物1車位0,九層,12,套房(1房1廳1衛),商業用,鋼筋混凝土造,0940803,42.620000000000005,1,1,1,有,有,有,30000,704,,0.0,0,,RPROMLTJLHMFFCA28CC
中山區,建物,臺北市中山區新生北路二段31~60號,0.0,商,,,1060219,土地0建物1車位0,十五層,17,住宅大樓(11層含以上有電梯),住家用,鋼筋混凝土造,0850718,66.27000000000001,2,1,1,有,有,有,23500,355,,0.0,0,,RPVPMLTJLHMFFCA78CC
松山區,建物,臺北市松山區南京東路四段1~30號,0.0,商,,,1060220,土地0建物1車位0,三層,15,住宅大樓(11層含以上有電梯),住家用,鋼筋混凝土造,0971205,28.58,1,0,1,有,有,有,16000,560,,0.0,0,,RPTNMLTJLHMFFDA48CC
士林區,建物,臺北市士林區中山北路六段405巷61~90號,0.0,住,,,1060201,土地0建物1車位0,二層,9,華廈(10層含以下有電梯),住家用,鋼筋混凝土造,0971209,209.97,4,2,2,有,有,有,95000,452,,0.0,0,,RPRNMLTJLHMFFEA38CC
士林區,建物,臺北市士林區士東路31~60號,0.0,住,,,1060201,土地0建物1車位0,三層,5,公寓(5樓含以下無電梯),住家用,鋼筋混凝土造,0750121,117.03,3,2,2,有,無,有,28000,239,,0.0,0,,RPUTMLTJLHMFFEA66CC
士林區,建物,臺北市士林區天玉街75巷1~30號,0.0,住,,,1060201,土地0建物1車位0,一層,5,公寓(5樓含以下無電梯),見使用執照,鋼筋混凝土造,0671229,108.41,2,2,2,有,無,有,40000,369,,0.0,0,,RPPVMLTJLHMFFEA98CC
中正區,建物,臺北市中正區仁愛路二段65巷1弄1~30號,0.0,住,,,1060224,土地0建物1車位0,二層,4,公寓(5樓含以下無電梯),,鋼筋混凝土造,,121.14,2,2,1,有,無,有,60000,495,,0.0,0,,RPSNMLTJLHMFFBA18CC
中正區,建物,臺北市中正區和平西路一段55巷1~30號,0.0,住,,,1060225,土地0建物1車位0,二層,7,華廈(10層含以下有電梯),住家用,鋼筋混凝土造,0990903,124.14999999999999,2,2,2,有,有,有,53000,427,,0.0,0,租金含管理費,RPRNMLTJLHMFFAA97CC
大安區,建物,臺北市大安區延吉街131巷1弄1~30號,63.79,住,,,1060201,土地0建物1車位0,地下一層,7,華廈(10層含以下有電梯),見使用執照,鋼筋混凝土造,,306.06,1,1,1,有,有,無,79464,260,,0.0,0,,RPXNMLTJLHMFFFA09CC
大安區,建物,臺北市大安區仁愛路四段331~360號,0.0,其他,,,1060201,土地0建物1車位1,五層,17,住宅大樓(11層含以上有電梯),住家用,鋼筋混凝土造,0751224,252.56,6,2,3,有,有,有,90000,356,坡道平面,0.0,0,,RPOOMLTJLHMFFFA28CC
大安區,建物,臺北市大安區和平東路一段50巷1弄1~30號,0.0,住,,,1060201,土地0建物1車位0,六層,7,套房(1房1廳1衛),住家用,鋼筋混凝土造,0970414,40.92,1,1,1,有,有,無,20000,489,,0.0,0,,RPXNMLKKLHMFFFA28CC
大安區,建物,臺北市大安區和平東路二段96巷17弄1~30號,0.0,住,,,1060201,土地0建物1車位0,三層,4,公寓(5樓含以下無電梯),住家用,鋼筋混凝土造,,109.41,3,2,2,有,有,無,32000,292,,0.0,0,,RPOOMLKKLHMFFFA47CC
大安區,建物,臺北市大安區信義路三段151~180號,0.0,商,,,1060201,土地0建物1車位1,全,3,透天厝,,鋼筋混凝土造,,228.41,0,0,0,無,無,無,160000,700,升降機械,0.0,0,,RPOPMLKKLHMFFFA57CC
大同區,建物,臺北市大同區環河北路一段91~120號,0.0,其他,,,1060220,土地0建物1車位0,四層,7,華廈(10層含以下有電梯),住家用,鋼筋混凝土造,0700122,107.0,0,0,0,無,有,無,24000,224,,0.0,0,辦公室使用,RPWOMLKKLHMFFBA87CC
士林區,建物,臺北市士林區忠誠路一段16巷22弄1~30號,0.0,住,,,1060201,土地0建物1車位1,七層,7,華廈(10層含以下有電梯),住家用,鋼筋混凝土造,0980513,221.52999999999997,3,2,2,有,有,有,93869,424,坡道平面,0.0,0,,RPUNMLKKLHMFFEA87CC
松山區,建物,臺北市松山區光復南路32巷31~60號,0.0,住,,,1060220,土地0建物1車位0,一層,7,華廈(10層含以下有電梯),商業用,鋼筋混凝土造,0810229,140.75,4,2,2,有,有,有,40000,284,,0.0,0,,RPSNMLKKLHMFFDA57CC
南港區,建物,臺北市南港區經貿二路157巷36弄91~120號,0.0,住,,,1060220,土地0建物1車位0,八層,9,華廈(10層含以下有電梯),住家用,鋼筋混凝土造,0940720,74.0,2,1,1,有,有,無,29515,399,,0.0,0,,RPTNMLKKLHMFFDA67CC
松山區,建物,臺北市松山區八德路二段391~420號,0.0,商,,,1060217,土地0建物1車位0,六層,11,辦公商業大樓,商業用,鋼筋混凝土造,0821129,181.22,1,1,2,有,有,有,65000,359,,0.0,0,,RPTQMLKKLHMFFDA97CC
內湖區,建物,臺北市內湖區內湖路一段285巷69弄31~60號,0.0,住,,,1060219,土地0建物1車位0,地下層,5,公寓(5樓含以下無電梯),商業用,鋼筋混凝土造,0720331,78.54,3,2,2,有,無,無,25000,318,,0.0,0,,RPUNMLKKLHMFFCA67CC
中山區,建物,臺北市中山區吉林路181~210號,0.0,商,,,1060220,土地0建物0車位0,全,4,透天厝,,加強磚造,,21.85,4,4,4,有,無,有,22000,1007,,0.0,0,,RPVNMLKKLHMFFCA77CC
中山區,建物,臺北市中山區德惠街31~60號,0.0,商,,,1060219,土地0建物1車位0,七層,11,套房(1房1廳1衛),住家用,鋼筋混凝土造,0710227,29.55,1,1,1,有,有,有,15000,508,,0.0,0,,RPQOMLKKLHMFFCA37CC
內湖區,建物,臺北市內湖區民權東路六段423巷9弄1~30號,0.0,住,,,1060220,土地0建物1車位0,一層,5,公寓(5樓含以下無電梯),見其他登記事項,鋼筋混凝土造,1030605,66.17,2,1,1,有,有,無,38000,574,,0.0,0,住家及工作室使用,RPROMLKKLHMFFCA47CC
中山區,建物,臺北市中山區基湖路145巷1~30號,0.0,住,,,1060221,土地0建物1車位1,二層,8,華廈(10層含以下有電梯),見其他登記事項,鋼骨鋼筋混凝土造,0990210,226.47,3,2,2,有,有,有,68700,303,坡道平面,39.88,0,,RPSOMLKKLHMFFCA57CC
中山區,建物,臺北市中山區林森北路451~480號,0.0,商,,,1060221,土地0建物1車位0,四層,14,住宅大樓(11層含以上有電梯),住家用,鋼筋混凝土造,0920122,30.09,2,1,1,有,有,有,19000,631,,0.0,0,,RPPPMLKKLHMFFCA37CC
中山區,建物,臺北市中山區中山北路二段59巷1~30號,0.0,商,,,1060218,土地0建物1車位0,九層,14,住宅大樓(11層含以上有電梯),商業用,鋼筋混凝土造,0880427,60.39,1,1,1,有,有,有,30000,497,,0.0,0,,RPPNMLLKLHMFFCA27CC
中山區,建物,臺北市中山區天祥路61~90號,0.0,商,,,1060222,土地0建物1車位0,十三層,14,住宅大樓(11層含以上有電梯),住家用,鋼筋混凝土造,0931203,53.510000000000005,1,1,1,有,有,有,33000,617,,0.0,0,,RPQNMLLKLHMFFCA37CC
中山區,建物,臺北市中山區林森北路301~330號,0.0,商,,,1060222,土地0建物1車位0,八層,15,住宅大樓(11層含以上有電梯),住家用,見其他登記事項,0990409,76.7,1,1,1,有,有,有,38889,507,,0.0,0,,RPRNMLLKLHMFFCA47CC
信義區,房地(土地+建物),臺北市信義區忠孝東路四段553巷46弄1~30號,53.5,住,,,1060223,土地1建物2車位0,一層,7,華廈(10層含以下有電梯),見使用執照,鋼筋混凝土造,,305.41,0,2,0,有,有,無,100000,327,,0.0,0,租賃期間:106/2/23-109/2/22,RPRNMLLKLHMFFDA57CC
大同區,建物,臺北市大同區南京西路25巷31~60號,0.0,商,,,1060224,土地0建物1車位0,七層,7,華廈(10層含以下有電梯),住家用,鋼筋混凝土造,0970626,107.86,2,1,1,有,有,有,45000,417,,0.0,0,,RPPNMLLKLHMFFBA17CC
松山區,建物,臺北市松山區南京東路四段53巷3弄1~30號,0.0,住,,,1060220,土地0建物1車位0,一層,4,公寓(5樓含以下無電梯),,加強磚造,,104.22,0,0,1,有,無,有,19800,190,,0.0,0,,RPQNMLMKLHMFFDA57CC
信義區,建物,臺北市信義區基隆路一段91~120號,0.0,商,,,1060220,土地0建物1車位0,七層,10,華廈(10層含以下有電梯),住家用,鋼筋混凝土造,0850307,30.67,1,1,1,有,有,無,13000,424,,0.0,0,,RPQOMLNKLHMFFDA77CC
信義區,建物,臺北市信義區崇德街63巷1~30號,0.0,住,,,1060222,土地0建物1車位1,五層,12,住宅大樓(11層含以上有電梯),住家用,鋼筋混凝土造,1010614,236.33,2,2,2,有,有,有,120000,508,坡道平面,60.32,0,,RPTOMLNKLHMFFDA08CC
松山區,建物,臺北市松山區南京東路五段211~240號,0.0,其他,,,1060222,土地0建物1車位0,十四層,18,住宅大樓(11層含以上有電梯),住家用,鋼筋混凝土造,0980331,98.08,2,2,1,有,有,有,46143,470,,0.0,0,,RPVOMLNKLHMFFDA28CC
大同區,建物,臺北市大同區太原路97巷1~30號,0.0,商,,,1060221,土地0建物1車位0,五層,5,公寓(5樓含以下無電梯),住家用,鋼筋混凝土造,0651104,71.23,3,2,2,有,無,無,11000,154,,0.0,0,,RPSNMLNKLHMFFBA67CC
士林區,建物,臺北市士林區德行東路151~180號,0.0,,,,1060201,土地0建物1車位0,全,1,透天厝,農舍,加強磚造,0521208,43.65,0,0,0,無,無,無,58000,1329,,0.0,0,,RPROMLNKLHMFFEA97CC
士林區,建物,臺北市士林區中正路104巷2弄1~30號,0.0,住,,,1060201,土地0建物1車位0,三層,7,華廈(10層含以下有電梯),住家用,鋼筋混凝土造,1000825,103.88999999999999,2,2,1,有,無,有,31000,298,,0.0,0,,RPSOMLNKLHMFFEA08CC
中山區,建物,臺北市中山區堤頂大道二段361~390號,0.0,住,,,1060220,土地0建物1車位1,七層,11,住宅大樓(11層含以上有電梯),住家用,鋼筋混凝土造,0931230,220.1,3,2,2,有,有,有,70000,318,坡道平面,0.0,0,,RPUNMLNKLHMFFCA97CC
內湖區,建物,臺北市內湖區文湖街21巷82弄1~30號,0.0,住,,,1060221,土地0建物1車位1,四層,7,華廈(10層含以下有電梯),住家用,鋼筋混凝土造,1010419,101.21000000000001,3,2,2,有,有,有,26000,257,升降機械,14.39,0,,RPOOMLNKLHMFFCA47CC
中山區,建物,臺北市中山區北安路811~840號,0.0,住,,,1060222,土地0建物1車位0,二層,14,套房(1房1廳1衛),住家用,鋼筋混凝土造,0991224,47.17,1,1,1,有,有,無,24000,509,,0.0,0,,RPSOMLNKLHMFFCA87CC
中山區,建物,臺北市中山區錦西街1~30號,0.0,住,,,1060216,土地0建物1車位0,五層,14,住宅大樓(11層含以上有電梯),住家用,鋼筋混凝土造,1010924,227.32,4,2,2,有,有,有,79464,350,,0.0,0,,RPRPMLNKLHMFFCA87CC
中山區,建物,臺北市中山區林森北路133巷31~60號,0.0,商,,,1060215,土地0建物1車位0,一層,3,店面(店鋪),,加強磚造,,76.49,0,0,0,無,無,有,38000,497,,0.0,0,,RPTPMLNKLHMFFCA08CC
大安區,建物,臺北市大安區信義路四段31~60號,0.0,住,,,1060201,土地0建物1車位0,四層,6,公寓(5樓含以下無電梯),住家用,鋼筋混凝土造,0600301,46.16,2,2,1,有,有,無,11000,238,,0.0,0,,RPUNMLNKLHMFFFA28CC
中正區,建物,臺北市中正區金門街11巷1~30號,0.0,住,,,1060222,土地0建物1車位0,四層,4,公寓(5樓含以下無電梯),住家用,加強磚造,,102.98,3,2,2,有,無,無,22000,214,,0.0,0,,RPXNMLNKLHMFFAA08CC
內湖區,房地(土地+建物),臺北市內湖區瑞光路391~420號,65.39,工,,,1060220,土地1建物1車位0,八層,12,廠辦,工業用,鋼筋混凝土造,0920821,343.93,0,1,0,有,有,無,152939,445,,0.0,0,租賃範圍不含車位且無法區分車位面積,RPQPMLNKLHMFFCA87DC
信義區,建物,臺北市信義區基隆路二段61~90號,0.0,商,,,1060216,土地0建物1車位0,七層,12,住宅大樓(11層含以上有電梯),見使用執照,鋼筋混凝土造,0721101,90.89,1,1,1,有,有,有,30000,330,,0.0,0,,RPUOMLOKLHMFFDA38DC
大安區,建物,臺北市大安區仁愛路四段361~390號,0.0,,,,1060201,土地0建物1車位0,六層,16,辦公商業大樓,商業用,鋼筋混凝土造,0730614,70.39,0,1,0,有,有,無,39600,563,,0.0,0,,RPUNMLOKLHMFFFA38CC
大安區,建物,臺北市大安區瑞安街181~210號,0.0,住,,,1060201,土地0建物1車位0,六層,7,華廈(10層含以下有電梯),住家用,鋼筋混凝土造,,73.62,2,1,1,有,有,無,32000,435,,0.0,0,,RPROMLOKLHMFFFA18CC
大安區,建物,臺北市大安區敦化南路一段187巷1~30號,62.26,住,,,1060201,土地0建物1車位0,七層,9,華廈(10層含以下有電梯),,鋼筋混凝土造,,284.83,4,2,3,有,無,無,60000,211,,0.0,0,,RPUPMLOKLHMFFFA58CC
內湖區,房地(土地+建物),臺北市內湖區瑞光路583巷1~30號,333.42,工,,,1060220,土地1建物1車位0,六層,7,廠辦,工商用,鋼筋混凝土造,0871125,333.42,0,0,0,無,有,無,124305,373,,0.0,0,,RPVNMLOKLHMFFCA18CC
北投區,建物,臺北市北投區石牌路二段315巷28弄1~30號,0.0,住,,,1060201,土地0建物1車位0,六層,7,華廈(10層含以下有電梯),住家用,鋼筋混凝土造,0971009,61.519999999999996,2,1,1,有,有,無,18000,293,,0.0,0,,RPPOMLOKLHMFFEA87CC
士林區,建物,臺北市士林區通河西街一段1~30號,0.0,住,,,1060201,土地0建物0車位0,全,2,透天厝,住家用,加強磚造,0560720,82.62,2,1,1,有,無,無,25000,303,,0.0,0,,RPQOMLOKLHMFFEA97CC
士林區,建物,臺北市士林區大東路1~30號,0.0,其他,,,1060201,土地0建物1車位0,一層,3,店面(店鋪),住家用,加強磚造,046,74.41,0,0,0,無,無,無,420000,5644,,0.0,0,,RPVOMLOKLHMFFEA48CC
北投區,建物,臺北市北投區石牌路二段315巷1~30號,0.0,住,,,1060201,土地0建物1車位1,四層,11,住宅大樓(11層含以上有電梯),住家用,鋼筋混凝土造,0980622,200.99,3,2,2,有,有,有,62578,311,坡道平面,0.0,0,,RPTNMLPKLHMFFEA28CC
信義區,建物,臺北市信義區基隆路一段121~150號,0.0,商,,,1060224,土地0建物1車位0,九層,13,住宅大樓(11層含以上有電梯),見其他登記事項,見其他登記事項,0950126,153.47,2,1,1,有,有,無,56000,365,,0.0,0,,RPSOMLPKLHMFFDA18CC
內湖區,建物,臺北市內湖區瑞光路571~600號,0.0,工,,,1060222,土地0建物1車位2,七層,9,廠辦,工業用,鋼筋混凝土造,0880806,226.24,7,2,0,有,有,無,92534,544,坡道平面,67.8,6300,,RPQOMLPKLHMFFCA87CC
內湖區,建物,臺北市內湖區新湖二路211~240號,0.0,其他,,,1060222,土地0建物1車位1,四層,7,華廈(10層含以下有電梯),工業用,鋼筋混凝土造,0910327,210.93,0,0,0,無,有,無,47000,223,坡道平面,0.0,0,辦公室使用,RPROMLPKLHMFFCA97CC
內湖區,建物,臺北市內湖區康寧路三段75巷175弄1~30號,0.0,住,,,1060226,土地0建物1車位1,四層,5,公寓(5樓含以下無電梯),住家用,鋼筋混凝土造,0960201,167.25,5,2,3,有,有,無,32000,191,坡道平面,0.0,0,,RPTOMLPKLHMFFCA18CC
中山區,建物,臺北市中山區中山北路二段121~150號,0.0,商,,,1060222,土地0建物1車位0,三層,14,辦公商業大樓,商業用,鋼骨鋼筋混凝土造,0930319,332.28999999999996,0,0,0,無,有,無,187912,566,,0.0,0,含3個車位,RPWOMLPKLHMFFCA48CC
中山區,建物,臺北市中山區民權東路三段1~30號,0.0,商,,,1060216,土地0建物0車位2,四層,16,辦公商業大樓,商業用,見使用執照,0920423,1042.02,4,0,0,有,有,有,646181,620,坡道平面,0.0,0,,RPVPMLPKLHMFFCA48CC
大安區,建物,臺北市大安區敦化南路二段91~120號,0.0,其他,,,1060201,土地0建物1車位3,三層,14,住宅大樓(11層含以上有電梯),住家用,鋼骨鋼筋混凝土造,0900522,339.87,4,2,3,有,有,無,138000,406,坡道平面,164.22,0,租金含稅實際建物現況為4房2廳3.5衛(因為系統無法key in故在此註明)實際租賃期間為3年2.5個月(因為系統無法key in故在此註明),RPVNMLPKLHMFFFA58CC
大安區,房地(土地+建物),臺北市大安區和平東路二段361~390號,46.17,商,,,1060201,土地1建物1車位0,一層,11,店面(店鋪),商業用,鋼筋混凝土造,,203.03,0,0,0,無,有,無,220000,1084,,0.0,0,"1060201-1110131每月租金220,000元1110201-1160131每月租金231,000元",RPXNMLPKLHMFFFA78CC
士林區,建物,臺北市士林區芝玉路一段211~240號,0.0,住,,,1060201,土地0建物1車位2,十四層,18,住宅大樓(11層含以上有電梯),住家用,鋼骨鋼筋混凝土造,0971112,242.28,4,2,2,有,有,有,91000,376,坡道機械,0.0,0,,RPXNMLPKLHMFFEA78DC
文山區,建物,臺北市文山區指南路二段45巷14弄1~30號,0.0,住,,,1060223,土地0建物1車位1,二層,7,華廈(10層含以下有電梯),住家用,鋼筋混凝土造,0980327,134.6,3,2,2,有,有,有,25000,186,坡道機械,20.4,0,租金含稅,RPPOMLPKLHMFFAA57CC
大安區,建物,臺北市大安區復興南路二段1~30號,0.0,商,,,1060201,土地0建物1車位0,四層,11,套房(1房1廳1衛),商業用,鋼筋混凝土造,0840907,38.480000000000004,1,1,1,有,有,無,18500,481,,0.0,0,,RPQNMLQKLHMFFFA18CC
大安區,建物,臺北市大安區羅斯福路二段91~120號,0.0,商,,,1060201,土地0建物1車位0,六層,26,辦公商業大樓,住家用,鋼筋混凝土造,0790927,48.06,2,2,1,有,有,有,25000,520,,0.0,0,,RPROMLQKLHMFFFA38CC
內湖區,房地(土地+建物)+車位,臺北市內湖區瑞光路181~210號,11.42,住,,,1060221,土地1建物1車位1,二層,8,華廈(10層含以下有電梯),住家用,鋼筋混凝土造,0831108,197.82999999999998,4,2,3,有,有,無,38597,195,坡道平面,0.0,0,,RPVNMLQKLHMFFCA38CC
內湖區,建物,臺北市內湖區民權東路六段296巷91~120號,0.0,住,,,1060228,土地0建物1車位0,九層,15,住宅大樓(11層含以上有電梯),住家用,鋼筋混凝土造,0830509,99.75,3,2,2,有,有,有,30000,301,,0.0,0,,RPPOMLQKLHMFFCA87CC
中山區,建物,臺北市中山區林森北路61~90號,0.0,商,,,1060223,土地0建物1車位0,六層,14,住宅大樓(11層含以上有電梯),住家用,鋼筋混凝土造,0961106,137.11,3,2,2,有,有,有,63000,459,,0.0,0,租金內含管理費。,RPTQMLQKLHMFFCA48CC
中山區,建物,臺北市中山區中山北路二段77巷1~30號,0.0,商,,,1060217,土地0建物1車位0,二層,12,住宅大樓(11層含以上有電梯),住家用,鋼筋混凝土造,0981027,78.50999999999999,1,2,1,有,有,有,52000,662,,0.0,0,,RPUQMLQKLHMFFCA58CC
松山區,建物,臺北市松山區八德路二段391~420號,0.0,商,,,1060227,土地0建物1車位0,十三層,13,套房(1房1廳1衛),見其他登記事項,鋼筋混凝土造,0950823,38.5,1,1,1,有,有,無,26000,675,,0.0,0,,RPSNMLQKLHMFFDA18CC
南港區,建物,臺北市南港區玉成街61~90號,0.0,商,,,1060218,土地0建物1車位0,六層,17,住宅大樓(11層含以上有電梯),住家用,見其他登記事項,0931216,216.52,3,2,2,有,有,有,56450,261,,0.0,0,,RPUNMLQKLHMFFDA38CC
南港區,建物,臺北市南港區八德路四段871~900號,0.0,商,,,1060216,土地0建物1車位0,二層,16,辦公商業大樓,商業用,鋼筋混凝土造,0841219,44.239999999999995,1,0,0,無,有,無,8000,181,,0.0,0,,RPOOMLQKLHMFFDA87CC
北投區,建物,臺北市北投區裕民六路1~30號,0.0,商,,,1060201,土地0建物1車位0,十二層,18,住宅大樓(11層含以上有電梯),見其他登記事項,鋼筋混凝土造,0970930,208.56,3,2,2,有,有,有,69000,331,,0.0,0,,RPPOMLQKLHMFFEA08CC
士林區,建物,臺北市士林區德行西路31~60號,0.0,住,,,1060201,土地0建物1車位0,六層,13,其他,見其他登記事項,鋼筋混凝土造,0970502,47.99,1,1,1,有,有,有,23000,479,,0.0,0,,RPQOMLQKLHMFFEA18CC
大同區,建物,臺北市大同區華亭街1~30號,0.0,商,,,1060228,土地0建物1車位0,八層,13,華廈(10層含以下有電梯),住家用,鋼筋混凝土造,1040506,61.41,2,1,1,有,有,有,27000,440,,0.0,0,,RPQNMLQKLHMFFBA77CC
大同區,建物,臺北市大同區南京西路61~90號,0.0,商,,,1060225,土地0建物1車位0,三層,15,住宅大樓(11層含以上有電梯),住家用,鋼筋混凝土造,0970205,114.94999999999999,3,2,2,有,有,有,55000,478,,0.0,0,,RPSOMLRKLHMFFBA18CC
士林區,建物,臺北市士林區士東路1~30號,0.0,住,,,1060201,土地0建物1車位0,一層,5,店面(店鋪),商業用,鋼筋混凝土造,0740107,108.28999999999999,0,0,0,無,無,無,42000,388,,0.0,0,,RPUOMLRKLHMFFEA68CC
北投區,建物,臺北市北投區文林北路94巷31~60號,0.0,住,,,1060201,土地0建物1車位0,十三層,13,住宅大樓(11層含以上有電梯),住家用,鋼筋混凝土造,0991115,166.25,3,1,2,有,有,有,84000,505,,0.0,0,,RPSPMLRKLHMFFEA58CC
信義區,建物,臺北市信義區忠孝東路五段751~780號,0.0,,,,1060224,土地0建物1車位0,一層,12,店面(店鋪),商業用,鋼筋混凝土造,0760320,49.82,0,0,0,無,無,無,47000,943,,0.0,0,,RPWNMLRKLHMFFDA68CC
信義區,房地(土地+建物),臺北市信義區忠孝東路五段372巷27弄1~30號,28.04,住,,,1060201,土地1建物1車位0,一層,7,華廈(10層含以下有電梯),見使用執照,鋼筋混凝土造,,136.35,3,2,3,有,無,有,40000,293,,0.0,0,,RPPPMLRKLHMFFDA18CC
信義區,建物,臺北市信義區基隆路二段151~180號,0.0,住,,,1060226,土地0建物1車位0,二層,12,住宅大樓(11層含以上有電梯),住家用,鋼筋混凝土造,0701117,35.879999999999995,4,4,4,有,有,有,6000,167,,0.0,0,,RPSPMLRKLHMFFDA48CC
中山區,建物,臺北市中山區錦州街30巷1~30號,0.0,商,,,1060221,土地0建物1車位0,二層,10,華廈(10層含以下有電梯),商業用,鋼筋混凝土造,0680613,70.1,2,1,1,有,有,無,22000,314,,0.0,0,,RPOOMLRKLHMFFCA87CC
中山區,建物,臺北市中山區中山北路二段59巷1~30號,0.0,商,,,1060219,土地0建物1車位0,十一層,14,套房(1房1廳1衛),商業用,鋼筋混凝土造,0880427,38.11,1,1,1,有,有,有,16000,420,,0.0,0,,RPTOMLRKLHMFFCA38CC
內湖區,建物,臺北市內湖區瑞湖街1~30號,0.0,工,,,1060224,土地0建物2車位0,九層,9,辦公商業大樓,見其他登記事項,鋼筋混凝土造,0960709,854.18,0,0,0,無,無,有,297095,348,,0.0,0,,RPOPMLRKLHMFFCA97CC
中山區,建物,臺北市中山區一江街31~60號,0.0,住,,,1060223,土地0建物1車位0,三層,11,住宅大樓(11層含以上有電梯),住家用,鋼筋混凝土造,0950309,222.69,3,2,2,有,有,有,71000,319,,0.0,0,租金內含管理費。,RPRPMLRKLHMFFCA28CC
大安區,建物,臺北市大安區忠孝東路四段91~120號,0.0,商,,,1060201,土地0建物2車位0,三層,11,其他,商業用,見使用執照,,423.40999999999997,0,0,0,無,有,無,300000,709,,0.0,0,此租賃物件為商場，立約時承租方資料為籌備處。,RPUNMLRKLHMFFFA68CC
中山區,建物,臺北市中山區林森北路301~330號,0.0,商,,,1060219,土地0建物1車位0,十五層,15,住宅大樓(11層含以上有電梯),住家用,見其他登記事項,0990409,83.32,1,1,1,有,有,有,42000,504,,0.0,0,,RPPNMLSKLHMFFCA97CC
中山區,建物,臺北市中山區林森北路571~600號,0.0,商,,,1060221,土地0建物1車位0,十層,13,住宅大樓(11層含以上有電梯),住家用,鋼筋混凝土造,1000726,184.44,3,1,2,有,有,有,90000,488,,0.0,0,,RPQNMLSKLHMFFCA08CC
內湖區,建物,臺北市內湖區港華街1~30號,0.0,住,,,1060219,土地0建物1車位0,八層,16,住宅大樓(11層含以上有電梯),住家用,鋼筋混凝土造,1020606,397.18,3,2,2,有,有,無,140000,352,,0.0,0,"租金含管理費15424元,含稅10%(12458元)含管理費、稅金",RPRNMLSKLHMFFCA18CC
中山區,建物,臺北市中山區民權西路9巷1~30號,0.0,商,,,1060224,土地0建物1車位0,七層,14,住宅大樓(11層含以上有電梯),住家用,鋼骨鋼筋混凝土造,0951129,98.33,2,1,2,有,有,有,40000,407,,0.0,0,,RPSNMLSKLHMFFCA28CC
中山區,建物,臺北市中山區松江路391~420號,0.0,住,,,1060228,土地0建物1車位0,五層,17,住宅大樓(11層含以上有電梯),住家用,鋼筋混凝土造,1040713,79.11,2,1,2,有,有,有,52000,657,,0.0,0,,RPTNMLSKLHMFFCA38CC
大同區,建物,臺北市大同區市民大道一段211~240號,0.0,其他,,,1060220,土地0建物1車位0,十四層,18,住宅大樓(11層含以上有電梯),見其他登記事項,見其他登記事項,0980724,72.52,1,1,1,有,有,有,48632,671,,0.0,0,,RPPNMLSKLHMFFBA87CC
大同區,建物,臺北市大同區庫倫街31~60號,0.0,住,,,1060224,土地0建物1車位0,四層,8,華廈(10層含以下有電梯),住家用,鋼筋混凝土造,0771205,140.92000000000002,5,1,2,有,無,有,39000,277,,0.0,0,,RPVNMLKLLHMFFBA77CC
萬華區,建物,臺北市萬華區大理街1~30號,0.0,商,,,1060222,土地0建物1車位1,五層,14,住宅大樓(11層含以上有電梯),住家用,鋼筋混凝土造,1041022,82.25,2,2,1,有,有,有,36500,444,塔式車位,7.35,0,租金含大樓管理費,RPTOMLKLLHMFFBA67CC
中正區,建物,臺北市中正區林森北路9巷1~30號,0.0,商,,,1060222,土地0建物1車位0,二層,6,華廈(10層含以下有電梯),住家用,鋼筋混凝土造,0660106,63.37,1,1,1,有,有,有,26000,410,,0.0,0,,RPPPMLKLLHMFFBA37CC
士林區,建物,臺北市士林區忠誠路一段61~90號,0.0,住,,,1060201,土地0建物1車位0,一層,7,華廈(10層含以下有電梯),商業用,鋼筋混凝土造,0740118,119.89999999999999,2,1,1,有,有,無,60000,500,,0.0,0,,RPSNMLKLLHMFFEA77CC
內湖區,建物,臺北市內湖區成功路四段167巷1~30號,0.0,住,,,1060221,土地0建物1車位0,十七層,18,住宅大樓(11層含以上有電梯),住家用,鋼筋混凝土造,0840128,202.79999999999998,3,2,2,有,有,有,50000,247,,0.0,0,,RPRNMLKLLHMFFCA47CC
大安區,建物,臺北市大安區溫州街52巷1~30號,0.0,住,,,1060201,土地0建物1車位0,一層,6,華廈(10層含以下有電梯),住家用,鋼筋混凝土造,0740816,130.45,3,2,2,有,有,無,65000,498,,0.0,0,,RPUNMLKLLHMFFFA08CC
大安區,建物,臺北市大安區忠孝東路四段1~30號,6.0,商,,,1051101,土地0建物1車位0,五層,12,住宅大樓(11層含以上有電梯),住家用,鋼筋混凝土造,,83.7,2,1,1,有,有,有,38000,454,,0.0,0,,RPXNMLKLLHMFFFA38CC
大安區,建物,臺北市大安區光復南路361~390號,11.74,商,,,1060201,土地0建物1車位0,三層,12,住宅大樓(11層含以上有電梯),商業用,鋼筋混凝土造,,132.23,3,2,2,有,有,無,43000,325,,0.0,0,,RPOOMLKLLHMFFFA57CC
中正區,建物,臺北市中正區北平東路1~30號,0.0,商,,,1060223,土地0建物1車位0,十一層,11,辦公商業大樓,商業用,鋼筋混凝土造,0810731,92.69999999999999,0,0,0,無,有,無,33000,356,,0.0,0,,RPQNMLKLLHMFFBA37DC
信義區,建物,臺北市信義區基隆路二段61~90號,0.0,商,,,1060220,土地0建物1車位0,六層,12,住宅大樓(11層含以上有電梯),見使用執照,鋼筋混凝土造,0721101,82.83999999999999,0,0,0,無,有,無,28350,342,,0.0,0,,RPSNMLKLLHMFFDA77DC
信義區,建物,臺北市信義區忠孝東路五段391~420號,0.0,商,,,1060218,土地0建物1車位0,六層,18,辦公商業大樓,見使用執照,鋼筋混凝土造,0860121,98.67,0,0,0,無,有,無,42000,426,,0.0,0,,RPTNMLKLLHMFFDA87DC
松山區,建物,臺北市松山區寶清街31~60號,0.0,商,,,1060224,土地0建物1車位0,七層,10,辦公商業大樓,商業用,鋼筋混凝土造,0791206,133.5,0,0,0,無,有,無,36750,275,,0.0,0,,RPVNMLKLLHMFFDA08DC
中山區,建物,臺北市中山區長安東路二段91~120號,0.0,商,,,1060226,土地0建物1車位0,十三層,13,住宅大樓(11層含以上有電梯),住家用,鋼筋混凝土造,0970222,34.66,1,1,1,有,有,有,20000,577,,0.0,0,,RPQQMLLLLHMFFCA77CC
大同區,建物,臺北市大同區市民大道一段181~210號,0.0,其他,,,1060223,土地0建物1車位0,六層,18,住宅大樓(11層含以上有電梯),住家用,見其他登記事項,0980724,72.24000000000001,2,1,1,有,有,有,50000,692,,0.0,0,,RPWOMLLLLHMFFBA08CC
松山區,房地(土地+建物)+車位,臺北市松山區敦化北路151~180號,0.0,商,,,1060220,土地0建物1車位2,七層,19,辦公商業大樓,商業用,鋼骨混凝土造,0781125,939.37,0,0,0,無,有,無,596736,635,坡道平面,0.0,0,本次只租賃七樓之部分面積，包括出租使用之租賃區域及公共設施，面積總計284.16坪，及地下三、四樓停車位二個，租金總額內含車位租金,RPQOMLLLLHMFFDA67CC
信義區,建物,臺北市信義區永吉路61~90號,0.0,商,,,1060228,土地0建物1車位0,六層,14,住宅大樓(11層含以上有電梯),商業用,鋼筋混凝土造,0891026,202.16,3,2,2,有,有,有,53000,262,,0.0,0,,RPXNMLMLLHMFFDA38CC
萬華區,建物,臺北市萬華區漢口街二段1~30號,0.0,商,,,1060228,土地0建物1車位0,九層,14,住宅大樓(11層含以上有電梯),住家用,鋼筋混凝土造,1001125,107.21,2,2,1,有,有,有,50000,466,,0.0,0,,RPXNMLMLLHMFFBA18CC
大同區,建物,臺北市大同區承德路三段1~30號,0.0,商,,,1060228,土地0建物1車位0,十三層,15,住宅大樓(11層含以上有電梯),住家用,鋼筋混凝土造,0990903,217.62,4,2,2,有,無,有,79000,363,,0.0,0,,RPPOMLMLLHMFFBA47CC
大同區,建物,臺北市大同區南京西路64巷9弄1~30號,0.0,商,,,1060212,土地0建物1車位0,五層,4,公寓(5樓含以下無電梯),住家用,加強磚造,,55.0,2,1,1,有,有,有,26000,473,,0.0,0,租賃建物為頂樓加蓋的部份。,RPQOMLMLLHMFFBA57CC
萬華區,建物,臺北市萬華區康定路91~120號,0.0,商,,,1060221,土地0建物1車位0,七層,26,套房(1房1廳1衛),住家用,見其他登記事項,1050331,49.36,1,1,1,有,有,有,21000,425,,0.0,0,,RPXOMLMLLHMFFBA28CC
內湖區,房地(土地+建物)+車位,臺北市內湖區瑞光路358巷38弄31~60號,0.0,工,,,1060221,土地1建物1車位1,三層,11,廠辦,見其他登記事項,見其他登記事項,0960215,177.75,0,0,0,無,有,無,68000,383,坡道平面,14.91,0,,RPUPMLMLLHMFFCA18CC
中山區,建物,臺北市中山區民權西路9巷1~30號,0.0,商,,,1060223,土地0建物1車位0,六層,14,套房(1房1廳1衛),見其他登記事項,鋼筋混凝土造,1011112,64.72,1,1,1,有,有,有,32000,494,,0.0,0,,RPVPMLMLLHMFFCA28CC
萬華區,建物,臺北市萬華區西寧南路61~90號,0.0,商,,,1060225,土地0建物1車位0,三層,10,店面(店鋪),商業用,鋼筋混凝土造,0620604,65.35,0,0,0,無,有,無,25000,383,,0.0,0,,RPPNMLNLLHMFFBA47CC
北投區,建物,臺北市北投區中央南路二段1~30號,0.0,工,,,1060201,土地0建物1車位0,九層,19,廠辦,見其他登記事項,鋼筋混凝土造,1040828,55.02,0,0,0,無,有,無,15500,282,,0.0,0,,RPTOMLNLLHMFFEA28CC
士林區,建物,臺北市士林區士東路91巷31~60號,0.0,住,,,1060201,土地0建物0車位0,六層,7,華廈(10層含以下有電梯),住家用,鋼筋混凝土造,0731106,129.29,3,2,2,有,有,有,60000,464,,0.0,0,,RPXNMLOLLHMFFEA68CC
中正區,建物,臺北市中正區重慶南路一段31~60號,0.0,商,,,1060216,土地0建物1車位0,十一層,14,辦公商業大樓,見使用執照,鋼筋混凝土造,0910723,6.640000000000001,0,1,1,有,有,有,5000,753,,0.0,0,,RPXOMLOLLHMFFBA48CC
南港區,房地(土地+建物)+車位,臺北市南港區興中路12巷1~30號,38.82,商,,,1060225,土地1建物1車位1,二層,10,華廈(10層含以下有電梯),工業用,鋼筋混凝土造,0810811,110.68,0,0,0,無,有,無,34000,307,升降平面,70.54,0,,RPVNMLOLLHMFFDA38CC
中山區,建物,臺北市中山區松江路391~420號,0.0,住,,,1060227,土地0建物1車位0,二層,17,住宅大樓(11層含以上有電梯),住家用,鋼筋混凝土造,1040713,79.11,2,1,1,有,有,有,52000,657,,0.0,0,,RPWPMLOLLHMFFCA58CC
中山區,建物,臺北市中山區中山北路二段151~180號,0.0,商,,,1060228,土地0建物1車位0,六層,14,住宅大樓(11層含以上有電梯),住家用,鋼骨鋼筋混凝土造,0951129,67.82000000000001,2,1,1,有,有,有,35569,524,,0.0,0,,RPXPMLOLLHMFFCA68CC
松山區,建物,臺北市松山區健康路211~240號,0.0,住,,,1060218,土地0建物1車位0,一層,4,公寓(5樓含以下無電梯),,加強磚造,,49.6,0,0,0,無,無,無,43000,867,,0.0,0,該建號有隔間分租，本次承租其中約15坪店面空間。,RPQNMLRLLHMFFDA18CC
萬華區,建物,臺北市萬華區康定路91~120號,0.0,商,,,1060228,土地0建物1車位0,七層,26,住宅大樓(11層含以上有電梯),住家用,見其他登記事項,1050331,50.21,1,1,1,有,有,有,18800,374,,0.0,0,租金含管理費。,RPQNMLRLLHMFFBA97CC
萬華區,建物,臺北市萬華區康定路91~120號,0.0,商,,,1060228,土地0建物1車位0,十九層,26,套房(1房1廳1衛),住家用,見其他登記事項,1050331,74.94,1,1,1,有,有,有,30000,400,,0.0,0,租金含管理費。,RPTNMLRLLHMFFBA28CC
內湖區,房地(土地+建物),臺北市內湖區內湖路二段1~30號,353.0,住,,,1060221,土地1建物1車位0,一層,5,店面(店鋪),商業用,鋼筋混凝土造,0771230,96.89999999999999,0,0,0,無,無,有,55000,568,,0.0,0,,RPOPMLSLLHMFFCA18CC
