╢m┬эел░╧,ецйЎ╝╨к║,дgжa░╧мqжь╕mй╬л╪кл░╧к∙╡P,дgжa▓╛┬р┴`н▒┐nендшд╜д╪,│гелдgжaи╧е╬д└░╧,лD│гелдgжaи╧е╬д└░╧,лD│гелдgжaи╧е╬╜sйw,ецйЎж~дыдщ,ецйЎ╡з┤╔╝╞,▓╛┬р╝hж╕,┴`╝╙╝h╝╞,л╪кллм║A,еDнnе╬│~,еDнnл╪зў,л╪┐vз╣жиж~ды,л╪кл▓╛┬р┴`н▒┐nендшд╜д╪,л╪кл▓{кpоцз╜-й╨,л╪кл▓{кpоцз╜-╞U,л╪кл▓{кpоцз╜-╜├,л╪кл▓{кpоцз╜-╣j╢б,ж│╡L║▐▓z▓╒┬┤,┴`╗∙д╕,│ц╗∙иCендшд╜д╪,иожь├■зO,иожь▓╛┬р┴`н▒┐nендшд╜д╪,иожь┴`╗∙д╕,│╞╡∙,╜s╕╣
дЇдW╢m,дgжa,е~╖╦мwмq╖╦мwдpмq1~30жa╕╣,281.0,жэ,,,1050926,дgжa2л╪кл0иожь0,,,ифеL,,,,0.0,0,0,0,ж│,╡L,14280000,50819,,0.0,0,,RPTOMLPLIILFFDQ86CA
дЇдW╢m,дgжa,дЇкFмq31~60жa╕╣,121.32,жэ,,,1050923,дgжa1л╪кл0иожь0,,,ифеL,,,,0.0,0,0,0,ж│,╡L,1570000,12941,,0.0,0,,RPQNMLLKIILFFDQ68DA
е┴╢п╢m,л╪кл,╣┼╕q┐де┴╢п╢mдх╢йз°└nе└?1~30╕╣,0.0,,,,1050901,дgжa0л╪кл1иожь0,е■,е|╝h,│zд╤нэ,жэоaе╬,┐√╡м▓V╛одg│y,1050729,193.86,5,1,5,ж│,╡L,3380000,17435,,0.0,0,,RPVNMLNLKILFFCQ86CA
е┴╢п╢m,л╪кл,╣┼╕q┐де┴╢п╢mдх╢йз°└nе└?1~30╕╣,0.0,,,,1051201,дgжa0л╪кл1иожь0,е■,е|╝h,│zд╤нэ,жэоaе╬,┐√╡м▓V╛одg│y,1050729,180.87,6,1,6,ж│,╡L,3200000,17692,,0.0,0,,RPVNMLSLKILFFCQ37CA
ем│U┬э,л╪кл,╣┼╕q┐дем│U┬э┤_┐│и╜22╛F╖s╢є121~150╕╣,0.0,,,,1060101,дgжa0л╪кл1иожь0,е■,е|╝h,│zд╤нэ,жэоaе╬,┐√╡м▓V╛одgе[▒j┐j│y,0850701,303.4,6,2,7,ж│,╡L,2176000,7172,,0.0,0,,RPWNMLNLJHMFFBQ86DA
╖s┤ф╢m,л╪кл,╣┼╕q┐д╖s┤ф╢mдде┐╕Ї121~150╕╣,0.0,,,,1051201,дgжa0л╪кл2иожь0,е■,дG╝h,│zд╤нэ,жэоaе╬,┐√╡м▓V╛одgе[▒j┐j│y,0670315,177.17,6,4,4,ж│,╡L,500000,2822,,0.0,0,,RPSNMLPKKHMFFCQ86EA
дjкL┬э,дgжa,╖sдjоHм№мq1591~1620жa╕╣,2769.54,,д@пы╣A╖~░╧,╣Aкке╬жa,1060101,дgжa1л╪кл0иожь0,,,ифеL,,,,0.0,0,0,0,ж│,╡L,2300000,830,,0.0,0,,RPQNMLMJLHMFFCQ78CA
дjкL┬э,й╨жa(дgжa+л╪кл),╣┼╕q┐ддjкL┬эдд┐│╕ЇдGмq797л╤31~60╕╣,78.0,,пSйw╣A╖~░╧,е╥║╪л╪┐vе╬жa,1060101,дgжa1л╪кл1иожь0,е■,дT╝h,│zд╤нэ,жэоaе╬,┐√╡м▓V╛одg│y,0840217,162.12,4,2,3,ж│,╡L,3000000,18505,,0.0,0,,RPPNMLRKKHMFFCQ66DA
╖s┤ф╢m,дgжa,е├║╓мq121~150жa╕╣,68.67,жэ,,,1051201,дgжa1л╪кл0иожь0,,,ифеL,,,,0.0,0,0,0,ж│,╡L,420000,6116,,0.0,0,,RPTNMLKLKHMFFCQ09DA
╖s┤ф╢m,дgжa,е├║╓мq121~150жa╕╣,88.67,жэ,,,1051201,дgжa1л╪кл0иожь0,,,ифеL,,,,0.0,0,0,0,ж│,╡L,536000,6045,,0.0,0,,RPUNMLKLKHMFFCQ56DA
д╗╕}╢m,дgжa,ж╦дl╕}мq631~660жa╕╣,1798.5,,д@пы╣A╖~░╧,╣Aкке╬жa,1060101,дgжa1л╪кл0иожь0,,,ифеL,,,,0.0,0,0,0,ж│,╡L,1007160,560,,0.0,0,,RPRNMLNKLHMFFBQ09DA
ддоH╢m,дgжa,д¤╖▌мq121~150жa╕╣,7039.6,,пSйw╣A╖~░╧,╣Aкке╬жa,1060101,дgжa5л╪кл0иожь0,,,ифеL,,,,0.0,0,0,0,ж│,╡L,68000000,9660,,0.0,0,зt╝Wл╪й╬е╝╡n░Oл╪клбC,RPPNMLSJLHMFFDQ76CA
д╙лOел,й╨жa(дgжa+л╪кл),╣┼╕q┐дд╙лOел╣L╖╛и╜│┬д╙╕Ї137л╤1~30╕╣,115.64,жэ,,,1060201,дgжa2л╪кл1иожь0,е■,дT╝h,│zд╤нэ,игифеL╡n░Oи╞╢╡,┐√╡м▓V╛одg│y,1051117,171.66,5,2,5,ж│,╡L,5800000,33788,,0.0,0,,RPVNMLLLKHMFFDQ76CA
д╙лOел,й╨жa(дgжa+л╪кл),╣┼╕q┐дд╙лOел╣L╖╛и╜│┬д╙╕Ї137л╤1~30╕╣,115.64,жэ,,,1060201,дgжa2л╪кл1иожь0,е■,дT╝h,│zд╤нэ,игифеL╡n░Oи╞╢╡,┐√╡м▓V╛одg│y,1051117,170.69,5,2,4,ж│,╡L,6180000,36206,,0.0,0,,RPWNMLLLKHMFFDQ86CA
д╙лOел,й╨жa(дgжa+л╪кл),╣┼╕q┐дд╙лOел╣L╖╛и╜│┬д╙╕Ї137л╤1~30╕╣,114.64,жэ,,,1060201,дgжa2л╪кл1иожь0,е■,дT╝h,│zд╤нэ,игифеL╡n░Oи╞╢╡,┐√╡м▓V╛одg│y,1051117,171.22,5,2,5,ж│,╡L,6220000,36328,,0.0,0,,RPXNMLLLKHMFFDQ96CA
е┴╢п╢m,й╨жa(дgжa+л╪кл),╣┼╕q┐де┴╢п╢m┬╫жмз°жnжм╕Ї1~30╕╣,103.98,,╢mз°░╧,дA║╪л╪┐vе╬жa,1060101,дgжa2л╪кл1иожь0,е■,е|╝h,│zд╤нэ,жэ░╙е╬,┐√╡м▓V╛одgе[▒j┐j│y,0830201,197.84,4,2,2,ж│,╡L,2700000,13647,,0.0,0,,RPTNMLRKKHMFFCQ96CA
е┴╢п╢m,й╨жa(дgжa+л╪кл),╣┼╕q┐де┴╢п╢mжшжwз°е┴╖╦╕Ї5л╤181~210╕╣,115.86,жэ,,,1060101,дgжa3л╪кл1иожь0,е■,дT╝h,│zд╤нэ,игифеL╡n░Oи╞╢╡,┐√╡м▓V╛одg│y,1050628,214.6,5,2,5,ж│,╡L,12600000,58714,,0.0,0,,RPWNMLRKKHMFFCQ27CA
е┴╢п╢m,дgжa,┐│лnмq91~120жa╕╣,17.51,жэ,,,1060201,дgжa1л╪кл0иожь0,,,ифеL,,,,0.0,0,0,0,ж│,╡L,78343,4474,,0.0,0,(е]зt)д╜ж@│]мIлOпdжaдзецйЎбC╖ю╣sжaй╬ж│жXи╓и╧е╬дзецйЎбC,RPPNMLSKKHMFFCQ66CA
дjкL┬э,дgжa,┤Єдlмq481~510жa╕╣,2000.0,,пSйw╣A╖~░╧,╣Aкке╬жa,1060101,дgжa1л╪кл0иожь0,,,ифеL,,,,0.0,0,0,0,ж│,╡L,2700000,1350,,0.0,0,,RPQNMLSKKHMFFCQ76CA
╖s┤ф╢m,й╨жa(дgжa+л╪кл),╣┼╕q┐д╖s┤ф╢m╖╦е_з°5╛F╖╦е_╕Ї31~60╕╣,72.64,,╢mз°░╧,дA║╪л╪┐vе╬жa,1051201,дgжa2л╪кл1иожь0,е■,дG╝h,│zд╤нэ,жэоaе╬,┐√╡м▓V╛одgе[▒j┐j│y,0710504,117.11,3,2,2,ж│,╡L,600000,5123,,0.0,0,йnз╠┐╦д═пSоэ├ЎлY╢бдзецйЎбC,RPRNMLKLKHMFFCQ78CA
╖s┤ф╢m,дgжa,дым▄╝цмqды╝цдpмq151~180жa╕╣,2822.0,,пSйw╣A╖~░╧,╣Aкке╬жa,1060201,дgжa1л╪кл0иожь0,,,ифеL,,,,0.0,0,0,0,ж│,╡L,7000000,2481,,0.0,0,е]мAжaдWе╝╡n░Oл╪клд╬│]мI,RPSNMLKLKHMFFCQ88CA
ж╡дlел,й╨жa(дgжa+л╪кл),╣┼╕q┐дж╡дlелдпйMдG╕Ї121~150╕╣,5.87,жэ,,,1060101,дgжa1л╪кл1иожь0,е|╝h,дK╝h,оMй╨(1й╨1╞U1╜├),жэоaе╬,┐√╡м▓V╛одg│y,0950828,25.04,1,1,1,ж│,ж│,450000,17971,,0.0,0,,RPQNMLRKKHMFFBQ56CA
ж╡дlел,й╨жa(дgжa+л╪кл),╣┼╕q┐дж╡дlел?╡цоH105дз17л╤1~30╕╣,64.0,жэ,,,1060101,дgжa1л╪кл1иожь0,е■,дG╝h,│zд╤нэ,жэоaе╬,┐√╡м▓V╛одgе[▒j┐j│y,0691023,73.36,3,2,2,ж│,╡L,2650000,36123,,0.0,0,,RPSNMLRKKHMFFBQ76CA
ж╡дlел,й╨жa(дgжa+л╪кл),╣┼╕q┐дж╡дlелдд┐│╕Ї61~90╕╣,12.09,жэ,,,1060101,дgжa1л╪кл1иожь0,д╗╝h,дQе|╝h,жэжvдj╝╙(11╝hзtеHдWж│╣q▒ш),жэоaе╬,┐√╡м▓V╛одg│y,0850815,98.39,3,2,2,ж│,╡L,2400000,24393,,0.0,0,,RPQNMLSKKHMFFBQ66CA
ем│U┬э,дgжa,╖sлnмq91~120жa╕╣,1137.32,,пSйw▒Mе╬░╧,ец│qе╬жa,1060101,дgжa1л╪кл0иожь0,,,ифеL,,,,0.0,0,0,0,ж│,╡L,705138,620,,0.0,0,иє─│╗∙┴╩,RPRNMLSKKHMFFBQ76CA
ем│U┬э,дgжa,╖sлnмq511~540жa╕╣,168.06,,пSйw▒Mе╬░╧,ец│qе╬жa,1060101,дgжa1л╪кл0иожь0,,,ифеL,,,,0.0,0,0,0,ж│,╡L,107558,640,,0.0,0,иє─│╗∙┴╩,RPTNMLSKKHMFFBQ96CA
╕qж╦╢m,дgжa,Чfдl╝dмq1~30жa╕╣,7.89,,пSйw▒Mе╬░╧,ец│qе╬жa,1060101,дgжa1л╪кл0иожь0,,,ифеL,,,,0.0,0,0,0,ж│,╡L,29193,3700,,0.0,0,иє─│╗∙┴╩,RPUNMLSKKHMFFBQ07CA
д╗╕}╢m,дgжa,лс▒Yдsмq▒Yдsдpмq631~660жa╕╣,4630.2,,пSйw╣A╖~░╧,╣Aкке╬жa,1051101,дgжa5л╪кл0иожь0,,,ифеL,,,,0.0,0,0,0,ж│,╡L,2500000,540,,0.0,0,┐╦д═пSоэ├ЎлY╢бдзецйЎбC,RPQNMLKLKHMFFBQ58CA
ем│U┬э,дgжa,л╪┐│мq541~570жa╕╣,101.08,,╢mз°░╧,дA║╪л╪┐vе╬жa,1060201,дgжa2л╪кл0иожь0,,,ифеL,,,,0.0,0,0,0,ж│,╡L,50000,495,,0.0,0,╢R╜ц┬∙дшм░┐╦▒нпSоэ├ЎлY╢бдзецйЎбAлYж]пк▓гд└░tдзецйЎбAеBе╗о╫дздgжa╝Wн╚╡|д╬╣Lдс╢Oе╬е╤й╙╢RдHнt╛сбC,RPRNMLOLKHMFFBQ09CA
ем│U┬э,дgжa,│└╝dмq391~420жa╕╣,707.8,,д@пы╣A╖~░╧,дЇзQе╬жa,1060101,дgжa2л╪кл0иожь0,,,ифеL,,,,0.0,0,0,0,ж│,╡L,200000,283,,0.0,0,1.и№╢┼┼v╢┼░╚╝v┼Tй╬╢┼░╚йш└vдзецйЎбC2.└v┴┘ифеLн╔╢Uд╬йшйун╔╢U,RPTNMLOLKHMFFBQ66CA
ж╡дlел,дgжa,оrлсмqлnоrдpмq451~480жa╕╣,33.53,,╢mз°░╧,дA║╪л╪┐vе╬жa,1060201,дgжa1л╪кл0иожь0,,,ифеL,,,,0.0,0,0,0,ж│,╡L,46000,1372,,0.0,0,,RPQNMLLJLHMFFBQ58CA
ж╡дlел,й╨жa(дgжa+л╪кл),╣┼╕q┐дж╡дlел▓╗йMдT╕Їжшмq181~210╕╣,10.09,жэ,,,1060101,дgжa1л╪кл1иожь0,е|╝h,дн╝h,оMй╨(1й╨1╞U1╜├),жэоaе╬,┐√╡м▓V╛одg│y,0920821,22.779999999999998,1,1,1,ж│,ж│,420000,18437,,0.0,0,,RPSNMLLJLHMFFBQ78CA
╖╦дf╢m,дgжa,╖╦кFмq61~90жa╕╣,161.39,жэ,,,1051201,дgжa1л╪кл0иожь0,,,ифеL,,,,0.0,0,0,0,ж│,╡L,4300000,26644,,0.0,0,┴`╗∙зtе╝лOжs╡n░Oл╪кл,RPQNMLNLKHMFFCQ56EA
ж╦▒T╢m,дgжa,╜vнэ╝dмq61~90жa╕╣,146.0,,╢mз°░╧,дA║╪л╪┐vе╬жa,1060101,дgжa2л╪кл0иожь0,,,ифеL,,,,0.0,0,0,0,ж│,╡L,1800000,12329,,0.0,0,зtе╝╡n░Oл╪клбC,RPPNMLSKKHMFFEQ07EA
е┴╢п╢m,дgжa,╡╫оHмq╡╫░ёдpмq121~150жa╕╣,5073.0,,пSйw╣A╖~░╧,╣Aкке╬жa,1051201,дgжa2л╪кл0иожь0,,,ифеL,,,,0.0,0,0,0,ж│,╡L,4600000,907,,0.0,0,,RPXNMLLJLHMFFCQ86DA
е┴╢п╢m,дgжa,дн╜\д¤мq61~90жa╕╣,322.0,жэ,,,1060101,дgжa2л╪кл0иожь0,,,ифеL,,,,0.0,0,0,0,ж│,╡L,7200000,22360,,0.0,0,,RPVNMLKLKHMFFCQ56CA
дjкL┬э,й╨жa(дgжa+л╪кл),╣┼╕q┐ддjкL┬эенкLи╜е┴▒┌╕Ї189л╤1~30╕╣,88.23,жэ,,,1060101,дgжa1л╪кл1иожь0,е■,дT╝h,│zд╤нэ,игифеL╡n░Oи╞╢╡,┐√╡м▓V╛одg│y,1041113,193.53,3,2,3,ж│,╡L,8000000,41337,,0.0,0,,RPQNMLRKKHMFFCQ66CA
╕qж╦╢m,дgжa,ид▒a│Ємq▒a│Єдpмq301~330жa╕╣,2492.0,,пSйw╣A╖~░╧,╣Aкке╬жa,1060201,дgжa1л╪кл0иожь0,,,ифеL,,,,0.0,0,0,0,ж│,╡L,1600000,642,,0.0,0,,RPSNMLNLKHMFFBQ09CA
д╗╕}╢m,дgжa,─мнэ╝dмq─мнэдpмq61~90жa╕╣,2349.0,,пSйw╣A╖~░╧,дB║╪л╪┐vе╬жa,1051201,дgжa2л╪кл0иожь0,,,ифеL,,,,0.0,0,0,0,ж│,╡L,14300000,6088,,0.0,0,,RPTNMLNLKHMFFBQ56CA
е┴╢п╢m,й╨жa(дgжa+л╪кл),╣┼╕q┐де┴╢п╢mдх╢йз°10╛F└nе└?31~60╕╣,854.74,жэ,,,1060101,дgжa2л╪кл1иожь0,е■,д@╝h,│zд╤нэ,игифеL╡n░Oи╞╢╡,┐√░й┐√╡м▓V╛одg│y,0970117,265.6,3,2,2,ж│,╡L,14000000,52711,,0.0,0,,RPOOMLLJLHMFFCQ58CA
╖s┤ф╢m,дgжa,дддuмq61~90жa╕╣,298.1,,дu╖~░╧,дB║╪л╪┐vе╬жa,1051201,дgжa1л╪кл0иожь0,,,ифеL,,,,0.0,0,0,0,ж│,╡L,2600000,8722,,0.0,0,,RPRNMLTJLHMFFCQ96CA
е┴╢п╢m,й╨жa(дgжa+л╪кл),╣┼╕q┐де┴╢п╢m░ёид61~90╕╣,90.96,жэ,,,1051201,дgжa1л╪кл1иожь0,е■,дT╝h,│zд╤нэ,игифеL╡n░Oи╞╢╡,┐√╡м▓V╛одg│y,1050817,203.87,4,2,3,ж│,╡L,8000000,39241,,0.0,0,,RPQNMLNKLHMFFCQ98CA
е┴╢п╢m,й╨жa(дgжa+л╪кл),╣┼╕q┐де┴╢п╢m░ёид61~90╕╣,91.2,жэ,,,1051201,дgжa1л╪кл1иожь0,е■,дT╝h,│zд╤нэ,игифеL╡n░Oи╞╢╡,┐√╡м▓V╛одg│y,1050817,203.9,4,2,5,ж│,╡L,8000000,39235,,0.0,0,,RPRNMLNKLHMFFCQ09CA
е┴╢п╢m,й╨жa(дgжa+л╪кл),╣┼╕q┐де┴╢п╢m░ёид61~90╕╣,96.62,жэ,,,1051201,дgжa1л╪кл1иожь0,е■,дT╝h,│zд╤нэ,игифеL╡n░Oи╞╢╡,┐√╡м▓V╛одg│y,1050817,190.67,4,2,5,ж│,╡L,7530000,39492,,0.0,0,дг░╩▓гдзж@ж│дH╝╞м░в▒дH,RPSNMLNKLHMFFCQ56CA
е┴╢п╢m,й╨жa(дgжa+л╪кл),╣┼╕q┐де┴╢п╢m░ёид61~90╕╣,102.42,жэ,,,1051201,дgжa1л╪кл1иожь0,е■,дT╝h,│zд╤нэ,игифеL╡n░Oи╞╢╡,┐√╡м▓V╛одg│y,1050817,208.07,4,2,5,ж│,╡L,7670000,36863,,0.0,0,,RPTNMLNKLHMFFCQ66CA
е┴╢п╢m,й╨жa(дgжa+л╪кл),╣┼╕q┐де┴╢п╢m░ёид61~90╕╣,94.46,жэ,,,1051201,дgжa1л╪кл1иожь0,е■,дT╝h,│zд╤нэ,игифеL╡n░Oи╞╢╡,┐√╡м▓V╛одg│y,1050817,190.67,4,2,5,ж│,╡L,7500000,39335,,0.0,0,,RPUNMLNKLHMFFCQ76CA
е┴╢п╢m,й╨жa(дgжa+л╪кл),╣┼╕q┐де┴╢п╢m░ёид61~90╕╣,133.38,жэ,,,1051201,дgжa2л╪кл1иожь0,е■,дT╝h,│zд╤нэ,игифеL╡n░Oи╞╢╡,┐√╡м▓V╛одg│y,1050817,177.82,4,2,5,ж│,╡L,7900000,44427,,0.0,0,,RPVNMLNKLHMFFCQ86CA
│└пє╢m,дgжa,│└пємq1321~1350жa╕╣,333.0,,пSйw╣A╖~░╧,е╥║╪л╪┐vе╬жa,1060101,дgжa1л╪кл0иожь0,,,ифеL,,,,0.0,0,0,0,ж│,╡L,500000,1502,,0.0,0,┐╦д═бBн√дuй╬ифеLпSоэ├ЎлY╢бдзецйЎбC,RPWNMLSKKHMFFDQ47CA
д╙лOел,й╨жa(дgжa+л╪кл),╣┼╕q┐дд╙лOел╣L╖╛и╜│┬д╙╕Ї137л╤1~30╕╣,115.64,жэ,,,1060201,дgжa2л╪кл1иожь0,е■,дT╝h,│zд╤нэ,игифеL╡n░Oи╞╢╡,┐√╡м▓V╛одg│y,1051117,173.52,5,2,5,ж│,╡L,6300000,36307,,0.0,0,,RPPOMLLLKHMFFDQ88CA
дjоH╢m,дgжa,оHлnмq241~270жa╕╣,133.74,жэ,,,1060101,дgжa1л╪кл0иожь0,,,ифеL,,,,0.0,0,0,0,ж│,╡L,550000,4112,,0.0,0,,RPPOMLNLKHMFFDQ09CA
дЇдW╢m,й╨жa(дgжa+л╪кл),╣┼╕q┐ддЇдW╢m╝eдhз°▒Tдl└Y1~30╕╣,103.16,,╢mз°░╧,дA║╪л╪┐vе╬жa,1060201,дgжa1л╪кл1иожь0,е■,дT╝h,│zд╤нэ,жэоaе╬,┐√╡м▓V╛одgе[▒j┐j│y,0690126,127.6,4,3,3,ж│,╡L,4050000,31740,,0.0,0,,RPQOMLNLKHMFFDQ56CA
дЇдW╢m,й╨жa(дgжa+л╪кл),╣┼╕q┐ддЇдW╢m╝eдhз°▒Tдl└Y1~30╕╣,88.69,,д@пы╣A╖~░╧,╣Aкке╬жa,1060101,дgжa1л╪кл1иожь0,д@╝hбAдG╝hбA├M╝╙,дG╝h,╣Aк┘,╣Aк┘,е[▒j┐j│y,0690701,142.6,2,1,2,ж│,╡L,3300000,,,0.0,0,,RPRNMLOLKHMFFDQ66CA
д╙лOел,й╨жa(дgжa+л╪кл),╣┼╕q┐дд╙лOел│┬╝dи╜е_┤ф╕ЇдGмq403л╤241~270╕╣,84.93,жэ,,,1060101,дgжa1л╪кл1иожь0,е■,е|╝h,│zд╤нэ,игифеL╡n░Oи╞╢╡,┐√╡м▓V╛одg│y,0820109,167.49,4,3,4,ж│,╡L,4200000,25076,,0.0,0,,RPWNMLOKLHMFFDQ17CA
▒Ўдs╢m,дgжa,мьдlкLмq1~30жa╕╣,13.0,,дsйYжaлOи|░╧,д■║╪л╪┐vе╬жa,1051201,дgжa1л╪кл0иожь0,,,ифеL,,,,0.0,0,0,0,ж│,╡L,27000,2077,,0.0,0,ифеLпSоэ├ЎлY╢бдзецйЎбC╖ю╣sжaй╬ж│жXи╓и╧е╬дзецйЎбCж│е┴▒бн╖лUж]п└дзецйЎбC,RPPNMLNLKHMFFEQ09CA
▒Ўдs╢m,дgжa,мьдlкLмq1~30жa╕╣,62.0,,дsйYжaлOи|░╧,д■║╪л╪┐vе╬жa,1051201,дgжa1л╪кл0иожь0,,,ифеL,,,,0.0,0,0,0,ж│,╡L,126000,2032,,0.0,0,ифеLпSоэ├ЎлY╢бдзецйЎбC╖ю╣sжaй╬ж│жXи╓и╧е╬дзецйЎбCж│е┴▒бн╖лUж]п└дзецйЎбC,RPQNMLNLKHMFFEQ56CA
ж╦▒T╢m,й╨жa(дgжa+л╪кл),╣┼╕q┐дж╦▒T╢mк@енз°7╛F│╗оH91~120╕╣,70.04,,д@пы╣A╖~░╧,д■║╪л╪┐vе╬жa,1051201,дgжa1л╪кл1иожь0,е■,дG╝h,│zд╤нэ,жэоaе╬,┐√╡м▓V╛одgе[▒j┐j│y,0680715,90.76,3,2,2,ж│,╡L,1450000,15976,,0.0,0,,RPRNMLNJLHMFFEQ56CA
▒Ўдs╢m,й╨жa(дgжa+л╪кл),╣┼╕q┐д▒Ўдs╢mжш║a╡є17л╤1~30╕╣,112.5,жэ,,,1060201,дgжa1л╪кл1иожь0,е■,дT╝h,│zд╤нэ,жэоaе╬,┐√╡м▓V╛одg│y,0850720,181.4,4,2,3,ж│,╡L,3100000,17089,,0.0,0,╗∙кўзtд║│б│беў│]│╞,RPTNMLKLKHMFFEQ56CA
ж╡дlел,й╨жa(дgжa+л╪кл),╣┼╕q┐дж╡дlелдs│q╕Ї1~30╕╣,17.28,жэ,,,1051201,дgжa2л╪кл1иожь0,дT╝h,дQдG╝h,жэжvдj╝╙(11╝hзtеHдWж│╣q▒ш),жэоaе╬,┐√╡м▓V╛одg│y,0830910,85.33,3,2,2,ж│,ж│,2600000,30470,,0.0,0,,RPQNMLLLKHMFFBQ78DA
╖s┤ф╢m,дgжa,е├║╓мq661~690жa╕╣,331.0,жэ,,,1060101,дgжa2л╪кл0иожь0,,,ифеL,,,,0.0,0,0,0,ж│,╡L,3803800,11492,,0.0,0,,RPQNMLLLKHMFFCQ88DA
е┴╢п╢m,й╨жa(дgжa+л╪кл),╣┼╕q┐де┴╢п╢m║╓╝╓з°38╛Fе·й·дG╡є241~270╕╣,80.0,жэ,,,1060101,дgжa1л╪кл1иожь0,е■,дT╝h,│zд╤нэ,жэ░╙е╬,┐√╡м▓V╛одg│y,0820304,151.51,4,2,3,ж│,╡L,3700000,24421,,0.0,0,,RPUNMLOLKHMFFCQ96DA
д╙лOел,й╨жa(дgжa+л╪кл),╣┼╕q┐дд╙лOеле_┤ф╕ЇдGмq429л╤200з╦1~30╕╣,105.94,жэ,,,1060201,дgжa2л╪кл1иожь0,е■,дT╝h,│zд╤нэ,игифеL╡n░Oи╞╢╡,┐√╡м▓V╛одg│y,1041016,167.25,4,2,3,ж│,╡L,5700000,34081,,0.0,0,,RPSNMLMLKHMFFDQ66DA
д╙лOел,й╨жa(дgжa+л╪кл),╣┼╕q┐дд╙лOеле_┤ф╕ЇдGмq429л╤200з╦1~30╕╣,104.94,жэ,,,1060101,дgжa2л╪кл1иожь0,е■,дT╝h,│zд╤нэ,игифеL╡n░Oи╞╢╡,┐√╡м▓V╛одg│y,1041016,167.25,4,2,3,ж│,╡L,5700000,34081,,0.0,0,,RPUNMLMLKHMFFDQ86DA
ддоH╢m,дgжa,е█ОЎмq31~60жa╕╣,1479.0,,дsйYжaлOи|░╧,╣Aкке╬жa,1051201,дgжa2л╪кл0иожь0,,,ифеL,,,,0.0,0,0,0,ж│,╡L,350000,237,,0.0,0,лц╢Rлц╜цбC,RPVNMLNLKHMFFDQ07DA
╖╦дf╢m,дgжa,мhдl╖╛мqмhд@дpмq211~240жa╕╣,2010.7,,пSйw╣A╖~░╧,╣Aкке╬жa,1060201,дgжa1л╪кл0иожь0,,,ифеL,,,,0.0,0,0,0,ж│,╡L,2563600,1275,,0.0,0,,RPTNMLPKLHMFFCQ86CA
дЇдW╢m,й╨жa(дgжa+л╪кл),╣┼╕q┐ддЇдW╢mй▒┐│╡є95л╤1~30╕╣,105.7,жэ,,,1060101,дgжa2л╪кл1иожь0,е■,дT╝h,│zд╤нэ,жэоaе╬,┐√╡м▓V╛одg│y,1050802,181.53,4,3,3,ж│,╡L,6680000,36798,,0.0,0,,RPQNMLQJLHMFFDQ66CA
д╙лOел,й╨жa(дgжa+л╪кл),╣┼╕q┐дд╙лOел╣L╖╛и╜│┬д╙╕Ї137л╤1~30╕╣,115.64,жэ,,,1060201,дgжa2л╪кл1иожь0,е■,дT╝h,│zд╤нэ,игифеL╡n░Oи╞╢╡,┐√╡м▓V╛одg│y,1051117,171.1,5,2,5,ж│,╡L,6000000,35067,,0.0,0,,RPQOMLLLKHMFFDQ98CA
д╙лOел,й╨жa(дgжa+л╪кл),╣┼╕q┐дд╙лOел╣L╖╛и╜│┬д╙╕Ї137л╤1~30╕╣,114.64,жэ,,,1060201,дgжa2л╪кл1иожь0,е■,дT╝h,│zд╤нэ,игифеL╡n░Oи╞╢╡,┐√╡м▓V╛одg│y,1051117,173.52,5,2,4,ж│,╡L,5800000,33426,,0.0,0,,RPROMLLLKHMFFDQ09CA
д╙лOел,й╨жa(дgжa+л╪кл),╣┼╕q┐дд╙лOел╣L╖╛и╜│┬д╙╕Ї137л╤1~30╕╣,114.64,жэ,,,1060201,дgжa2л╪кл1иожь0,е■,дT╝h,│zд╤нэ,игифеL╡n░Oи╞╢╡,┐√╡м▓V╛одg│y,1051117,170.69,5,2,5,ж│,╡L,6080000,35620,,0.0,0,,RPSOMLLLKHMFFDQ56CA
д╙лOел,й╨жa(дgжa+л╪кл),╣┼╕q┐дд╙лOел╣L╖╛и╜│┬д╙╕Ї137л╤1~30╕╣,145.64,жэ,,,1060201,дgжa2л╪кл1иожь0,е■,дT╝h,│zд╤нэ,игифеL╡n░Oи╞╢╡,┐√╡м▓V╛одg│y,1051117,171.28,5,2,5,ж│,╡L,6360000,37132,,0.0,0,,RPTOMLLLKHMFFDQ66CA
дЇдW╢m,дgжa,д√╕YоHмq181~210жa╕╣,11441.0,,д@пы╣A╖~░╧,╣Aкке╬жa,1060201,дgжa2л╪кл0иожь0,,,ифеL,,,,0.0,0,0,0,ж│,╡L,4500000,393,,0.0,0,,RPSNMLNLKHMFFDQ66CA
д╙лOел,й╨жa(дgжa+л╪кл),╣┼╕q┐дд╙лOел╣L╖╛и╜│┬д╙╕Ї137л╤1~30╕╣,115.64,жэ,,,1060201,дgжa2л╪кл1иожь0,е■,дT╝h,│zд╤нэ,игифеL╡n░Oи╞╢╡,┐√╡м▓V╛одg│y,1051117,171.22,4,2,4,ж│,╡L,5900000,34459,,0.0,0,,RPOOMLLLKHMFFDQ78CA
е┴╢п╢m,й╨жa(дgжa+л╪кл),╣┼╕q┐де┴╢п╢m░ёид61~90╕╣,99.37,жэ,,,1051201,дgжa2л╪кл1иожь0,е■,дT╝h,│zд╤нэ,игифеL╡n░Oи╞╢╡,┐√╡м▓V╛одg│y,1050817,174.34,4,2,5,ж│,╡L,6780000,38890,,0.0,0,,RPWNMLNKLHMFFCQ96CA
дjкL┬э,й╨жa(дgжa+л╪кл),╣┼╕q┐ддjкL┬эенкLи╜17╛F▓°╖q╕Ї176л╤1~30╕╣,36.42,жэ,,,1060201,дgжa5л╪кл2иожь0,дн╝h,дн╝h,д╜┤J(5╝╙зtеHдU╡L╣q▒ш),жэоaе╬,┐√╡м▓V╛одg│y,0720312,71.73,3,2,2,ж│,╡L,1050000,14636,,0.0,0,,RPSNMLTJLHMFFCQ07CA
кFе█╢m,дgжa,┤Єй│мq┤Єй│дpмq121~150жa╕╣,283.5,,╢mз°░╧,дA║╪л╪┐vе╬жa,1060201,дgжa1л╪кл0иожь0,,,ифеL,,,,0.0,0,0,0,ж│,╡L,1160000,4092,,0.0,0,,RPPNMLMLKHMFFBQ68CA
е┴╢п╢m,й╨жa(дgжa+л╪кл),╣┼╕q┐де┴╢п╢m║╓╝╓з°л╪░ъ╕ЇдTмq181~210╕╣,61.39,░╙,,,1060101,дgжa1л╪кл1иожь0,е■,дG╝h,│zд╤нэ,жэ░╙е╬,┐√╡м▓V╛одgе[▒j┐j│y,0660429,95.29,3,2,2,ж│,╡L,4580000,48064,,0.0,0,,RPPNMLMLKHMFFCQ78CA
ж╡дlел,й╨жa(дgжa+л╪кл),╣┼╕q┐дж╡дlелжN▓╗дC╡є61~90╕╣,6.74,жэ,,,1060201,дgжa1л╪кл1иожь0,е|╝h,дн╝h,оMй╨(1й╨1╞U1╜├),жэоaе╬,┐√╡м▓V╛одg│y,0940103,22.700000000000003,1,0,1,ж│,╡L,500000,22026,,0.0,0,,RPTNMLKLKHMFFBQ88CA
е┴╢п╢m,дgжa,е┴┐│мq271~300жa╕╣,517.13,ифеL,,,1051201,дgжa8л╪кл0иожь0,,,ифеL,,,,0.0,0,0,0,ж│,╡L,9722834,18802,,0.0,0,иє─│╗∙┴╩,RPPNMLOKLHMFFCQ56EA
дЇдW╢m,дgжa,дд╔▄мq1471~1500жa╕╣,122.73,,╢mз°░╧,дA║╪л╪┐vе╬жa,1051201,дgжa2л╪кл0иожь0,,,ифеL,,,,0.0,0,0,0,ж│,╡L,2600000,21185,,0.0,0,зt╝Wл╪й╬е╝╡n░Oл╪клбC,RPRNMLRJLHMFFDQ07EA
е┴╢п╢m,й╨жa(дgжa+л╪кл),╣┼╕q┐де┴╢п╢m?║╓з°11╛F?║╓61~90╕╣,107.08,жэ,,,1051201,дgжa1л╪кл1иожь0,е■,дT╝h,│zд╤нэ,жэ░╙е╬,┐√╡м▓V╛одg│y,0811007,156.93,5,1,3,ж│,╡L,2000000,12745,,0.0,0,,RPWNMLLJLHMFFCQ76DA
╖╦дf╢m,дgжa,╖╦кFмq571~600жa╕╣,129.78,жэ,,,1060201,дgжa2л╪кл0иожь0,,,ифеL,,,,0.0,0,0,0,ж│,╡L,4029000,31045,,0.0,0,,RPSNMLMJLHMFFCQ56EA
ж╡дlел,й╨жa(дgжa+л╪кл),╣┼╕q┐дж╡дlелдхй·лn╕Ї50л╤22з╦1~30╕╣,63.0,жэ,,,1060101,дgжa1л╪кл1иожь0,е■,дT╝h,│zд╤нэ,жэоaе╬,┐√╡м▓V╛одgе[▒j┐j│y,0730526,116.2,4,1,1,ж│,╡L,3000000,25818,,0.0,0,,RPPNMLLLKHMFFBQ58CA
е┴╢п╢m,й╨жa(дgжa+л╪кл),╣┼╕q┐де┴╢п╢m║╓╝╓з°░ёид391~420╕╣,78.24,жэ,,,1060201,дgжa1л╪кл1иожь0,е■,дT╝h,│zд╤нэ,жэ░╙е╬,┐√╡м▓V╛одg│y,0821012,167.52,4,2,2,ж│,╡L,4800000,28653,,0.0,0,,RPPNMLNJLHMFFCQ78CA
╖╦дf╢m,дgжa,│╗йWмqдUйWдpмq571~600жa╕╣,918.0,,пSйw╣A╖~░╧,╣Aкке╬жa,1060201,дgжa1л╪кл0иожь0,,,ифеL,,,,0.0,0,0,0,ж│,╡L,1101600,1200,,0.0,0,,RPQNMLOLKHMFFCQ09CA
╖╦дf╢m,дgжa,дW▒[мqмhдGдpмq61~90жa╕╣,2519.0,,пSйw╣A╖~░╧,╣Aкке╬жa,1060201,дgжa1л╪кл0иожь0,,,ифеL,,,,0.0,0,0,0,ж│,╡L,2920000,1159,,0.0,0,,RPRNMLOLKHMFFCQ56CA
е┴╢п╢m,й╨жa(дgжa+л╪кл),╣┼╕q┐де┴╢п╢m░ёид61~90╕╣,99.37,жэ,,,1051201,дgжa2л╪кл1иожь0,е■,дT╝h,│zд╤нэ,игифеL╡n░Oи╞╢╡,┐√╡м▓V╛одg│y,1050817,191.96,4,2,5,ж│,╡L,7010000,36518,,0.0,0,,RPXNMLNKLHMFFCQ07CA
е┴╢п╢m,й╨жa(дgжa+л╪кл),╣┼╕q┐де┴╢п╢m░ёид61~90╕╣,99.37,жэ,,,1051201,дgжa2л╪кл1иожь0,е■,дT╝h,│zд╤нэ,игифеL╡n░Oи╞╢╡,┐√╡м▓V╛одg│y,1050817,191.96,4,2,5,ж│,╡L,7000000,36466,,0.0,0,дг░╩▓гдзж@ж│дH╝╞м░в▒дH,RPOOMLNKLHMFFCQ88CA
е┴╢п╢m,й╨жa(дgжa+л╪кл),╣┼╕q┐де┴╢п╢m░ёид61~90╕╣,99.37,жэ,,,1051201,дgжa2л╪кл1иожь0,е■,дT╝h,│zд╤нэ,игифеL╡n░Oи╞╢╡,┐√╡м▓V╛одg│y,1050817,191.96,4,2,5,ж│,╡L,6920000,36049,,0.0,0,,RPPOMLNKLHMFFCQ98CA
е┴╢п╢m,й╨жa(дgжa+л╪кл),╣┼╕q┐де┴╢п╢m░ёид61~90╕╣,141.12,жэ,,,1051201,дgжa2л╪кл1иожь0,е■,дT╝h,│zд╤нэ,игифеL╡n░Oи╞╢╡,┐√╡м▓V╛одg│y,1050817,215.23,5,2,5,ж│,╡L,8500000,39493,,0.0,0,,RPQOMLNKLHMFFCQ09CA
е┴╢п╢m,й╨жa(дgжa+л╪кл),╣┼╕q┐де┴╢п╢m░ёид61~90╕╣,121.11,жэ,,,1051201,дgжa2л╪кл1иожь0,е■,дT╝h,│zд╤нэ,игифеL╡n░Oи╞╢╡,┐√╡м▓V╛одg│y,1050817,216.26,5,2,5,ж│,╡L,8600000,39767,,0.0,0,дг░╩▓гдзж@ж│дH╝╞м░в▒дH,RPROMLNKLHMFFCQ56CA
е┴╢п╢m,й╨жa(дgжa+л╪кл),╣┼╕q┐де┴╢п╢m░ёид61~90╕╣,121.7,жэ,,,1051201,дgжa2л╪кл1иожь0,е■,дT╝h,│zд╤нэ,игифеL╡n░Oи╞╢╡,┐√╡м▓V╛одg│y,1050817,235.72,4,2,5,ж│,╡L,8600000,36484,,0.0,0,,RPSOMLNKLHMFFCQ66CA
д╙лOел,дgжa,▓╗йMмq991~1020жa╕╣,67.14,жэ,,,1060201,дgжa3л╪кл0иожь0,,,ифеL,,,,0.0,0,0,0,ж│,╡L,700000,10426,,0.0,0,,RPQNMLLLKHMFFDQ88CA
е┴╢п╢m,й╨жa(дgжa+л╪кл),╣┼╕q┐де┴╢п╢mе_дцз°е_╢╒дl331~360╕╣,101.0,жэ,,,1060101,дgжa1л╪кл1иожь0,е■,дG╝h,│zд╤нэ,жэоaе╬,┐√╡м▓V╛одgе[▒j┐j│y,0700401,111.56,3,3,2,ж│,╡L,2000000,17928,,0.0,0,,RPQNMLLJLHMFFCQ68CA
е┴╢п╢m,дgжa,иqкLмq1141~1170жa╕╣,1436.37,,д@пы╣A╖~░╧,дB║╪л╪┐vе╬жa,1051201,дgжa1л╪кл0иожь0,,,ифеL,,,,0.0,0,0,0,ж│,╡L,21800000,15177,,0.0,0,,RPQPMLNKLHMFFCQ56CA
д╙лOел,й╨жa(дgжa+л╪кл),╣┼╕q┐дд╙лOелжwдпи╜│╗┤фдlсY31~60╕╣,8.07,,╢mз°░╧,дA║╪л╪┐vе╬жa,1060201,дgжa2л╪кл1иожь0,д@╝h,дн╝h,оMй╨(1й╨1╞U1╜├),игифеL╡n░Oи╞╢╡,┐√╡м▓V╛одg│y,0940815,23.34,1,1,1,ж│,ж│,500000,21422,,0.0,0,,RPXNMLMLKHMFFDQ07CA
ддоH╢m,й╨жa(дgжa+л╪кл),╣┼╕q┐дддоH╢m┤Iжмз°┐│д╞?1~30╕╣,110.96,,╢mз°░╧,дA║╪л╪┐vе╬жa,1060101,дgжa2л╪кл1иожь0,е■,дT╝h,│zд╤нэ,жэоaе╬,┐√╡м▓V╛одg│y,0931103,120.13,3,2,2,ж│,╡L,2600000,21643,,0.0,0,,RPVNMLMLKHMFFDQ86CA
дЇдW╢m,й╨жa(дgжa+л╪кл),╣┼╕q┐ддЇдW╢mй▒┐│╡є95л╤1~30╕╣,99.81,жэ,,,1060101,дgжa2л╪кл1иожь0,е■,дT╝h,│zд╤нэ,жэоaе╬,┐√╡м▓V╛одg│y,1050802,171.79,4,3,3,ж│,╡L,6500000,37837,,0.0,0,,RPRNMLQJLHMFFDQ76CA
дЇдW╢m,й╨жa(дgжa+л╪кл),╣┼╕q┐ддЇдW╢mй▒┐│╡є95л╤1~30╕╣,99.37,жэ,,,1060101,дgжa2л╪кл1иожь0,е■,дT╝h,│zд╤нэ,жэоaе╬,┐√╡м▓V╛одg│y,1050802,171.79,4,3,3,ж│,╡L,6380000,37138,,0.0,0,,RPSNMLQJLHMFFDQ86CA
дЇдW╢m,й╨жa(дgжa+л╪кл),╣┼╕q┐ддЇдW╢mй▒┐│╡є95л╤1~30╕╣,98.92,жэ,,,1060101,дgжa2л╪кл1иожь0,е■,дT╝h,│zд╤нэ,жэоaе╬,┐√╡м▓V╛одg│y,1050802,171.79,3,3,3,ж│,╡L,6380000,37138,,0.0,0,,RPTNMLQJLHMFFDQ96CA
▒Ўдs╢m,дgжa,┬∙╖╦мq151~180жa╕╣,7198.0,,дsйYжaлOи|░╧,╣Aкке╬жa,1051201,дgжa1л╪кл0иожь0,,,ифеL,,,,0.0,0,0,0,ж│,╡L,4850000,674,,0.0,0,╗∙кўзtжaдWкл,RPSNMLMLKHMFFEQ66CA
дЇдW╢m,й╨жa(дgжa+л╪кл),╣┼╕q┐ддЇдW╢mдд╔▄з°дд╔▄1~30╕╣,546.42,,пSйw╣A╖~░╧,е╥║╪л╪┐vе╬жa,1060101,дgжa1л╪кл1иожь0,е■,д@╝h,│zд╤нэ,жэоaе╬,игифеL╡n░Oи╞╢╡,0730810,163.8,0,0,0,╡L,╡L,4300000,26252,,0.0,0,,RPRNMLPKLHMFFDQ76CA
д╙лOел,й╨жa(дgжa+л╪кл),╣┼╕q┐дд╙лOелдддs╕Їд@мq228л╤19з╦1~30╕╣,10.63,жэ,,,1060201,дgжa1л╪кл1иожь0,д╗╝h,дE╝h,оMй╨(1й╨1╞U1╜├),игифеL╡n░Oи╞╢╡,┐√╡м▓V╛одg│y,0821006,50.85,1,1,1,ж│,ж│,700000,13766,,0.0,0,,RPPNMLLKLHMFFDQ78CA
дЇдW╢m,й╨жa(дgжa+л╪кл),╣┼╕q┐ддЇдW╢mе┴е═з°е▀╖~╡є1л╤1~30╕╣,59.52,,╢mз°░╧,дA║╪л╪┐vе╬жa,1051201,дgжa1л╪кл1иожь0,е■,дG╝h,│zд╤нэ,жэоaе╬,┐√╡м▓V╛одgе[▒j┐j│y,0771207,91.6,4,2,2,ж│,╡L,3800000,41485,,0.0,0,,RPSNMLQKLHMFFDQ96CA
ж╦▒T╢m,дgжa,ж╦▒Tмq541~570жa╕╣,6925.0,,дsйYжaлOи|░╧,╣Aкке╬жa,1060101,дgжa1л╪кл0иожь0,,,ифеL,,,,0.0,0,0,0,ж│,╡L,5700000,823,,0.0,0,,RPRNMLNLKHMFFEQ66CA
дЇдW╢m,й╨жa(дgжa+л╪кл),╣┼╕q┐ддЇдW╢mй▒┐│╡є95л╤1~30╕╣,98.48,жэ,,,1060101,дgжa2л╪кл1иожь0,е■,дT╝h,│zд╤нэ,жэоaе╬,┐√╡м▓V╛одg│y,1050802,172.86,3,3,3,ж│,╡L,6500000,37603,,0.0,0,,RPVNMLQJLHMFFDQ17CA
дЇдW╢m,дgжa,лn╣tмqлnйMдpмq1591~1620жa╕╣,3611.0,,пSйw╣A╖~░╧,╣Aкке╬жa,1060101,дgжa1л╪кл0иожь0,,,ифеL,,,,0.0,0,0,0,ж│,╡L,3820000,1058,,0.0,0,,RPQNMLOLKHMFFDQ56CA
д╙лOел,й╨жa(дgжa+л╪кл),╣┼╕q┐дд╙лOелжwдпи╜│╗┤фдlсY31~60╕╣,8.28,,╢mз°░╧,дA║╪л╪┐vе╬жa,1060101,дgжa1л╪кл1иожь0,дG╝h,дн╝h,оMй╨(1й╨1╞U1╜├),игифеL╡n░Oи╞╢╡,┐√╡м▓V╛одg│y,0930609,17.0,0,0,0,╡L,╡L,350000,20588,,0.0,0,,RPRNMLNLKHMFFDQ56CA
е┴╢п╢m,й╨жa(дgжa+л╪кл),╣┼╕q┐де┴╢п╢m░ёид61~90╕╣,106.95,жэ,,,1051201,дgжa1л╪кл1иожь0,е■,дT╝h,│zд╤нэ,игифеL╡n░Oи╞╢╡,┐√╡м▓V╛одg│y,1050817,190.67,4,2,5,ж│,╡L,7700000,40384,,0.0,0,,RPTOMLNKLHMFFCQ76CA
е┴╢п╢m,й╨жa(дgжa+л╪кл),╣┼╕q┐де┴╢п╢m░ёид61~90╕╣,106.28,жэ,,,1051201,дgжa1л╪кл1иожь0,е■,дT╝h,│zд╤нэ,игифеL╡n░Oи╞╢╡,┐√╡м▓V╛одg│y,1050817,208.07,4,2,5,ж│,╡L,8300000,39890,,0.0,0,,RPUOMLNKLHMFFCQ86CA
е┴╢п╢m,й╨жa(дgжa+л╪кл),╣┼╕q┐де┴╢п╢m░ёид61~90╕╣,108.68,жэ,,,1051201,дgжa1л╪кл1иожь0,е■,дT╝h,│zд╤нэ,игифеL╡n░Oи╞╢╡,┐√╡м▓V╛одg│y,1050817,193.76,4,2,5,ж│,╡L,7680000,39637,,0.0,0,,RPVOMLNKLHMFFCQ96CA
е┴╢п╢m,й╨жa(дgжa+л╪кл),╣┼╕q┐де┴╢п╢m░ёид61~90╕╣,99.37,жэ,,,1051201,дgжa2л╪кл1иожь0,е■,дT╝h,│zд╤нэ,игифеL╡n░Oи╞╢╡,┐√╡м▓V╛одg│y,1050817,174.34,4,2,5,ж│,╡L,6600000,37857,,0.0,0,,RPWOMLNKLHMFFCQ07CA
дjкL┬э,дgжa,╛Їдl└Yмq541~570жa╕╣,1970.0,,пSйw╣A╖~░╧,╣Aкке╬жa,1060201,дgжa1л╪кл0иожь0,,,ифеL,,,,0.0,0,0,0,ж│,╡L,3841500,1950,,0.0,0,,RPSNMLOLKHMFFCQ66CA
дjкL┬э,дgжa,╛Їдl└Yмq451~480жa╕╣,2500.0,,пSйw╣A╖~░╧,╣Aкке╬жa,1060201,дgжa1л╪кл0иожь0,,,ифеL,,,,0.0,0,0,0,ж│,╡L,3750000,1500,,0.0,0,,RPTNMLMLKHMFFCQ56CA
╖s┤ф╢m,дgжa,еjе┴мq╖sе┴дpмq31~60жa╕╣,1155.0,,пSйw╣A╖~░╧,╣Aкке╬жa,1060101,дgжa1л╪кл0иожь0,,,ифеL,,,,0.0,0,0,0,ж│,╡L,1800000,1558,,0.0,0,,RPSNMLNLKHMFFCQ56CA
дjкL┬э,дgжa,кFкLмq331~360жa╕╣,124.03,жэ,,,1060201,дgжa1л╪кл0иожь0,,,ифеL,,,,0.0,0,0,0,ж│,╡L,900000,7256,,0.0,0,┐╦д═бBн√дuй╬ифеLпSоэ├ЎлY╢бдзецйЎбCзt╝Wл╪й╬е╝╡n░Oл╪клбC,RPUNMLNLKHMFFCQ76CA
е┴╢п╢m,й╨жa(дgжa+л╪кл)+иожь,╣┼╕q┐де┴╢п╢mе_дцз°17╛F╖sе┐дн╡є61~90╕╣,47.23,,╢mз°░╧,дA║╪л╪┐vе╬жa,1060101,дgжa1л╪кл1иожь1,дн╝h,дн╝h,╡╪╖H(10╝hзtеHдUж│╣q▒ш),игифеL╡n░Oи╞╢╡,┐√╡м▓V╛одg│y,0910725,100.04,3,2,2,ж│,ж│,2220000,22191,ифеL,0.0,0,,RPQNMLMLKHMFFCQ88CA
ж╡дlел,дgжa,╖s╝dмq571~600жa╕╣,2348.86,╣A,,,1060201,дgжa1л╪кл0иожь0,,,ифеL,,,,0.0,0,0,0,ж│,╡L,17000000,7238,,0.0,0,зtе╝лOжsл╪кл,RPQNMLMLKHMFFBQ78CA
╕qж╦╢m,дgжa,╖sй▒мq1951~1980жa╕╣,12970.0,,д@пы╣A╖~░╧,╣Aкке╬жa,1060201,дgжa9л╪кл0иожь0,,,ифеL,,,,0.0,0,0,0,ж│,╡L,6095900,470,,0.0,0,,RPTNMLMLKHMFFBQ09CA
ддоH╢m,дgжa,е█ОЎмq361~390жa╕╣,51597.5,,дsйYжaлOи|░╧,кL╖~е╬жa,1060101,дgжa10л╪кл0иожь0,,,ифеL,,,,0.0,0,0,0,ж│,╡L,6000000,116,,0.0,0,,RPQNMLMLKHMFFDQ09DA
╖╦дf╢m,дgжa,╖╦дfмqлс┤фдpмq511~540жa╕╣,1702.0,,пSйw╣A╖~░╧,╣Aкке╬жa,1060101,дgжa1л╪кл0иожь0,,,ифеL,,,,0.0,0,0,0,ж│,╡L,1600000,940,,0.0,0,┐╦д═бBн√дuй╬ифеLпSоэ├ЎлY╢бдзецйЎбC,RPVNMLOLKHMFFCQ17EA
е┴╢п╢m,й╨жa(дgжa+л╪кл),╣┼╕q┐де┴╢п╢mдх╢йз°дs╕}1~30╕╣,89.93,жэ,,,1060101,дgжa1л╪кл1иожь0,е■,дT╝h,│zд╤нэ,жэ░╙е╬,┐√╡м▓V╛одg│y,0821116,186.59,5,2,3,ж│,╡L,3500000,18758,,0.0,0,,RPRNMLMLKHMFFCQ56EA
дjкL┬э,дgжa,╖s┐│мq391~420жa╕╣,248.14,жэ,,,1060101,дgжa4л╪кл0иожь0,,,ифеL,,,,0.0,0,0,0,ж│,╡L,3000000,12090,,0.0,0,,RPQNMLMLLHMFFCQ09DA
д╗╕}╢m,дgжa,ж╦дl╕}мqж╦╣┼дpмq181~210жa╕╣,2247.0,,пSйw╣A╖~░╧,╣Aкке╬жa,1060201,дgжa1л╪кл0иожь0,,,ифеL,,,,0.0,0,0,0,ж│,╡L,1258320,560,,0.0,0,,RPPNMLNLKHMFFBQ78CA
ж╡дlел,дgжa,╖s╝dмq571~600жa╕╣,391.48,╣A,,,1060201,дgжa1л╪кл0иожь0,,,ифеL,,,,0.0,0,0,0,ж│,╡L,2300000,5875,,0.0,0,,RPQNMLNLKHMFFBQ88CA
дjкL┬э,й╨жa(дgжa+л╪кл),╣┼╕q┐ддjкL┬эдTйMи╜дд┐│╕ЇдGмq331~360╕╣,58.44,,╢mз°░╧,дA║╪л╪┐vе╬жa,1051101,дgжa1л╪кл1иожь0,е■,е|╝h,│zд╤нэ,жэ░╙е╬,┐√╡м▓V╛одg│y,0840703,184.93,4,2,3,ж│,╡L,4800000,25956,,0.0,0,,RPSNMLMLKHMFFCQ09CA
ж╡дlел,й╨жa(дgжa+л╪кл),╣┼╕q┐дж╡дlелдTжw╕Ї77л╤53з╦1~30╕╣,82.0,жэ,,,1060101,дgжa1л╪кл1иожь0,е■,дT╝h,│zд╤нэ,игифеL╡n░Oи╞╢╡,┐√╡м▓V╛одg│y,1050427,163.02,4,3,4,ж│,╡L,7900000,48460,,0.0,0,,RPPNMLOJLHMFFBQ78CA
ж╡дlел,дgжa,зdж╦дl╕}мq╝wоaдpмq1~30жa╕╣,2161.0,,пSйw╣A╖~░╧,дB║╪л╪┐vе╬жa,1060101,дgжa1л╪кл0иожь0,,,ифеL,,,,0.0,0,0,0,ж│,╡L,15360000,7108,,0.0,0,,RPPNMLLKLHMFFBQ58CA
ем│U┬э,й╨жa(дgжa+л╪кл),╣┼╕q┐дем│U┬эд║е╨1~30╕╣,100.08,жэ,,,1060101,дgжa1л╪кл1иожь0,е■,дG╝h,│zд╤нэ,жэ░╙е╬,е[▒j┐j│y,0691114,108.58,3,2,2,ж│,╡L,450000,4144,,0.0,0,┐╦д═бBн√дuй╬ифеLпSоэ├ЎлY╢бдзецйЎбC,RPQNMLNKLHMFFBQ88CA
дjкL┬э,й╨жa(дgжa+л╪кл),╣┼╕q┐ддjкL┬эенкLи╜е┴▒┌╕Ї189л╤1~30╕╣,86.02,жэ,,,1060101,дgжa1л╪кл1иожь0,е■,е|╝h,│zд╤нэ,игифеL╡n░Oи╞╢╡,┐√╡м▓V╛одg│y,1041113,218.76,5,2,4,ж│,╡L,7850000,35884,,0.0,0,,RPQNMLNLKHMFFCQ98CA
е┴╢п╢m,дgжa,│╗╝dмq│╗╝dдpмq541~570жa╕╣,53.0,,╢mз°░╧,дA║╪л╪┐vе╬жa,1060201,дgжa1л╪кл0иожь0,,,ифеL,,,,0.0,0,0,0,ж│,╡L,680000,12830,,0.0,0,,RPPNMLOJLHMFFCQ88CA
дЇдW╢m,дgжa,дTм╔оHмq61~90жa╕╣,500.0,,,,1060101,дgжa1л╪кл0иожь0,,,ифеL,,,,0.0,0,0,0,ж│,╡L,500000,1000,,0.0,0,,RPWNMLNLKHMFFDQ07CA
│└пє╢m,дgжa,дU╝цмqе·╝цдpмq751~780жa╕╣,4266.0,,пSйw╣A╖~░╧,╣Aкке╬жa,1060201,дgжa1л╪кл0иожь0,,,ифеL,,,,0.0,0,0,0,ж│,╡L,3924720,920,,0.0,0,,RPWNMLMLKHMFFDQ96CA
ддоH╢m,й╨жa(дgжa+л╪кл),╣┼╕q┐дддоH╢mйMм№з°е├╝╓╖sз°361~390╕╣,96.91,жэ,,,1060101,дgжa2л╪кл1иожь0,е■,дG╝h,│zд╤нэ,жэоaе╬,┐√╡м▓V╛одgе[▒j┐j│y,0691227,96.47,3,2,2,ж│,╡L,3650000,37836,,0.0,0,,RPWNMLLJLHMFFDQ76CA
дЇдW╢m,дgжa,╖s╡fдl╝dмq1381~1410жa╕╣,376.52,,пSйw╣A╖~░╧,ец│qе╬жa,1060101,дgжa2л╪кл0иожь0,,,ифеL,,,,0.0,0,0,0,ж│,╡L,1139498,3026,,0.0,0,иє─│╗∙┴╩,RPVOMLLJLHMFFDQ76CA
дЇдW╢m,дgжa,╖s╡fдl╝dмq1381~1410жa╕╣,235.11,,пSйw╣A╖~░╧,ец│qе╬жa,1060101,дgжa1л╪кл0иожь0,,,ифеL,,,,0.0,0,0,0,ж│,╡L,291536,1240,,0.0,0,иє─│╗∙┴╩,RPWOMLLJLHMFFDQ86CA
дЇдW╢m,дgжa,╖s╡fдl╝dмq1291~1320жa╕╣,25.13,,пSйw╣A╖~░╧,ец│qе╬жa,1060101,дgжa1л╪кл0иожь0,,,ифеL,,,,0.0,0,0,0,ж│,╡L,123388,4910,,0.0,0,иє─│╗∙┴╩,RPXOMLLJLHMFFDQ96CA
▒Ўдs╢m,дgжa,ж`└Yмq271~300жa╕╣,782.0,╣A,,,1051201,дgжa1л╪кл0иожь0,,,ифеL,,,,0.0,0,0,0,ж│,╡L,60000,77,,0.0,0,┐╦д═пSоэ├ЎлY╢бдзецйЎбC,RPSNMLRJLHMFFEQ07CA
▒Ўдs╢m,дgжa,дjйWмq601~630жa╕╣,424.0,,н╖┤║░╧,╣Aкке╬жa,1060201,дgжa1л╪кл0иожь0,,,ифеL,,,,0.0,0,0,0,ж│,╡L,3750000,8844,,0.0,0,,RPRNMLLJLHMFFEQ98CA
дjкL┬э,й╨жa(дgжa+л╪кл),╣┼╕q┐ддjкL┬эй·йMи╜жш║a╕Ї61~90╕╣,83.08,жэ,,,1060201,дgжa1л╪кл1иожь0,е■,дT╝h,│zд╤нэ,жэ░╙е╬,┐√╡м▓V╛одgе[▒j┐j│y,0700729,176.32,4,2,2,ж│,╡L,3100000,17582,,0.0,0,дG┐╦╡е╢R╜ц,RPVNMLLJLHMFFCQ66DA
кFе█╢m,дgжa,о▀дl▒[мqжш▒[дpмq151~180жa╕╣,416.04,,д@пы╣A╖~░╧,╣Aкке╬жa,1060101,дgжa1л╪кл0иожь0,,,ифеL,,,,0.0,0,0,0,ж│,╡L,216338,520,,0.0,0,┐╦д═бBн√дuй╬ифеLпSоэ├ЎлY╢бдзецйЎбC,RPPNMLMJLHMFFBQ68DA
дЇдW╢m,й╨жa(дgжa+л╪кл),╣┼╕q┐ддЇдW╢mе┴е═з°лH╕q╡є31~60╕╣,89.66,,╢mз°░╧,дA║╪л╪┐vе╬жa,1051201,дgжa1л╪кл1иожь0,е■,дG╝h,│zд╤нэ,жэоaе╬,┐√╡м▓V╛одgе[▒j┐j│y,0690701,95.7,2,1,2,ж│,╡L,724392,7569,,0.0,0,┐╦д═бBн√дuй╬ифеLпSоэ├ЎлY╢бдзецйЎбC,RPSNMLOLKHMFFDQ86DA
д╙лOел,дgжa,е_╖sмq661~690жa╕╣,112.34,жэ,,,1060201,дgжa1л╪кл0иожь0,,,ифеL,,,,0.0,0,0,0,ж│,╡L,1400000,12462,,0.0,0,,RPVNMLLJLHMFFDQ66CA
ж╦▒T╢m,дgжa,╜vнэ╝dмq211~240жa╕╣,1005.0,,┤╦кL░╧,╣Aкке╬жa,1060201,дgжa1л╪кл0иожь0,,,ифеL,,,,0.0,0,0,0,ж│,╡L,165000,164,,0.0,0,жь╕m░╛╗ўбA╡L╣яе~┴p╡╕╣D╕ЇбA─щдь┬Oе═бC,RPPNMLLJLHMFFEQ78CA
▒Ўдs╢m,дgжa,дjйWмq601~630жa╕╣,211.0,,н╖┤║░╧,ец│qе╬жa,1060201,дgжa1л╪кл0иожь0,,,ифеL,,,,0.0,0,0,0,ж│,╡L,765930,3630,,0.0,0,,RPQNMLLJLHMFFEQ88CA
д╙лOел,й╨жa(дgжa+л╪кл),╣┼╕q┐дд╙лOел│┬╝dи╜дTжX╕Ї313л╤1~30╕╣,107.01,жэ,,,1060201,дgжa3л╪кл1иожь0,е■,дT╝h,│zд╤нэ,жэоaе╬,┐√╡м▓V╛одg│y,1050819,170.95,4,2,3,ж│,╡L,5800000,33928,,0.0,0,,RPTNMLOLKHMFFDQ86CA
дЇдW╢m,дgжa,╖s╡fдl╝dмq1291~1320жa╕╣,25.13,,пSйw╣A╖~░╧,ец│qе╬жa,1060101,дgжa1л╪кл0иожь0,,,ифеL,,,,0.0,0,0,0,ж│,╡L,123388,4910,,0.0,0,иє─│╗∙┴╩,RPOPMLLJLHMFFDQ78CA
дЇдW╢m,дgжa,╖s╡fдl╝dмq1291~1320жa╕╣,50.26,,пSйw╣A╖~░╧,ец│qе╬жa,1060101,дgжa1л╪кл0иожь0,,,ифеL,,,,0.0,0,0,0,ж│,╡L,246777,4910,,0.0,0,иє─│╗∙┴╩,RPPPMLLJLHMFFDQ88CA
дЇдW╢m,дgжa,╖s╡fдl╝dмq1231~1260жa╕╣,64.7,,пSйw╣A╖~░╧,ец│qе╬жa,1060101,дgжa1л╪кл0иожь0,,,ифеL,,,,0.0,0,0,0,ж│,╡L,210275,3250,,0.0,0,иє─│╗∙┴╩,RPQPMLLJLHMFFDQ98CA
дЇдW╢m,дgжa,╖s╡fдl╝dмq1171~1200жa╕╣,103.48,,пSйw╣A╖~░╧,ец│qе╬жa,1060101,дgжa1л╪кл0иожь0,,,ифеL,,,,0.0,0,0,0,ж│,╡L,113825,1100,,0.0,0,иє─│╗∙┴╩,RPRPMLLJLHMFFDQ09CA
дЇдW╢m,дgжa,╖s╡fдl╝dмq1171~1200жa╕╣,230.98,,пSйw╣A╖~░╧,ец│qе╬жa,1060101,дgжa1л╪кл0иожь0,,,ифеL,,,,0.0,0,0,0,ж│,╡L,254078,1100,,0.0,0,иє─│╗∙┴╩,RPSPMLLJLHMFFDQ56CA
дЇдW╢m,дgжa,╖s╡fдl╝dмq1021~1050жa╕╣,2.9,,пSйw╣A╖~░╧,ец│qе╬жa,1060101,дgжa1л╪кл0иожь0,,,ифеL,,,,0.0,0,0,0,ж│,╡L,3193,1101,,0.0,0,иє─│╗∙┴╩,RPTPMLLJLHMFFDQ66CA
│└пє╢m,дgжa,кQдsмq301~330жa╕╣,425.31,,╢mз°░╧,дA║╪л╪┐vе╬жa,1060201,дgжa1л╪кл0иожь0,,,ифеL,,,,0.0,0,0,0,ж│,╡L,1050000,2469,,0.0,0,,RPPNMLOLKHMFFDQ09CA
е┴╢п╢m,й╨жa(дgжa+л╪кл),╣┼╕q┐де┴╢п╢mенйMз°оу└YеJ1~30╕╣,234.0,,пSйw╣A╖~░╧,е╥║╪л╪┐vе╬жa,1060101,дgжa1л╪кл1иожь0,е■,дT╝h,│zд╤нэ,игифеL╡n░Oи╞╢╡,┐√╡м▓V╛одg│y,1050129,222.18,4,2,4,ж│,╡L,6700000,30156,,0.0,0,,RPQNMLNJLHMFFCQ88CA
╖s┤ф╢m,дgжa,░ёдl└Yмq░ёдlдpмq331~360жa╕╣,1574.0,,пSйw╣A╖~░╧,╣Aкке╬жa,1060201,дgжa1л╪кл0иожь0,,,ифеL,,,,0.0,0,0,0,ж│,╡L,950000,604,,0.0,0,,RPPNMLMJLHMFFCQ68CA
╖s┤ф╢m,й╨жa(дgжa+л╪кл),╣┼╕q┐д╖s┤ф╢mдT╢бз°1╛F61~90╕╣,80.0,,д@пы╣A╖~░╧,е╥║╪л╪┐vе╬жa,1060201,дgжa1л╪кл1иожь0,е■,дG╝h,│zд╤нэ,жэоaе╬,┐√╡м▓V╛одgе[▒j┐j│y,0780331,101.65,3,2,2,ж│,╡L,1500000,14757,,0.0,0,,RPPNMLLJLHMFFCQ58CA
е┴╢п╢m,й╨жa(дgжa+л╪кл),╣┼╕q┐де┴╢п╢mдх╢йз°11╛F└nе└121~150╕╣,232.51,жэ,,,1060201,дgжa1л╪кл1иожь0,е■,дG╝h,│zд╤нэ,жэоaе╬,┐√╡м▓V╛одgе[▒j┐j│y,0721208,162.59,6,1,5,ж│,╡L,5300000,32597,,0.0,0,,RPVNMLSJLHMFFCQ27CA
ем│U┬э,дgжa,дWж┐дsмq811~840жa╕╣,282.54,,д@пы╣A╖~░╧,╣Aкке╬жa,1060201,дgжa2л╪кл0иожь0,,,ифеL,,,,0.0,0,0,0,ж│,╡L,188500,667,,0.0,0,,RPUNMLNKLHMFFBQ66CA
ж╡дlел,дgжa,д√мD╞WмqкQ▒Ўдpмq1261~1290жa╕╣,141.12,,╢mз°░╧,дA║╪л╪┐vе╬жa,1060201,дgжa1л╪кл0иожь0,,,ифеL,,,,0.0,0,0,0,ж│,╡L,900000,6378,,0.0,0,,RPSOMLNKLHMFFBQ56CA
ем│U┬э,й╨жa(дgжa+л╪кл),╣┼╕q┐дем│U┬эдWо№дG╡є1~30╕╣,154.62,жэ,,,1051201,дgжa1л╪кл1иожь0,е■,дT╝h,│zд╤нэ,жэ░╙е╬,┐√╡м▓V╛одg│y,0830118,399.08,5,2,3,ж│,╡L,8000000,20046,,0.0,0,,RPPNMLPKLHMFFBQ98CA
дЇдW╢m,дgжa,╖s╡fдl╝dмq1171~1200жa╕╣,209.86,,пSйw╣A╖~░╧,ец│qе╬жa,1060101,дgжa2л╪кл0иожь0,,,ифеL,,,,0.0,0,0,0,ж│,╡L,230844,1100,,0.0,0,иє─│╗∙┴╩,RPUPMLLJLHMFFDQ76CA
дЇдW╢m,дgжa,╖s╡fдl╝dмq1171~1200жa╕╣,344.17,,пSйw╣A╖~░╧,ец│qе╬жa,1060101,дgжa3л╪кл0иожь0,,,ифеL,,,,0.0,0,0,0,ж│,╡L,378590,1100,,0.0,0,иє─│╗∙┴╩,RPVPMLLJLHMFFDQ86CA
дЇдW╢m,дgжa,╖s╡fдl╝dмq1231~1260жa╕╣,619.73,,пSйw╣A╖~░╧,ец│qе╬жa,1060101,дgжa4л╪кл0иожь0,,,ифеL,,,,0.0,0,0,0,ж│,╡L,725499,1171,,0.0,0,иє─│╗∙┴╩,RPWPMLLJLHMFFDQ96CA
дЇдW╢m,дgжa,╖s╡fдl╝dмq1231~1260жa╕╣,304.01,,пSйw╣A╖~░╧,ец│qе╬жa,1060101,дgжa3л╪кл0иожь0,,,ифеL,,,,0.0,0,0,0,ж│,╡L,366075,1204,,0.0,0,иє─│╗∙┴╩,RPXPMLLJLHMFFDQ07CA
д╙лOел,дgжa,кF╢╒╝dмq271~300жa╕╣,256.48,жэ,,,1060201,дgжa3л╪кл0иожь0,,,ифеL,,,,0.0,0,0,0,ж│,╡L,1000000,3899,,0.0,0,,RPRNMLMJLHMFFDQ98CA
д╙лOел,й╨жa(дgжa+л╪кл),╣┼╕q┐дд╙лOелжwдпи╜│╗┤фдlсY31~60╕╣,7.73,,╢mз°░╧,дA║╪л╪┐vе╬жa,1060201,дgжa2л╪кл1иожь0,дG╝h,дн╝h,оMй╨(1й╨1╞U1╜├),игифеL╡n░Oи╞╢╡,┐√╡м▓V╛одg│y,0940815,22.21,1,1,1,ж│,ж│,450000,20261,,0.0,0,,RPUNMLOLKHMFFDQ96CA
дjоH╢m,й╨жa(дgжa+л╪кл),╣┼╕q┐ддjоH╢mдjоHз°дjоH211~240╕╣,71.4,жэ,,,1060201,дgжa1л╪кл1иожь0,е■,дT╝h,│zд╤нэ,жэоaе╬,е[▒j┐j│y,0600220,121.37,4,2,2,ж│,╡L,1880000,15490,,0.0,0,,RPQNMLLKLHMFFDQ88CA
│└пє╢m,дgжa,│╗╝цмq61~90жa╕╣,905.97,,д@пы╣A╖~░╧,╣Aкке╬жa,1060201,дgжa10л╪кл0иожь0,,,ифеL,,,,0.0,0,0,0,ж│,╡L,500000,552,,0.0,0,┐╦д═бBн√дuй╬ифеLпSоэ├ЎлY╢бдзецйЎбC,RPPNMLLJLHMFFDQ78DA
д╙лOел,й╨жa(дgжa+л╪кл),╣┼╕q┐дд╙лOеле_┤ф╕ЇдGмq429л╤200з╦1~30╕╣,104.94,жэ,,,1060201,дgжa2л╪кл1иожь0,е■,дT╝h,│zд╤нэ,игифеL╡n░Oи╞╢╡,┐√╡м▓V╛одg│y,1041016,167.3,4,2,3,ж│,╡L,5700000,34071,,0.0,0,,RPSNMLLJLHMFFDQ09DA
│└пє╢m,дgжa,лс╘│мqлс╘│дpмq151~180жa╕╣,2288.0,,пSйw╣A╖~░╧,╣Aкке╬жa,1060201,дgжa1л╪кл0иожь0,,,ифеL,,,,0.0,0,0,0,ж│,╡L,2400000,1049,,0.0,0,,RPTNMLLJLHMFFDQ56DA
ддоH╢m,дgжa,╕qдпмq301~330жa╕╣,1330.11,╣A,,,1060101,дgжa3л╪кл0иожь0,,,ифеL,,,,0.0,0,0,0,ж│,╡L,2050000,1541,,0.0,0,и№╢┼░╚╝v┼TдзецйЎбC,RPPNMLNJLHMFFDQ98DA
ж╡дlел,дgжa,лn╢╒ж╦мqлnж╦дpмq511~540жa╕╣,1539.0,,пSйw╣A╖~░╧,╣Aкке╬жa,1060201,дgжa1л╪кл0иожь0,,,ифеL,,,,0.0,0,0,0,ж│,╡L,1539000,1000,,0.0,0,,RPRNMLLJLHMFFBQ78DA
ж╦▒T╢m,дgжa,┬╨Рkкўмq181~210жa╕╣,182.0,,╢mз°░╧,дA║╪л╪┐vе╬жa,1051201,дgжa1л╪кл0иожь0,,,ифеL,,,,0.0,0,0,0,ж│,╡L,546000,3000,,0.0,0,┐╦д═бBн√дuй╬ифеLпSоэ├ЎлY╢бдзецйЎбC,RPQNMLNJLHMFFEQ66EA
